date,open,high,low,close,volume
2014-01-02,79.12774953920464,79.15486245538904,78.64872940329084,78.87467956542969,29177500
2014-01-03,78.87464374282116,78.94694941677484,78.28717910443119,78.30525207519531,35723700
2014-01-06,78.3233709539188,78.4137496436538,77.72685918985411,78.01607513427734,32073100
2014-01-07,78.37759122527338,78.85660445277443,78.23297981560054,78.7391128540039,25860600
2014-01-08,78.75714511798577,79.12770649211735,78.58542088163719,78.9107894897461,27197400
2014-01-09,79.20005403319912,79.20909397105979,78.37759896963696,78.64873504638672,23674700
2014-01-10,78.83853629125383,78.99218075183009,78.25106447060416,78.90180206298828,38008900
2014-01-13,78.79334605308004,79.06448902384612,77.437644990154,77.73590087890625,48842300
2014-01-14,77.99797241660485,79.28136724970352,77.99797241660485,79.21810150146484,37178900
2014-01-15,79.56157776003334,80.02251806654425,79.48023900353563,79.8688735961914,39835600
2014-01-16,79.80560798076843,79.99540530843015,79.67907642899395,79.8779067993164,31630100
2014-01-17,79.63386439732504,79.86885446333531,79.23618996183853,79.42598724365234,36895800
2014-01-21,79.93214416652467,80.06770876881909,79.36274525507679,80.03156280517578,26412700
2014-01-22,80.2394027709961,80.43823997307798,80.00441272349475,80.2394027709961,29376900
2014-01-23,79.99541278714447,80.0044458306497,79.40794087301069,79.96829986572266,35011900
2014-01-24,79.57964384942845,79.69713544249886,78.36854748625524,78.39566040039062,63974600
2014-01-27,78.3956792280885,78.53125072677582,77.0490179708209,77.63648986816406,63519300
2014-01-28,77.27497964680124,77.67265426322476,77.10325526326311,77.59130859375,44378800
2014-01-29,76.92245761282344,77.49184941959949,76.6061288312812,76.75977325439453,51939300
2014-01-30,77.6997434696441,78.4498996687434,77.61839782500053,78.17875671386719,65833600
2014-01-31,77.31107773240818,78.34140951268304,77.22973212057121,77.9708480834961,45187000
2014-02-03,77.82626746603255,78.1787491359342,75.98251347976563,76.18135070800781,65596900
2014-02-04,76.5699901520231,77.04900338061863,76.3350000584936,76.74171447753906,37675500
2014-02-05,76.48864447081644,76.81401324770536,75.68426246557759,76.54287719726562,41721800
2014-02-06,76.76884771463547,77.61841583921439,76.75076783587333,77.51899719238281,32308600
2014-02-07,77.95280859151944,78.95602789720297,77.72685842168895,78.90180206298828,38359400
2014-02-10,78.87466343373656,79.3898294222317,78.82043761245822,79.35368347167969,30205400
2014-02-11,79.52540892676093,80.41113650491596,79.43503025032494,80.25749206542969,38635500
2014-02-12,80.42016511811156,80.59188251052697,80.1670952060914,80.41112518310547,32507200
2014-02-13,79.82367560113885,81.0709180543536,79.80560262157861,81.00765228271484,40454500
2014-02-14,80.98050610775816,81.35106754335061,80.73648305892709,81.17030334472656,33212400
2014-02-18,81.30586738327268,81.72161465916406,81.10703023057495,81.5679702758789,29546600
2014-02-19,81.41436672506562,81.60416403998187,80.84496788486493,81.00765228271484,41749900
2014-02-20,81.06187641702282,81.54088962227502,80.71842778272786,81.38724517822266,41814800
2014-02-21,81.6493250260505,81.76682349142601,81.179351850898,81.27877044677734,31192200
2014-02-24,81.46858594211675,82.0831706290259,81.37820726075245,81.71261596679688,31500400
2014-02-25,81.83010005436012,81.99278442406862,81.36011992166856,81.62222290039062,26771700
2014-02-26,81.8391273454354,82.10122338821057,81.22454280987877,81.54991149902344,42953700
2014-02-27,81.56171319706769,82.16069400808739,81.43465645157644,82.07901763916016,28742400
2014-02-28,82.0608641959964,82.55094319060119,81.26222079223682,81.9882583618164,48609800
2014-03-03,81.21685880400315,81.59803605771768,80.65418077189008,81.38021850585938,38885700
2014-03-04,82.26959781831408,82.56909166788039,82.18791453021741,82.41480255126953,33189000
2014-03-05,82.55094690985182,82.78691241953126,82.37850977692372,82.6417007446289,27203300
2014-03-06,82.83228346223524,82.8958118371362,82.26960554856207,82.56909942626953,24063900
2014-03-07,82.83228461301978,82.91396790992644,81.74322476413786,82.16069793701172,31167800
2014-03-10,82.11531997084745,82.27867963161195,81.70691735689957,82.2332992553711,18131700
2014-03-11,82.4329791137124,82.64171227040369,81.63432863851176,81.8793716430664,27484300
2014-03-12,81.50724794520822,82.23329235974019,81.20776102898103,82.18791198730469,27977200
2014-03-13,82.49649745201907,82.52372291052606,80.6541675695912,81.02626037597656,48542000
2014-03-14,80.76305737883533,81.11700213487528,80.43633807724879,80.47264099121094,38732300
2014-03-17,80.98997969441838,81.59804510568748,80.94460622580627,81.1805648803711,28467200
2014-03-18,81.2803712125299,82.26052923096782,81.25314575491889,82.16069793701172,31250200
2014-03-19,82.18794287672013,82.27870365570256,81.18055916187768,81.71601867675781,40869400
2014-03-20,81.46189997896931,82.18793769654069,81.29854028080265,81.94290161132812,31634500
2014-03-21,82.41225853468896,82.45774269030035,80.80222074869953,80.95685577392578,62754000
2014-03-24,81.24791845612145,81.31159209602812,79.51053374443606,80.24732971191406,77735300
2014-03-25,80.6657433625902,81.18423060820608,79.83797924876389,80.5111083984375,41723300
2014-03-26,80.9113732211433,81.09330290728504,79.46506865083312,79.47416687011719,40930400
2014-03-27,79.36502241266437,79.71977668544802,78.59184020121049,79.02845764160156,64784500
2014-03-28,79.2831268901811,80.05630878610498,78.96475175076574,79.18306732177734,39895100
2014-03-31,79.80165270152202,80.28375434177389,79.7015930848762,79.7470703125,33924300
2014-04-01,80.13818578883719,81.20244835704916,79.7834315994332,81.14787292480469,38683800
2014-04-02,81.49354003969873,81.57541013916855,80.99324898259265,81.35710144042969,34631600
2014-04-03,81.43897122835278,81.5754167786356,80.24736109836138,80.71127319335938,30319100
2014-04-04,81.24794353925085,81.3298136386382,78.35532725921863,78.56454467773438,131213200
2014-04-07,78.07332861834142,78.80102644160698,77.27285199087027,77.81863403320312,83995800
2014-04-08,77.90959321800756,78.64638923871225,77.63670220446157,78.5372314453125,51495700
2014-04-09,78.82831210496738,79.92896040229996,78.61909475394759,79.88347625732422,45685200
2014-04-10,79.93807307065282,79.93807307065282,77.19100070069803,77.40930938720703,73659600
2014-04-11,76.71799190416887,77.7185878611091,76.32685868088441,76.50878143310547,93657400
2014-04-14,77.18189509849186,77.51845978542651,76.39961486176283,77.10912322998047,46500700
2014-04-15,77.3911335483369,77.80956149629613,75.75380076074924,77.36384582519531,84631500
2014-04-16,78.03694656343087,78.3917007446289,77.40020312904181,78.3917007446289,46970900
2014-04-17,78.0915361749276,78.80104466616214,77.89141697177764,78.40990447998047,53719500
2014-04-21,78.59184155514677,78.99207305908203,78.2279890552799,78.99207305908203,25947900
2014-04-22,79.2649433849256,79.81981674024983,79.1284978657642,79.61969757080078,38593400
2014-04-23,79.61969110211903,79.64697881575286,78.8737968565318,78.91928100585938,34376700
2014-04-24,80.22005269027554,80.2382421869986,78.81922548575476,79.67427062988281,48926300
2014-04-25,79.20128008418868,79.29224146221344,78.20978926587475,78.40081024169922,44334000
2014-04-28,78.77372849034023,79.23764039007217,77.41838565847121,78.65547943115234,58623800
2014-04-29,78.89200195834387,79.42867889184663,78.5099531057827,79.28314208984375,36742700
2014-04-30,78.91931518067635,79.57424835112417,78.7191959408273,79.49237823486328,38689400
2014-05-01,79.61969352060157,80.18366506582304,79.41957436133244,79.72885131835938,37127200
2014-05-02,80.00175617056783,80.14729993869332,79.39230725633725,79.58332824707031,40074200
2014-05-05,79.11031594198083,80.01994357026179,78.91929497283078,80.00174713134766,27924400
2014-05-06,79.8744027470806,79.91988690612548,78.92838914619496,78.96477508544922,33698500
2014-05-07,79.12852888448053,79.21039900403375,77.80047298651475,78.73738861083984,67489100
2014-05-08,78.45539437783869,79.61971680140842,78.27347160162182,78.66461181640625,46556900
2014-05-09,78.61909333599012,79.01023338004603,78.09150779937404,78.95565795898438,35081500
2014-05-12,79.42867483394998,80.2837269242216,79.35590296671256,80.25643920898438,38951100
2014-05-13,80.32920176438506,80.60209278851394,80.15637725968332,80.3110122680664,30311900
2014-05-14,80.06543319960558,80.36561202905044,79.7015876438157,79.89260864257812,26483600
2014-05-15,79.87442554311566,80.0108711192834,78.755587086343,79.26497650146484,59680300
2014-05-16,79.35589835713944,79.82890852679955,78.81012326437587,79.7834243774414,66804100
2014-05-19,79.54693172259203,80.46565755191308,79.4104931330114,80.33831024169922,32017000
2014-05-20,80.30190525336234,80.59298574192375,79.7197442762395,80.04721069335938,33716000
2014-05-21,80.19279244348458,80.85681686988477,80.14730827623653,80.81133270263672,36837700
2014-05-22,80.90228381407677,81.39348356816532,80.77493650078434,81.16607666015625,30617100
2014-05-23,81.2479577413788,81.77554354993747,81.0660349507977,81.7573471069336,22687300
2014-05-27,82.12115969780096,82.79428202354677,82.04838784098892,82.77609252929688,29725200
2014-05-28,82.74881495652501,82.86706403340303,82.45773443351928,82.52140808105469,30468100
2014-05-29,82.81249847920856,83.05809488044405,82.64876523174894,83.04900360107422,33036100
2014-05-30,83.06720368918758,83.18545279524093,82.62148804646931,83.05810546875,29906400
2014-06-02,83.15814189583907,83.17633833164248,82.44863357745687,82.9762191772461,30409900
2014-06-03,82.70334472006122,83.07629538973579,82.5941938430117,82.93984985351562,21774500
2014-06-04,82.73062753525899,83.38556051836639,82.6032802263112,83.24911499023438,20118300
2014-06-05,83.32186357694502,84.10414365036715,83.03988132021352,83.94950866699219,35583100
2014-06-06,84.25880914575599,84.431640625,84.09507588644809,84.431640625,22680600
2014-06-09,84.44982121991511,84.57717546586618,84.14055117378338,84.36795806884766,23399500
2014-06-10,84.29517318722955,84.55896597758081,84.19511361365126,84.51348876953125,20626000
2014-06-11,84.22240165458723,84.6135417328517,84.14053851583512,84.49529266357422,22878200
2014-06-12,84.31339285620105,84.40435423727257,83.44015110607916,83.73123168945312,35275900
2014-06-13,84.09506335193007,84.18603165791535,83.61296186580056,83.97681427001953,39447100
2014-06-16,83.83128999466912,84.29519511293496,83.64936029542999,84.04959869384766,25212300
2014-06-17,83.9859037744595,84.32246148801819,83.84945826954616,84.09505462646484,19977900
2014-06-18,84.1769293569257,84.6863185341835,83.6675401796679,84.56806945800781,34514000
2014-06-19,84.69541148154272,84.74998690716484,84.13143997045658,84.51348876953125,38422200
2014-06-20,84.5490626547775,84.70412016684556,84.39401210126583,84.61290740966797,25897500
2014-06-23,84.60376536859377,84.65848743902343,84.37574746373122,84.6311264038086,20837900
2014-06-24,84.62202442428116,85.342562014802,84.3028006711532,84.54905700683594,31945800
2014-06-25,84.35754354234878,85.23313189178629,84.34842783183878,85.08720397949219,32818600
2014-06-26,85.14190464919363,85.15102731596538,84.47609610452953,85.13278198242188,22563900
2014-06-27,85.02338530119509,85.52502091691208,84.9960242441545,85.50678253173828,22877800
2014-06-30,85.48853667448365,85.86248268562015,85.43380760662626,85.6527099609375,19751900
2014-07-01,85.95366273883903,86.82013530799783,85.91717902406378,86.59211730957031,31862500
2014-07-02,86.64683893160557,86.8657342605105,86.56475579272511,86.73804473876953,18777300
2014-07-03,87.02077598573693,87.28527069091797,86.78363536332535,87.28527069091797,15291700
2014-07-07,87.18497166225104,87.29442282305206,86.85663209696426,87.02080535888672,23266400
2014-07-08,86.85662722959201,86.92047199684193,85.61620864425839,85.97191619873047,40612400
2014-07-09,86.19993715478236,86.71069531017879,85.95367378803196,86.61036682128906,29919000
2014-07-10,85.49764217107034,86.69246143026895,85.39731367697217,86.33675384521484,44245300
2014-07-11,86.55562713542115,86.8930892944336,86.2911254419573,86.8930892944336,19566300
2014-07-14,87.28528959975993,87.61363608390477,87.13936169489406,87.41297912597656,19579000
2014-07-15,87.54979017916497,87.67747970371654,86.49179026737228,87.11199951171875,39467500
2014-07-16,87.74132775307567,87.83254052422151,87.36738183389598,87.45858764648438,22052600
2014-07-17,87.22145023899755,87.5315583637007,86.02663804458426,86.30026245117188,43111500
2014-07-18,86.74716323637355,87.7139572712322,86.64683476574973,87.6683578491211,36682200
2014-07-21,87.48593150662296,87.7048337640978,87.14846937048908,87.55889892578125,29750700
2014-07-22,87.96936051869156,88.25210763126474,87.87815469080545,88.11529541015625,25770400
2014-07-23,88.42537724052701,88.78108476232971,88.2612040028829,88.6807632446289,28947500
2014-07-24,88.83581575767555,88.93614423612867,88.45274718097667,88.58043670654297,24707200
2014-07-25,88.12441199868518,88.35243003194331,87.76870442348714,88.23385620117188,29898900
2014-07-28,88.32506761436724,88.48924088704877,87.57716869627558,88.26122283935547,25603400
2014-07-29,88.45272423700709,88.653374183309,88.03316509491147,88.10613250732422,27022200
2014-07-30,88.59866378639184,88.76283700669161,88.1061441254925,88.4527359008789,35348500
2014-07-31,87.72306861024356,87.8689964841329,86.537372451572,86.6650619506836,50047900
2014-08-01,86.482667906413,86.95694229092575,85.77125285036527,86.34585571289062,60708000
2014-08-04,86.5282758150941,87.27617459982983,86.20904503839786,86.93870544433594,33230500
2014-08-05,86.5921189543014,86.8383753355154,85.87158123055772,86.27288818359375,50331100
2014-08-06,85.73474825297595,86.74714849647745,85.66178083972859,86.20902252197266,34431900
2014-08-07,86.61035613512377,86.774529373182,85.63443937515454,85.9354248046875,33274700
2014-08-08,86.07222132833164,86.6559467443809,85.7073912036619,86.55561828613281,40236900
2014-08-11,86.89309508704774,87.34001537056787,86.82925032633872,87.06639099121094,28277500
2014-08-12,86.97516226035334,87.25790227489229,86.5829711312081,87.0298843383789,28152300
2014-08-13,87.38561606554799,87.9875869254645,87.34001664069673,87.95110321044922,27996500
2014-08-14,88.06965068028347,88.42535812519118,87.95108385149945,88.40711975097656,25006600
2014-08-15,88.91789093427997,89.04558044840859,87.99670329071725,88.83580780029297,55205500
2014-08-18,89.3009487825908,89.60192717293693,89.17325233514804,89.51984405517578,38938300
2014-08-19,89.72965209436198,90.07624395125228,89.67492999424583,90.02151489257812,21363400
2014-08-20,89.94855441194258,90.20393349056197,89.86646430321036,90.02151489257812,23435600
2014-08-21,90.0670834175151,90.24949498025512,89.93027126618254,90.20389556884766,19339500
2014-08-22,90.24040028932644,90.52314036498777,90.03974334844808,90.34072875976562,24692000
2014-08-25,90.76940207189627,90.91533693151116,90.44106255487694,90.65995788574219,24124700
2014-08-26,90.79678894890046,90.85151105335136,90.54140289149296,90.75118255615234,20100400
2014-08-27,90.7785013281218,90.87882977859267,90.57784442718008,90.76937866210938,15589100
2014-08-28,90.45931823919966,90.77854210748293,90.36811241376994,90.66909790039062,23563900
2014-08-29,90.86973382432569,91.12511983785909,90.54138733691154,91.00654602050781,17906300
2014-09-02,91.2254049858101,91.29837238915461,90.89706558786901,91.27101135253906,18326800
2014-09-03,91.51730093137938,91.51730093137938,90.56875217707083,90.73292541503906,25950700
2014-09-04,90.94268057591772,91.40783915373447,90.42279991549515,90.65081787109375,24663500
2014-09-05,90.78764874667772,91.16159465247729,90.32249007299598,91.10687255859375,30798200
2014-09-08,91.13424700154863,91.50819992087352,90.86062953335409,91.28018188476562,25571300
2014-09-09,91.28927704233263,91.62674616487234,90.34984405845009,90.52313995361328,36449200
2014-09-10,90.64167967616326,91.30749505421132,90.38630072301208,91.27101135253906,31080100
2014-09-11,90.87885054300048,91.24368072274754,90.51402036325344,91.19807434082031,28691900
2014-09-12,91.11599398411256,91.1433550306811,90.45017836386442,90.73292541503906,30444400
2014-09-15,90.83324708331548,90.84236975170579,89.58371289757034,89.85733032226562,32972200
2014-09-16,89.51987883620981,90.8150195601568,89.42867301707628,90.6417236328125,38166900
2014-09-17,90.62349096678169,91.20721659631343,90.23129965707521,90.7785415649414,37196500
2014-09-18,91.06123353479389,91.47166996747583,90.96091205148554,91.4625473022461,30196700
2014-09-19,91.84473120970098,91.93615399549365,91.04020092956941,91.40589904785156,46918000
2014-09-22,91.18647087284572,91.19561524344508,90.1625245692711,90.55564880371094,48658000
2014-09-23,90.18993558743843,90.7110530224703,90.12593895419276,90.30878448486328,33989600
2014-09-24,90.40020671044122,91.32359267756681,90.08936791513531,91.27787780761719,35959000
2014-09-25,90.98533564477448,91.10419153602393,89.32141594328094,89.35798645019531,68642500
2014-09-26,89.65052941427358,90.4733482525107,89.49511001569265,90.30878448486328,56106200
2014-09-29,89.41284495175613,90.43679123636731,89.36713007471702,90.18994903564453,33342700
2014-09-30,90.43679630950865,90.78421265422833,89.88825262982286,90.31794738769531,41834300
2014-10-01,90.06199164671726,90.15341446212359,88.59006130079999,88.87347412109375,58164900
2014-10-02,88.83690359990847,89.14774954242647,87.73981586480501,88.87347412109375,54501300
2014-10-03,89.39454495714841,90.11679667775542,89.08370615276847,89.7510986328125,41627800
2014-10-06,90.03451445017198,90.25393047776139,89.28483662872429,89.5591049194336,36038700
2014-10-07,89.13856752567207,89.39455409075372,88.27917807851733,88.28832244873047,45154000
2014-10-08,88.33404576323761,90.29052266910473,87.82206560905409,90.0071029663086,64931600
2014-10-09,89.88822809304857,90.1167884784535,88.41629865303203,88.55343627929688,62497100
2014-10-10,88.03235724137463,88.526048725998,86.32272230249994,86.34101104736328,77579400
2014-10-13,86.18556180202104,86.84381694060339,84.9147663998009,84.98790740966797,80835900
2014-10-14,85.5181495341321,86.094119159924,84.7593274258681,84.99703216552734,71814500
2014-10-15,83.71711305867511,84.80506292499948,82.50116991103148,84.4485092163086,108847800
2014-10-16,82.66573732953405,84.64050285683629,82.63831119306225,83.91825103759766,93165800
2014-10-17,85.02448272705078,85.83815732632229,84.53079134517071,85.02448272705078,69546700
2014-10-20,85.015355610884,86.36843674418333,84.8416543862527,86.29529571533203,41479300
2014-10-21,87.3649528213254,88.56261444091797,87.14553672064386,88.56261444091797,53609800
2014-10-22,88.83688095007311,88.9557368574002,88.05063238283573,88.1054916381836,39178000
2014-10-23,88.99227515401833,89.92480550421502,88.8368557540222,89.43111419677734,48123800
2014-10-24,89.62310753415437,90.22651036919201,89.26655384985402,90.16251373291016,43157600
2014-10-27,89.9888195349495,90.3910881539872,89.61397705355321,90.22652435302734,29545700
2014-10-28,90.64708471664663,91.60703451531822,90.58308806340186,91.58875274658203,34495100
2014-10-29,91.287051164406,91.53390038034402,90.6013697480858,91.25048065185547,40552800
2014-10-30,90.83909347926254,91.66191274494878,90.63795910597108,91.44248962402344,35935800
2014-10-31,92.96011105119022,93.02410770131688,92.40242296789575,92.7041244506836,54254100
2014-11-03,92.86868899652337,93.22524276078036,92.73155132370643,92.9783935546875,33481000
2014-11-04,92.68581563839861,92.90523865570252,92.03670490620586,92.66753387451172,22773300
2014-11-05,93.2801004368878,93.2801004368878,92.3567141599474,92.67670440673828,25818600
2014-11-06,92.66754445872486,92.99667204716249,92.26527585616532,92.96924591064453,24671900
2014-11-07,93.13381207579282,93.17038258378477,92.40241586617633,92.886962890625,20931700
2014-11-10,92.93268984522196,93.33495153518152,92.68584062797812,93.21610260009766,20360000
2014-11-11,93.23437576691553,93.5086441040039,92.97838222047774,93.5086441040039,15454000
2014-11-12,93.1338032667862,93.77376965833639,93.1338032667862,93.67320251464844,22050300
2014-11-13,93.8469323839988,94.42290226967597,93.63665367805258,94.07549285888672,28027800
2014-11-14,94.04806635300295,94.36804962158203,93.73722048130318,94.36804962158203,19251300
2014-11-17,94.14862188995131,94.3588935939959,93.63664174835453,94.08462524414062,23361600
2014-11-18,94.16692751670493,94.91660568977515,94.15778314352603,94.78861236572266,26336800
2014-11-19,94.68804491870887,94.68804491870887,93.92008497656248,94.35891723632812,23760200
2014-11-20,93.95661528915744,94.86171958315124,93.88348125513727,94.77943420410156,22874000
2014-11-21,95.62054375010682,95.71197350755322,94.66059407292028,94.96229553222656,34049100
2014-11-24,95.21828043815854,95.74854233153248,95.1359950529262,95.70282745361328,17928300
2014-11-25,95.8490982055664,96.13251788074419,95.60225601117106,95.8490982055664,17526000
2014-11-26,95.94050936843293,96.52562339558993,95.83994224109881,96.47076416015625,18973800
2014-11-28,96.7267646774443,97.13817060998379,96.66276804404681,96.91875457763672,17360400
2014-12-01,96.65364152454164,96.83648708941301,95.46512442754407,95.8216781616211,35969500
2014-12-02,95.92225350039253,96.37937442669075,95.72111917680343,96.20567321777344,26031300
2014-12-03,96.35193024985156,96.51649403151671,95.77596050157877,96.37935638427734,32974300
2014-12-04,96.28796431052692,96.70851478106357,95.93141049909121,96.33367919921875,31008800
2014-12-05,96.4890859996072,96.63536106902447,96.13253223495732,96.34280395507812,25622200
2014-12-08,96.0959588965407,96.51650929952088,95.15429093170337,95.65711975097656,32685800
2014-12-09,94.54175346909834,96.03196518006082,94.203481472082,95.95882415771484,46035100
2014-12-10,95.78510182608198,96.02280662604183,94.27660856989145,94.45030975341797,39330100
2014-12-11,94.72459961496288,96.03196575297174,94.70631087171138,94.89830780029297,47576000
2014-12-12,93.99320479110918,95.07201048094248,93.85607409016117,93.8652114868164,46889400
2014-12-15,94.34975165923419,94.69716800984355,92.63097957371767,92.89611053466797,52968400
2014-12-16,92.31099648488852,93.682359197113,91.38761030562615,91.40589904785156,65348600
2014-12-17,91.46990846060353,93.33495587140953,91.35105254488568,93.06983184814453,79715300
2014-12-18,94.4046102127125,95.31885201263195,94.14862362475289,95.30970764160156,49840900
2014-12-19,95.40790466245473,96.11449084548404,95.169314119661,95.72908020019531,51419900
2014-12-22,95.57307755336552,95.99519495644456,95.52719233518464,95.96766662597656,33869200
2014-12-23,96.31635658920783,96.32553503174051,95.51800011527203,95.62812042236328,30156900
2014-12-24,95.74741601696287,96.07776995040626,95.68318091885448,95.7107162475586,14291300
2014-12-26,95.98599545054846,96.59164659235272,95.95846712612095,96.38976287841797,13924300
2014-12-29,96.29801527047519,96.5824840043876,96.24295161148177,96.37142181396484,17073800
2014-12-30,96.09614095808527,96.3163746123786,95.60060998509908,95.72908020019531,18604000
2014-12-31,95.89422965800215,96.27046875211639,94.60952087480419,94.7471694946289,24367100
2015-01-02,95.21520183057768,95.61896237382727,94.00390619862526,94.46273040771484,31314600
2015-01-05,94.04976173305604,94.159882037072,92.81093806755219,93.07705688476562,36521300
2015-01-06,93.21470653888544,93.37070505379727,91.41611689346028,91.82905578613281,66205500
2015-01-07,92.43469398462862,93.23304333184734,92.21445340510002,93.01280975341797,37577400
2015-01-08,93.80199858275616,94.97658713927846,93.70105672232688,94.79306030273438,40212600
2015-01-09,95.08671564691713,95.11424397466416,93.61847282346922,94.1690673828125,41410100
2015-01-12,94.35260517426289,94.45354705510547,92.94860428758162,93.18719482421875,34129800
2015-01-13,94.09565790033963,95.08671974858731,92.40718138098049,93.15965270996094,56162300
2015-01-14,92.22366504297693,93.12296356368176,91.82907594732609,92.64578247070312,51354200
2015-01-15,93.07706205287334,93.22388213194667,91.3335289818618,91.44364929199219,51005400
2015-01-16,91.32435784875186,92.63659522816094,91.17753775792694,92.51730346679688,35362200
2015-01-20,93.07707888720587,93.49001787295487,92.0309602556134,93.25143432617188,30964100
2015-01-21,92.97611306404647,94.16905849523378,92.64575916005921,93.72858428955078,40128800
2015-01-22,94.095650131463,95.56388589592139,93.2697653261113,95.46294403076172,40887200
2015-01-23,95.45374776790784,95.96763544035583,95.17845755158481,95.67398834228516,34783000
2015-01-26,95.56389617919922,95.73825160161864,95.07754368624094,95.56389617919922,19960900
2015-01-27,94.05893989174443,94.11399654303635,92.77423101983229,93.08623504638672,45253200
2015-01-28,94.58200738548669,94.68294925578343,92.59071230981604,92.60906219482422,43591700
2015-01-29,92.53564259962171,93.6735314265165,91.7281146911708,93.49917602539062,46539700
2015-01-30,93.41659657532212,94.13236110489461,92.64576838886666,92.77423858642578,42927600
2015-02-02,92.98529150560114,93.66434919663776,91.53540570489865,93.5817642211914,43624700
2015-02-03,93.92130542926613,94.54530657539763,93.30648272676778,94.48107147216797,30750400
2015-02-04,94.09565765666999,95.02248440130343,93.88459546688381,94.39848327636719,34073200
2015-02-05,94.63709451048469,95.27945271019252,94.39851092306174,95.21521759033203,23605500
2015-02-06,95.36198965908218,95.59140168597631,94.29752149486521,94.63704681396484,34169300
2015-02-09,94.26999342796408,94.78387412925139,94.10481648810752,94.334228515625,22604700
2015-02-10,94.85732865150396,95.93097572400511,94.71050152991278,95.80250549316406,23686500
2015-02-11,95.91261640422285,96.3714406459216,95.72908950798427,96.15120697021484,20303600
2015-02-12,96.77519809561045,97.3074358405698,96.62837799419846,97.2707290649414,22520300
2015-02-13,97.54600036925287,98.1241161787568,97.3624665400534,98.10576629638672,29030200
2015-02-17,98.1057921038033,98.26179064883456,97.85802311948159,98.19755554199219,17675300
2015-02-18,98.07826525681807,98.3902693749759,97.94979503201843,98.33521270751953,15149600
2015-02-19,98.27095387660634,98.8857835633865,98.24342554756115,98.82154846191406,19828100
2015-02-20,98.75729589477966,99.53729541788462,98.44529188487783,99.48223876953125,28336700
2015-02-23,99.42718476903423,99.61071861652282,99.20695115314832,99.58318328857422,17868000
2015-02-24,99.4546943702888,99.77587679264566,99.15187583087383,99.65657806396484,19745000
2015-02-25,99.50977823209244,99.89518881590551,99.18859574448103,99.4088363647461,19472300
2015-02-26,99.50982120549526,99.96864552754036,99.23452381182678,99.91358184814453,22255500
2015-02-27,99.87682103213818,99.94106312353102,99.31706210306979,99.47306060791016,27757600
2015-03-02,99.6657817531209,100.40907463077208,99.64742486662777,100.37236785888672,22988600
2015-03-03,100.06955778537416,100.17049966640077,99.27120118119136,99.90438079833984,20788900
2015-03-04,99.57400743898026,99.72082750937113,98.97753471297334,99.5189437866211,21007400
2015-03-05,99.77591322427887,99.99614687911352,99.28038225007467,99.69332122802734,15381000
2015-03-06,99.56484669044391,99.75755200519649,98.31684436538804,98.56461334228516,30990400
2015-03-09,98.7664680843377,99.09682197916231,98.36270765818523,98.84906005859375,26237100
2015-03-10,98.1424821666505,98.17001749637384,97.01377868652344,97.01377868652344,34234500
2015-03-11,97.1606037809274,97.27990254590847,96.41731086540454,96.45401763916016,25459700
2015-03-12,96.38058049206076,97.19728675511753,96.31634540399223,97.08717346191406,21473200
2015-03-13,96.99543884258344,97.38085651432047,96.05944049945545,96.66508483886719,42021100
2015-03-16,97.0229652698621,97.94978508304872,96.92202338904352,97.91307830810547,25674100
2015-03-17,97.64695156281601,98.22506742760399,97.41753950520327,98.0690689086914,19603800
2015-03-18,97.80297014114436,99.48226842755825,97.29826071044012,99.0326156616211,40622200
2015-03-19,99.13354288599855,99.45471838480793,98.98672280130032,99.17942810058594,31314000
2015-03-20,99.99617517502175,100.31808934294155,99.80302667426986,99.82141876220703,31761400
2015-03-23,99.76621531391909,100.04213868041549,99.59145893643057,99.62825012207031,17268500
2015-03-24,99.6190599087189,100.07893924651883,99.25116205224039,99.2695541381836,22445300
2015-03-25,99.4258960361116,99.51787048599203,96.9609428864319,96.99773406982422,41581400
2015-03-26,96.19756231767306,97.21849507057216,95.8756481652279,96.66664123535156,47846300
2015-03-27,96.64823609453522,97.28286476158198,96.50107134917863,97.05292510986328,33878400
2015-03-30,97.6415856072729,98.24862269191638,97.6415856072729,98.16584777832031,30570200
2015-03-31,97.88990428325198,98.09225229015864,97.09891135654465,97.12650299072266,30488100
2015-04-01,97.12651430410625,97.14491340716872,95.99521506782749,96.62065124511719,32970500
2015-04-02,96.71263497499643,96.99775794496652,96.3723217077529,96.68504333496094,19164200
2015-04-06,96.11478250215193,97.74275228567218,95.96761774441805,97.47602844238281,24451100
2015-04-07,97.42083713099923,98.13824777444596,97.31047058105469,97.31047058105469,19379400
2015-04-08,97.34727421278367,98.22104933865727,97.33808167658522,98.08308410644531,25866900
2015-04-09,98.03708287269718,98.73610149520339,97.70597617488104,98.69931030273438,23114700
2015-04-10,98.66253941116709,99.11322634874436,98.44179922813579,99.1040267944336,17164300
2015-04-13,99.17761186935616,99.68347509482963,98.74532402874154,98.85569763183594,17783500
2015-04-14,98.75449733810476,99.03962029881866,98.0094879953199,98.57054138183594,23755700
2015-04-15,98.82806987456564,99.39832279687282,98.70850376931503,99.18677520751953,21128600
2015-04-16,98.92005483398032,99.22356988369545,98.78208962018128,99.04882049560547,16195300
2015-04-17,98.10147621057122,98.368200085351,97.08054338916342,97.50363159179688,46514000
2015-04-20,97.99109196674549,99.14079033267238,97.95430077697159,98.96603393554688,28945900
2015-04-21,99.53630204963285,99.71105847344226,99.26957114594592,99.3891372680664,22759800
2015-04-22,99.64665561073271,100.09734243254506,99.00282731843232,99.9317855834961,21429200
2015-04-23,99.59151086293815,100.75960881013683,99.57311876912931,100.30892181396484,29473200
2015-04-24,101.36663623901504,101.80812363652876,101.20107934209791,101.67015838623047,32508100
2015-04-27,102.04722639649788,102.2403819013582,101.19185051275308,101.41259765625,31121300
2015-04-28,101.48618956182304,101.67934509816651,100.35489009011555,101.21026611328125,36849200
2015-04-29,100.64921258110027,101.23785769158971,100.02377627405482,100.57563018798828,34043900
2015-04-30,100.00539279312524,100.41008195567149,98.46939002780275,98.99365234375,44080500
2015-05-01,99.37994665439916,100.364088344251,99.36154754774596,100.2997055053711,32874300
2015-05-04,100.6215977649673,101.09067664152396,100.41005018779026,100.46524047851562,23507300
2015-05-05,100.06974375395941,100.2536926767609,98.78208024274419,98.82806396484375,47843300
2015-05-06,99.00281381654726,99.28793673322384,97.49441029412742,98.1474380493164,42687200
2015-05-07,98.119885317402,99.01205262393427,98.04630291708504,98.73612213134766,29335800
2015-05-08,99.75701932385216,100.18010744800893,99.60986159324179,99.96856689453125,33023300
2015-05-11,100.03295456032222,100.23530258975904,99.50869240096397,99.58226776123047,19679300
2015-05-12,98.9936570632151,99.63749256325781,98.23026243847917,99.13162231445312,33665000
2015-05-13,99.56388591836999,100.07894857923276,99.18678145795086,99.33394622802734,20738400
2015-05-14,100.14334262418416,100.86995296908468,99.77544469220695,100.78717803955078,23904200
2015-05-15,101.04470939881612,101.18267463190921,100.53883921654258,100.78717803955078,23937400
2015-05-18,100.62158545044932,101.43097043761507,100.54800308328858,101.22862243652344,17631100
2015-05-19,101.33898805283823,101.49534530791209,100.952691181291,101.11824798583984,14212900
2015-05-20,101.19183260880129,101.78967706989134,100.64917843242165,101.1826400756836,21131900
2015-05-21,101.00789824546858,101.84488201491654,100.86074050519314,101.70691680908203,16771800
2015-05-22,101.58734430480605,101.97364828692349,101.52296147732014,101.60574340820312,13543800
2015-05-26,101.38502539656253,101.5229836161151,100.03297870731973,100.43766784667969,25488400
2015-05-27,100.74117927921958,102.16680821248664,100.52043913414431,102.05643463134766,30572700
2015-05-28,101.86326060588185,102.10239979649974,101.51375487897951,101.82646942138672,17302400
2015-05-29,101.76212153194929,101.90008676686138,100.9803278903852,101.21946716308594,30383000
2015-06-01,101.76210909821683,101.83569148347311,100.73197675623629,101.55976104736328,24570200
2015-06-02,101.18265546921226,101.7345092798673,100.68598493446214,101.23783874511719,19449600
2015-06-03,101.69770095581981,101.9184410394504,101.29300495482978,101.54134368896484,20507200
2015-06-04,100.9711163621267,101.61495170962633,100.4468541453983,100.76876831054688,31374600
2015-06-05,100.64918340081017,100.8883226004911,99.91337371742328,100.52961730957031,22641700
2015-06-08,100.48367802178738,100.55726043124142,99.3063875393421,99.50873565673828,24549200
2015-06-09,99.26955726794118,99.70184498185452,98.5981303260158,99.3431396484375,27554600
2015-06-10,99.68344352136072,100.99869871852785,99.5730769704276,100.70437622070312,30297900
2015-06-11,101.04469573454048,101.31142661119621,100.6767908351118,100.85154724121094,17593500
2015-06-12,100.3180727840064,100.52962035497907,99.88578510821111,100.02375030517578,27201800
2015-06-15,99.27877542954734,99.68346456373177,98.69932284602334,99.52710723876953,31238800
2015-06-16,99.42592779437769,100.2353200531404,99.37994406334987,100.06976318359375,16456900
2015-06-17,100.23530605460618,100.66758674847095,99.72943596352764,100.34567260742188,23296700
2015-06-18,100.71359778086564,101.98286251437648,100.65841449334012,101.80811309814453,43032400
2015-06-19,101.85789462483943,101.94086697340308,101.23101978758174,101.30477142333984,27877600
2015-06-22,102.05148315429688,102.35570336415388,101.82101457713419,102.05148315429688,19120900
2015-06-23,102.16209266010263,102.22662356904058,101.71037629753695,102.13443756103516,18127900
2015-06-24,102.01459752156858,102.44787246706254,101.58131554273295,101.60897064208984,15815900
2015-06-25,102.00540108637281,102.10680783037573,101.24024366647566,101.40618133544922,18326700
2015-06-26,101.38772164729583,101.61819018374025,100.35522007202191,100.73318481445312,32311700
2015-06-29,99.61770689585137,100.17083694865681,98.3086474420055,98.35474395751953,50874900
2015-06-30,99.09226363164298,99.30429780909559,98.40085792691943,98.705078125,34809900
2015-07-01,99.68225545917272,99.88506891002358,99.02772561628082,99.48866271972656,21293000
2015-07-02,99.77448056134774,99.8574458906183,99.21213655181083,99.51634979248047,20499400
2015-07-06,98.88942153278974,99.85739205246352,98.67739445007219,99.28582763671875,24311000
2015-07-07,99.39646936460082,99.62693789930202,97.56194179771487,99.53475189208984,44230800
2015-07-08,98.82490901246253,98.94475715687362,97.6172560906338,97.80162811279297,39691500
2015-07-09,99.10147112832148,99.19365713665624,97.73709429160544,97.7463150024414,28381000
2015-07-10,99.04613815197668,99.60848181683858,98.68660787881448,99.23973083496094,26415800
2015-07-13,100.09710304604684,101.065066743024,100.08788233464458,100.98210144042969,25780700
2015-07-14,101.12039071319302,101.92241682505826,101.06507347443706,101.64585876464844,21977200
2015-07-15,101.83942678908944,102.1528605881169,101.47067576473773,101.75645446777344,28631500
2015-07-16,102.59539848375528,103.21305261764736,102.39258499899232,103.19461822509766,29838900
2015-07-17,104.02426978091204,104.7156753540039,103.84911848506745,104.7156753540039,35926800
2015-07-20,104.93694329154174,105.45319059984602,104.61428872385156,105.07522583007812,26539000
2015-07-21,105.1121113787943,105.27804904484319,104.70649144327503,105.01071166992188,35468900
2015-07-22,103.40660937120569,104.32848341113801,103.40660937120569,103.82145690917969,35575000
2015-07-23,103.92287195448638,104.26396087529051,103.16693546242298,103.43427276611328,25698300
2015-07-24,103.98739424639824,104.17176624056738,102.26348726421982,102.42020416259766,30844700
2015-07-27,101.83944213542831,102.28193780465807,101.35084994370544,101.57209777832031,35994800
2015-07-28,102.02382229191383,102.65069706774777,101.21257547809324,102.44788360595703,33553500
2015-07-29,102.66913011503694,103.05631558322484,102.27272393569928,102.83506774902344,26714100
2015-07-30,102.59537276812907,103.4988054768264,101.97771878905252,103.32365417480469,25438100
2015-07-31,103.64632200871863,103.70163221294229,102.99179213648344,103.20381927490234,22081700
2015-08-03,103.22224524477018,103.50802396826391,102.19896441977748,102.88114929199219,25001800
2015-08-04,102.83508719626315,103.01945925407412,102.26352256370009,102.68758392333984,22132300
2015-08-05,103.2591445885136,104.17179819629558,103.1392964255324,103.48039245605469,28989900
2015-08-06,103.5725692337904,103.7108517761604,101.36006965589719,101.82100677490234,42125400
2015-08-07,101.57211443495021,101.93164486266134,100.85305357952797,101.69195556640625,30006800
2015-08-10,102.3372682663881,103.07476348821328,102.32804755402924,102.853515625,21500800
2015-08-11,102.30958753303258,102.70599366504648,100.97286590957127,101.53520965576172,36123300
2015-08-12,100.83460014061826,102.08834964856598,99.76522969757,101.88553619384766,41889000
2015-08-13,101.98694887689712,102.47554815240662,101.49835663473019,101.7196044921875,22510500
2015-08-14,101.47989849821631,102.02380081914241,101.27708507911134,101.87630462646484,17924900
2015-08-17,101.6274089888246,102.75209662875433,101.36928534031783,102.72444152832031,21224900
2015-08-18,102.58618306115865,102.66915541526927,102.06071492960326,102.1989974975586,13984400
2015-08-19,101.88554665715039,102.4294561627838,100.93601723376668,101.52601623535156,42511400
2015-08-20,100.58568245083552,100.9083369754372,98.70505846457574,98.71427917480469,57747300
2015-08-21,97.32226493578777,98.15195317295175,94.3999252319336,94.3999252319336,97763400
2015-08-24,86.86820687900818,94.5197583356454,78.11961586664842,90.76773071289062,150829900
2015-08-25,94.09573780058548,94.71339207922215,90.35292926833635,90.42667388916016,75088300
2015-08-26,93.07241832055249,95.16507669170751,91.20101482124335,94.98069763183594,104103800
2015-08-27,96.35427825666001,97.45131069110344,95.21115633702073,97.38677978515625,69377700
2015-08-28,96.87054947952657,97.7186721155461,96.65851530385045,97.36836242675781,49919600
2015-08-31,96.82442545664404,97.35911406664468,95.9209928719372,96.16067504882812,39549400
2015-09-01,93.76382885372391,95.22039185253529,92.76820297858633,93.1553955078125,73155500
2015-09-02,94.84242204107922,95.80117212259981,93.75461012486763,95.7827377319336,43963600
2015-09-03,96.16070659675674,96.81523650993778,95.0452395306305,95.31258392333984,45131800
2015-09-04,94.00353728534795,94.81478425634323,93.65322049862199,94.17869567871094,49379600
2015-09-08,95.98554138958256,96.95350505087274,95.58913521400419,96.83366394042969,37343500
2015-09-09,97.97679116752234,98.00444626884159,95.49694726021204,95.74585723876953,47146700
2015-09-10,95.63523950329487,97.42367792571032,95.52461908679435,96.78758239746094,47686700
2015-09-11,96.34508871006693,97.32227325439453,96.06852359625877,97.32227325439453,29106100
2015-09-14,97.68179734738658,97.70023877156075,96.65851633933941,97.02726745605469,19718800
2015-09-15,97.2577034927353,98.47457684751934,96.89817320836777,98.17035675048828,30020200
2015-09-16,98.18882901881402,98.81570379450172,97.84773301194166,98.7235107421875,31329100
2015-09-17,98.62213095443913,100.2354112288324,98.30868998664678,98.76040649414062,56139800
2015-09-18,97.244869100411,98.51090532191724,97.18941726666475,97.35575866699219,48384000
2015-09-21,97.89170427566104,98.46465929636956,96.78276680704404,97.66067504882812,35772600
2015-09-22,96.16362650967731,96.49630924126791,95.30419729481065,96.20059204101562,47359700
2015-09-23,96.45937205214393,96.718130847542,95.77552714758967,96.27455139160156,21775100
2015-09-24,95.34117199979883,96.28377551348679,94.50946509079618,95.92337036132812,38284300
2015-09-25,96.94912841674216,97.04153871671954,94.51869592965858,95.1101303100586,44700000
2015-09-28,94.70352244987615,94.76821036413374,92.12523492368881,92.4024658203125,44077500
2015-09-29,92.63348777700463,93.57609108226322,91.25655539629132,91.92192077636719,49315500
2015-09-30,93.23414752403806,94.13978513041289,92.87374252008583,94.03813171386719,41411400
2015-10-01,94.20448994327866,94.47248472134471,92.95692634355144,94.46324157714844,39339100
2015-10-02,93.15102367804116,96.11743927001953,92.85530643352648,96.11743927001953,59370900
2015-10-05,96.82897365196956,97.75309060921371,96.61643070005701,97.49433898925781,32853500
2015-10-06,97.2633245014009,97.58676407540028,96.27451948920054,97.03229522705078,33051500
2015-10-07,97.64219323502029,97.82701379142617,96.37615056723793,97.61446380615234,37389300
2015-10-08,97.24483360590628,98.16895059254229,96.30223033128384,98.00260925292969,50188900
2015-10-09,98.0487964643071,98.63099459262723,97.7808017315085,98.4461669921875,23916200
2015-10-12,98.63100238426877,98.87126770814281,98.27983344091767,98.68644714355469,16162000
2015-10-13,98.12274391875425,99.12079197672924,97.95640257575842,98.04881286621094,26999600
2015-10-14,98.04880656273833,98.53858741605703,97.4850946616293,97.89170837402344,30902600
2015-10-15,98.25212297702797,99.50892270991585,98.1227471560354,99.49967956542969,38393800
2015-10-16,99.71224332793942,99.97099500558494,99.23169845477963,99.9155502319336,27091100
2015-10-19,99.78615577751461,100.55316752160135,99.56436262337695,100.48847961425781,23776300
2015-10-20,100.31290361287523,100.52544657555943,99.62905195353102,99.97097778320312,23404700
2015-10-21,100.47924120438451,100.58088758462134,99.32409499241237,99.36105346679688,30195200
2015-10-22,100.24819741831031,101.46803135916527,99.96171640499493,101.38485717773438,42778700
2015-10-23,104.11104191137558,104.64702450213156,103.56580912450178,104.22193145751953,53170900
2015-10-26,104.14799448907932,104.48992035469996,103.75062385352983,104.28661346435547,25918000
2015-10-27,104.00938743746585,104.64702347288528,103.98165800074823,104.4991683959961,31390500
2015-10-28,104.65627646191201,105.36784362792969,103.81532639707254,105.36784362792969,42221900
2015-10-29,104.88730347137462,105.37708446523867,104.77640686786671,105.20149993896484,24913300
2015-10-30,105.24769741884954,105.423281926437,104.70247170648392,104.73019409179688,27199200
2015-11-02,105.00741761081395,106.04243124258679,104.78563149345318,105.91305541992188,22176900
2015-11-03,105.70051652998231,106.66159920704636,105.5434183074071,106.28271484375,20418400
2015-11-04,106.63385697058143,106.70778802054411,105.8483589534736,106.29193115234375,28633000
2015-11-05,106.38436932268867,106.643120997775,105.45100902288068,106.00547790527344,25004100
2015-11-06,105.80215355877922,106.19952415155943,105.12755209573926,106.07939147949219,29924900
2015-11-09,105.6820262761103,105.82064524353585,104.305093847378,104.95197296142578,33479800
2015-11-10,104.39748598175746,104.78561338266958,104.0832825735531,104.6839599609375,35452100
2015-11-11,104.97046109310779,105.47872833324304,104.37902669574356,104.55461120605469,22748800
2015-11-12,104.12949732828346,104.6377644666705,103.46413200183234,103.5380630493164,31196900
2015-11-13,103.10372259799787,103.21461916453399,101.44955249537614,101.50499725341797,52836000
2015-11-16,101.40337292611562,102.98361232793225,101.17234365011107,102.96512603759766,33980600
2015-11-17,103.14071226632612,103.76911218957318,102.77106400845359,103.02981567382812,30579500
2015-11-18,103.44567029817992,105.10907684578555,103.34401685327329,105.0074234008789,32966500
2015-11-19,105.0628653664488,105.56188939905931,104.87803773374866,105.08134460449219,26188100
2015-11-20,105.58039579215712,105.87611303008192,105.47874233064029,105.7929458618164,22727600
2015-11-23,105.82985664326478,106.21799107157938,105.03512265307297,105.4879379272461,20696200
2015-11-24,104.80408130117044,105.64502385576674,104.27732799881038,105.39551544189453,26374400
2015-11-25,105.55262582355654,105.68200161617744,105.26615186138913,105.4879379272461,14159900
2015-11-27,105.71898504737167,105.84836086191251,105.27540579005084,105.63581085205078,8828000
2015-11-30,105.95004199603547,105.95004199603547,105.0259247645837,105.36784362792969,25041600
2015-12-01,105.79294854394861,106.42134857177734,105.66356563927465,106.42134857177734,28639400
2015-12-02,106.50450192618052,106.96656050286677,105.6081071593365,105.76520538330078,22395500
2015-12-03,106.05168327063733,106.23650387551058,103.35325590649042,103.97241973876953,42754300
2015-12-04,104.28661818633445,106.57843180336937,104.07407519168075,106.40284729003906,40037300
2015-12-07,106.47674807599846,106.54143597560122,105.4140122535654,105.92227935791016,25892100
2015-12-08,104.81336058939621,106.2734673106427,104.77639505905977,105.9315414428711,30792600
2015-12-09,105.46945796044233,106.05165611256466,103.68591208338079,104.32355499267578,48509200
2015-12-10,104.56386205859619,105.49722239997926,104.24965854595682,104.79489135742188,30154600
2015-12-11,103.58426713473224,103.86150504417814,102.31823140604645,102.38291931152344,56022200
2015-12-14,102.52152857796656,103.20537309273617,101.07990145571563,103.15916442871094,53098500
2015-12-15,104.11104430782667,104.68399244397034,103.65822181580114,103.78759765625,48428000
2015-12-16,104.48989135153244,105.50641847064435,103.3994331927337,105.33084106445312,44944100
2015-12-17,105.79290215461756,105.79290215461756,103.77832710028751,103.79680633544922,45668800
2015-12-18,103.47422677688432,103.7059615912774,101.80574035644531,101.80574035644531,53746100
2015-12-21,102.7697808627163,102.95516592661895,102.00969078553645,102.93663024902344,26432800
2015-12-22,103.48351030445622,103.76159494318496,102.93661947280545,103.61328125,26540300
2015-12-23,104.1509098071975,104.45680150135632,103.96552475909375,104.38264465332031,25656900
2015-12-24,104.38266323470141,104.65147655269426,104.31777774911606,104.36412048339844,11468600
2015-12-28,104.11382290283251,104.32702205557382,103.36300432558635,104.30847930908203,19183600
2015-12-29,104.92953400756338,106.1809078164693,104.8646485344486,105.94917297363281,27725700
2015-12-30,105.85647683900649,105.89355526371064,104.97588723623878,104.99442291259766,19520100
2015-12-31,104.62368050607787,104.81833698331536,103.66892672916786,103.68746948242188,29886800
2016-01-04,101.45353575057955,101.59257810409915,100.22071146507498,101.49988555908203,50807600
2016-01-05,102.00041461574885,102.1301855687776,100.85101171521427,101.32374572753906,38795200
2016-01-06,99.56256677240343,100.93443315748912,99.56256677240343,100.3504638671875,41891100
2016-01-07,98.20920356651116,99.45130574861248,97.15249346411848,97.20811462402344,61386300
2016-01-08,97.91262544999339,98.52440896835041,96.30902393427773,96.4109878540039,69344000
2016-01-11,97.09693168251364,97.38428072087663,95.22451663668332,96.7076187133789,50024100
2016-01-12,97.63451383133174,98.32971827546487,96.47583975777655,97.82917022705078,46734200
2016-01-13,98.22774307934309,98.46874923904423,94.30678735429535,94.4551010131836,69870700
2016-01-14,94.82588862334823,97.31008610983865,93.31497311149933,96.46656799316406,78445700
2016-01-15,93.26867442292557,94.4922345343777,92.23977079829668,93.47259521484375,91443900
2016-01-19,94.74251105822985,94.89082481287754,92.58273974209911,93.67652893066406,56563800
2016-01-20,92.20267112502971,94.39024886164107,90.14486434974386,93.38915252685547,86675000
2016-01-21,93.78774141089967,94.87225895773996,92.52710309129499,93.48184967041016,61660100
2016-01-22,95.36353906957665,96.2255931403878,95.03911163905366,96.18851470947266,42229800
2016-01-25,95.84554195022817,96.39243283919613,94.67759624594083,94.76102447509766,38881500
2016-01-26,95.15957894578655,96.02162558803377,94.32533227524205,95.61377716064453,36143900
2016-01-27,95.05763136982931,95.46547986714957,92.8329755575922,93.23155975341797,54524700
2016-01-28,94.77954825233012,94.81662667485688,92.93494093153619,94.54781341552734,47641500
2016-01-29,94.52000107876475,96.5592646997493,94.49219403142182,96.52218627929688,54245100
2016-02-01,96.05873481235159,97.14325936788934,95.68796468162398,96.78175354003906,32750300
2016-02-02,96.3367790472461,96.37385745915343,94.39947268899536,94.68682861328125,44928100
2016-02-03,95.31719117057405,95.31719117057405,92.58271538263577,94.23267364501953,61572900
2016-02-04,93.9823900646392,94.97421499109522,93.10180041785566,94.22339630126953,49321600
2016-02-05,93.88968218846318,93.92676060896041,90.58050918293137,90.95128631591797,70749900
2016-02-08,89.25498328215919,89.95945910850345,87.91091709558229,89.56087493896484,91673100
2016-02-09,88.36513833290549,90.6361371274958,88.22609600279071,89.28280639648438,73778400
2016-02-10,90.3117037272405,91.47964932168274,89.56088509537788,89.62577056884766,59421700
2016-02-11,88.4856345704631,90.20974242597195,88.23536404330245,89.49600219726562,76839200
2016-02-12,90.50637757559682,90.95131167362787,89.66286625806279,90.85861206054688,49186500
2016-02-16,92.2026591171826,92.90713500976562,91.62795416902462,92.90713500976562,40565900
2016-02-17,93.58381144890346,95.14107009806534,93.34280519777478,95.01129913330078,41766500
2016-02-18,95.30791082613015,95.3264465028453,93.8062664206877,93.92677307128906,38991500
2016-02-19,93.47256626411762,94.49220526784458,93.26864553535864,94.20484924316406,28257900
2016-02-22,95.08545911967035,95.82700650387032,94.99276658064377,95.73431396484375,23979100
2016-02-23,95.17810940379859,95.43765122664279,94.09359232749208,94.15847778320312,29869700
2016-02-24,93.05544753970364,95.17813965402097,92.48074255504572,95.0576400756836,40739100
2016-02-25,95.2523033639382,95.99385070800781,94.39951366387695,95.99385070800781,29389300
2016-02-26,96.72611929261156,96.74466203983448,95.6416019556074,95.87333679199219,30925000
2016-02-29,95.78066061868151,96.49440092488658,95.01129913330078,95.01129913330078,27553900
2016-03-01,95.91968548539268,98.0609130859375,95.62306518110947,98.0609130859375,37699800
2016-03-02,97.94040633586727,98.1165199876294,97.33789439798113,98.09798431396484,29209800
2016-03-03,97.99604114412882,98.02384819649646,97.20814401510283,97.91261291503906,25474600
2016-03-04,98.02383335675026,98.57999553586659,97.30082181670048,97.94967651367188,31655400
2016-03-07,97.44915477573534,98.01458848109492,96.65198617709684,97.3471908569336,25861200
2016-03-08,96.67977565231273,97.52328677132687,96.37388397390706,96.54073333740234,28898500
2016-03-09,96.90221660037548,97.18029409360659,96.36459021268404,97.16175842285156,31047400
2016-03-10,97.5696433665511,98.1258055929655,95.76210729072132,97.01348114013672,44236100
2016-03-11,98.06090790192015,98.70976257324219,97.7550162403031,98.70976257324219,31454000
2016-03-14,98.33900609444774,99.10836756056118,98.31119904154987,98.87663269042969,25374900
2016-03-15,98.5244130156879,98.95080439206431,98.20924986759086,98.83956909179688,26524600
2016-03-16,98.59855031076079,99.97968808964956,98.57073618722397,99.72014617919922,31693100
2016-03-17,99.43277780413888,99.89624746441581,99.06200773350595,99.66451263427734,29623700
2016-03-18,99.90438546863034,100.07172978303534,99.29079437778844,99.82071685791016,37682300
2016-03-21,99.64407834971558,100.30415676173256,99.58829927328075,100.21118927001953,17288600
2016-03-22,99.64408007058668,100.75041239208372,99.625489409109,100.51799011230469,18840300
2016-03-23,100.32276357689426,100.3971333212027,99.46744413417397,99.6905746459961,20912900
2016-03-24,99.20711303345294,99.74633435953974,99.03976872856269,99.71844482421875,19017300
2016-03-28,99.99734432500296,100.01594207664532,99.40234394579967,99.57898712158203,13892300
2016-03-29,99.39306114013353,101.24314038966293,99.2257168250578,101.17806243896484,29963900
2016-03-30,101.78234158612582,102.30296508857822,101.45694480412983,101.6707763671875,23807200
2016-03-31,101.59641814703754,101.97759406177751,101.36399588477109,101.52204132080078,21447200
2016-04-01,100.90846793186722,102.63769043379982,100.76901313145993,102.60050201416016,26389000
2016-04-04,102.60045139982792,102.67482820241607,101.96826276375326,102.2099838256836,17163000
2016-04-05,101.41976691471945,101.80094279922969,101.09437719194484,101.22453308105469,20107900
2016-04-06,101.3268242478365,102.9258908118536,101.3268242478365,102.88870239257812,25056000
2016-04-07,102.29370147499667,102.4796435706559,100.97354451416187,101.4104995727539,28567200
2016-04-08,102.04267100301686,102.28438504645067,100.98282606499333,101.33610534667969,22898000
2016-04-11,101.77305776683096,102.28438247010578,100.95492689284836,100.96422576904297,25772100
2016-04-12,101.03862086190423,102.00549846500446,100.42502259546991,101.81026458740234,28564100
2016-04-13,102.59117812180824,103.26985420206442,102.46102223128744,103.11180877685547,25356700
2016-04-14,103.13041551551753,103.50229258625804,102.26580434055604,103.1211166381836,17199700
2016-04-15,103.03746018093167,103.25128473409026,102.60050510321717,102.8608169555664,21353300
2016-04-18,102.56329656940834,103.44649833710348,102.49821861908306,103.40931701660156,17126100
2016-04-19,103.6045297642082,103.6045297642082,102.15421030628974,102.77710723876953,42481400
2016-04-20,102.77714832858244,103.33496045404023,102.42386187785189,102.8608169555664,18078300
2016-04-21,102.80501634985242,103.24197133609539,102.4052497765838,102.8700942993164,20216000
2016-04-22,101.53132172373769,102.00546503852114,100.51796424925892,101.31749725341797,39074000
2016-04-25,101.01069822073673,101.32678903528353,100.82475618897692,101.31749725341797,14351900
2016-04-26,101.53134905012283,101.69869337726448,100.5179913029066,100.82478332519531,19118300
2016-04-27,99.79282257752845,100.24837533427916,99.1885303490831,100.01595306396484,33059800
2016-04-28,100.12749143215439,100.7131999771262,98.6121010825662,98.80733489990234,29818200
2016-04-29,98.8073361660522,99.01186886101483,97.50577027416917,98.28671264648438,67502800
2016-05-02,98.53774686291207,99.35587781987425,98.12868847739601,99.21642303466797,24813800
2016-05-03,98.50983735849331,98.95609116211371,98.03569402207732,98.29601287841797,38569400
2016-05-04,97.70101493686231,98.06360017733071,97.42211248883989,97.66383361816406,27474500
2016-05-05,98.01710880630174,98.23094039121227,97.44069908899138,97.63593292236328,20788100
2016-05-06,97.15250457019368,98.17516109444493,97.05953708489166,98.15657043457031,30758500
2016-05-09,98.16585230643115,98.89101564168352,98.11937211495537,98.43546295166016,19289600
2016-05-10,98.78876415179721,99.83001138743298,98.61212095590979,99.78353118896484,21178900
2016-05-11,99.63475962087652,99.93225979086164,98.85382433452695,98.8817138671875,20966300
2016-05-12,99.11414804941992,99.23500506984504,97.74750404053273,98.44477081298828,29196300
2016-05-13,98.36108570788564,98.96537780162429,97.88694239610871,98.0821762084961,21059300
2016-05-16,98.23094401640714,99.6719577234174,98.13796944121067,99.30937957763672,18311900
2016-05-17,99.22569444073181,99.51389571552731,97.8032645369918,98.06358337402344,29932700
2016-05-18,97.8404680152284,98.94680019092046,97.6545330530958,98.41687774658203,27524400
2016-05-19,98.0357269092375,98.27744809616004,97.1897133944575,97.90557098388672,27334600
2016-05-20,98.29603320094053,99.38376776263763,98.24024703085206,98.98400115966797,29549600
2016-05-23,99.09555009994045,99.44883647011346,98.76086857535377,98.85383605957031,15729800
2016-05-24,99.40236142634225,100.95494059220167,99.37447188693817,100.8340835571289,29931300
2016-05-25,101.21525419393738,101.86603372240155,101.0386109963693,101.55923461914062,37951700
2016-05-26,101.66151659975857,101.98690641396303,101.41979541222128,101.85675048828125,21885900
2016-05-27,101.92183595054166,102.39597948210768,101.9032452853475,102.38668060302734,19870000
2016-05-31,102.52610721829654,102.73993882053237,102.06126269366301,102.5818862915039,24366100
2016-06-01,102.2657739548991,102.82358584878776,102.18210536264918,102.5911636352539,19571500
2016-06-02,102.38663604423144,102.81429208724583,101.8288241226024,102.80500030517578,15696600
2016-06-03,102.60977211885073,102.65625231064216,101.65218654082506,102.32156372070312,20269900
2016-06-06,102.50749310941617,102.96303865331998,102.33084996071426,102.69342803955078,12502400
2016-06-07,102.74924215277261,102.85150852712356,102.386663950243,102.43315124511719,12184300
2016-06-08,102.60977935791016,102.8236038597563,102.22860345632415,102.60977935791016,14568700
2016-06-09,102.1914009873567,102.55397908666791,101.99616717180169,102.44242095947266,17571600
2016-06-10,101.51274145763468,101.70797529124368,100.92703286384366,101.28031921386719,32965000
2016-06-13,100.70392924929153,101.27104020276215,100.30416262787726,100.43431854248047,25154700
2016-06-14,100.16470783566942,100.79689674644163,99.69986325695352,100.43431854248047,24588500
2016-06-15,100.67601769602567,100.8154724577409,99.97875098041341,100.1460952758789,24605700
2016-06-16,99.65336169042288,100.5365633634495,99.011874039573,100.44359588623047,32079900
2016-06-17,100.23572619259505,100.3755523996736,99.03323219068969,99.26627349853516,29208800
2016-06-20,100.4221648984332,100.89756405249325,99.81625606726222,99.89083099365234,20562800
2016-06-21,100.02131823752465,100.41282587331655,99.83488095010804,100.20774841308594,22804100
2016-06-22,100.26367799081675,100.8509465677665,99.8814939899363,99.96538543701172,22724200
2016-06-23,100.73908879370731,101.41024884838309,100.31961731546285,101.3916015625,18714200
2016-06-24,97.78412883625812,99.27559170237329,97.0011063866377,97.21550750732422,68012700
2016-06-27,96.57233541740818,96.57233541740818,94.84783082478367,95.28594970703125,48222600
2016-06-28,96.33929634685217,97.42061166583954,96.29269234218691,97.3740005493164,28260600
2016-06-29,98.1383814275543,99.30358828742145,98.09177742027457,99.0985107421875,31356700
2016-06-30,99.26630241768784,100.31033034125942,98.93072226767764,100.24507904052734,36300800
2016-07-01,100.19843193853427,101.1212805755888,100.16114447838356,100.7484130859375,19902800
2016-07-05,100.2170925441804,100.35691876036563,99.5925363934673,100.13319396972656,21167900
2016-07-06,99.65778218774368,101.00009520253413,99.34084233034956,100.9534912109375,24579300
2016-07-07,101.04672302695202,101.47551822461872,100.77639422827707,101.25180053710938,19161700
2016-07-08,101.79241523887329,102.8737300534517,101.62462525426129,102.81780242919922,29457900
2016-07-11,103.16273298988402,103.78728203976385,103.15341645733554,103.40509796142578,20218500
2016-07-12,104.03897880009373,104.20676885324114,103.78729016444389,103.92711639404297,21906100
2016-07-13,104.16946912461857,104.2347204091709,103.6660990244191,103.67542266845703,21107800
2016-07-14,104.36521044121494,104.57961155719252,104.12284550833935,104.38385772705078,20871000
2016-07-15,104.62621227455597,104.68214701845766,103.98302317045867,104.216064453125,17999300
2016-07-18,104.28131957652268,105.09229871854488,104.26267229058205,104.90586853027344,20713900
2016-07-19,104.542336558078,104.84995280433316,104.33725906057457,104.52368927001953,18936700
2016-07-20,105.09231491666623,105.9405887613161,104.96181234239039,105.74483489990234,24997900
2016-07-21,105.81939706879146,106.02447456366139,105.21349533994771,105.5024642944336,18885400
2016-07-22,105.57703079297173,106.0617535597189,105.2507744007519,105.9405746459961,20003400
2016-07-25,105.85670604936075,105.9778921092474,105.59570086169407,105.9499282836914,12968100
2016-07-26,105.91261668555677,106.45326711748193,105.53974916874688,106.07108306884766,21223800
2016-07-27,106.96595386074125,107.08713277325654,106.36004507445303,106.80748748779297,27646100
2016-07-28,106.97528140279071,107.3015378036507,106.63970135851868,107.18035888671875,16939700
2016-07-29,107.4227457943313,107.70239827753075,107.07784912515778,107.4134292602539,22385300
2016-08-01,107.48798626891704,108.25236158592278,107.35748368639342,107.9820327758789,13990100
2016-08-02,107.82356445110834,107.91677956384363,106.47192753680366,107.16172790527344,21278400
2016-08-03,107.07781850809778,107.52525381905079,107.01256722892313,107.51593017578125,15011300
2016-08-04,107.47864318464374,107.92607846794695,107.22695461491203,107.82353973388672,12835300
2016-08-05,108.37351550197253,109.10060313526363,108.25232948852052,108.85823822021484,23196600
2016-08-08,108.9141747219756,108.9421456509505,108.39216450413737,108.73706817626953,12358200
2016-08-09,108.82097948606021,109.33367326632268,108.75572819692292,108.98876953125,13276500
2016-08-10,109.05398005140759,109.08194386317564,108.42010757453188,108.7090835571289,14688400
2016-08-11,109.08196395169263,109.40822744734986,108.85824630449389,109.17518615722656,12969800
2016-08-12,108.98876597014296,109.25909476255251,108.86758704052085,109.24977111816406,19379000
2016-08-15,109.3895639769692,109.96750885123427,109.35227652264358,109.7158203125,11777800
2016-08-16,109.51078621077284,109.52010274354537,109.09130754472515,109.10995483398438,14161400
2016-08-17,109.1379121753884,109.3429896739199,108.53200332386987,109.30570220947266,15980300
2016-08-18,109.20316137328663,109.4921303274096,109.01672405461332,109.33366394042969,10036300
2016-08-19,109.1379121753884,109.54806006059474,108.83961957166713,109.30570220947266,18743000
2016-08-22,109.14723006574376,109.57603235629436,108.94215967651719,109.38959503173828,14500600
2016-08-23,109.81838371524591,110.0048210287752,109.53873841273649,109.58534240722656,11997900
2016-08-24,109.51075700090529,109.65989971591279,108.51334064729039,108.87688446044922,17728700
2016-08-25,108.59726745198637,109.03538632123492,108.46676486691541,108.6998062133789,24266300
2016-08-26,108.73705931861808,109.56668568089692,108.20572550107035,108.85823822021484,23896000
2016-08-29,108.88622210629933,109.2963770978551,108.86758193025432,109.00740814208984,11184900
2016-08-30,108.83031194641725,109.14724477308343,108.28033776654675,108.6531982421875,19843300
2016-08-31,108.4853860513602,108.65317607591086,108.08455472114785,108.54132080078125,16169800
2016-09-01,108.57861078494905,108.95147119318277,108.04727688017392,108.82096862792969,20944700
2016-09-02,109.36161634458288,109.58533399178162,108.76503121081572,109.17518615722656,18088200
2016-09-06,109.36162829251255,109.85567474365234,109.11926333298595,109.85567474365234,18525200
2016-09-07,109.95821641998734,110.10736627962419,109.50145742059875,109.92092895507812,17546900
2016-09-08,109.59465031002696,109.62261412507588,108.98874157383072,109.27771759033203,20125300
2016-09-09,108.36422179440585,108.60658677640582,106.5092147416754,106.5278549194336,50813300
2016-09-12,105.93126992689189,108.5879397550761,105.92194628206114,108.43879699707031,39646000
2016-09-13,107.89815562416209,108.21508847753027,106.94734995219922,107.4693603515625,45863900
2016-09-14,107.58120849516878,108.56930150909253,107.55323756017884,107.9820327758789,28221800
2016-09-15,108.00999037100694,109.82770976869932,108.00066672716181,109.65991973876953,38521400
2016-09-16,109.54217495681442,109.71973237416641,109.06557759583913,109.60758972167969,27596500
2016-09-19,109.88793234959516,110.22435316725088,108.91605790933914,109.13098907470703,16222900
2016-09-20,109.52349857854334,109.78516480979623,109.1497039361051,109.33660125732422,18078600
2016-09-21,109.8038280252486,110.57011828457827,109.15902028556202,110.4112548828125,31546800
2016-09-22,111.05607815545478,111.41119304324971,110.94394261587804,111.28970336914062,22614400
2016-09-23,111.20558919389416,111.20558919389416,110.42061198653415,110.57947540283203,22213400
2016-09-26,109.95335156139694,110.08418108399836,109.4954411026177,109.65430450439453,16403900
2016-09-27,109.57954821666165,110.79439478387215,109.47675257478645,110.73832702636719,20238400
2016-09-28,110.87850354950325,110.99063906451288,110.35517833731978,110.92522430419922,14794300
2016-09-29,110.73831768349199,110.94390894989688,109.64495372634624,110.12154388427734,27207500
2016-09-30,110.41125124503229,111.27099011650527,110.29910860235903,110.94391632080078,25543200
2016-10-03,110.80375157485999,110.92523410341032,110.35518808617263,110.78506469726562,19216400
2016-10-04,111.11215137018581,111.35512358504423,110.19633740936601,110.61686706542969,21239700
2016-10-05,110.94391599056554,111.36443842240902,110.89718810717225,111.00933074951172,14481300
2016-10-06,110.86917643626495,111.18691042169901,110.41127303192292,110.95328521728516,11987100
2016-10-07,111.05605731925075,111.21492785330356,110.16828452567773,110.71029663085938,19984200
2016-10-10,111.28034905655088,111.65415077588666,111.23362116800585,111.41117858886719,19687300
2016-10-11,111.31776286151383,111.33644974465325,109.33661815392148,109.82255554199219,27774400
2016-10-12,109.92532450901325,110.10288193923311,109.39265934802881,109.72908020019531,14267800
2016-10-13,108.98149349513757,109.6356412490803,108.34603262144643,109.33660125732422,22821000
2016-10-14,109.87858214222612,110.31779856450666,109.4019848404245,109.46739959716797,21313300
2016-10-17,109.37397204946984,109.61694424836274,109.02820419449435,109.16838073730469,14182700
2016-10-18,110.4673402771548,110.6542447176074,110.08419865115894,110.14026641845703,19276700
2016-10-19,110.05615863329899,110.28978383872132,109.93467609316254,110.13092041015625,13702900
2016-10-20,110.01872451637432,110.2430025942278,109.36457002226693,110.00003051757812,18132200
2016-10-21,110.08418107633172,110.47666964410865,109.71972638772823,110.4112548828125,15707800
2016-10-24,111.12146120320787,111.8129895975975,111.10276720003145,111.73822784423828,19143000
2016-10-25,111.8036783429247,111.82237235207813,111.2149453887505,111.3831558227539,20341800
2016-10-26,110.6635481731518,111.23359405199894,110.29909354630502,110.62616729736328,20463700
2016-10-27,111.10277233587391,111.19622096705606,109.96268049830032,110.12154388427734,19099800
2016-10-28,109.80384018509653,110.37388622366551,109.09361760546264,109.43003845214844,35369300
2016-10-31,109.83185591808564,109.83185591808564,109.27115697615434,109.32722473144531,18749400
2016-11-01,109.5141376347471,109.53282451140367,107.56102749427352,108.50487518310547,23498700
2016-11-02,108.43011211118183,108.68243128589047,107.36478191272703,107.63578796386719,26960100
2016-11-03,107.45821385728526,107.81332862137505,106.45829857621995,106.57978820800781,36205200
2016-11-04,106.31815971013465,107.03772936498686,106.01911972010764,106.20602416992188,26997500
2016-11-07,107.92550045686743,108.84131442087174,107.74795014472039,108.72917175292969,26591200
2016-11-08,108.61704150331553,109.93468404983244,108.36472227057921,109.43939971923828,20777900
2016-11-09,108.15909311795434,110.12154287346038,108.0282636095655,109.9439926147461,70234400
2016-11-10,110.47666713027144,110.6261835256858,106.71997055367589,108.16844940185547,72825400
2016-11-11,107.70120882087117,108.44881225457792,107.31806010043591,108.2151870727539,41115200
2016-11-14,108.24323143097895,108.34602709130537,106.56112710716074,107.121826171875,35906000
2016-11-15,107.9348319931455,108.9814753549134,107.77596858358484,108.60767364501953,31796600
2016-11-16,108.093686010872,109.32722655557207,108.093686010872,109.25247192382812,16538100
2016-11-17,109.19641483190533,110.06550084340634,108.9721366407785,110.04681396484375,20598600
2016-11-18,110.17764756002292,110.3645448712301,109.53283971590999,109.63563537597656,16428700
2016-11-21,109.90662514514655,110.87850670437012,109.86924426252169,110.77571105957031,20268500
2016-11-22,111.21492485376274,111.38313525670739,110.84112316614416,111.11212921142578,18850600
2016-11-23,110.74769062668132,110.86917316270645,110.17764457436884,110.66358184814453,22926000
2016-11-25,110.79440670310485,111.06541277632387,110.66357716840257,111.01869201660156,7162800
2016-11-28,110.8784847887951,111.28032028549512,110.6542066670497,110.76634216308594,13479000
2016-11-29,110.86917540884919,111.68219367935838,110.5514485560349,111.14952850341797,18553000
2016-11-30,111.28970117409258,111.32708206310612,109.76646737758804,109.80384826660156,30405300
2016-12-01,109.76646151441815,109.77580851859116,107.73859651906264,107.90680694580078,39796600
2016-12-02,107.97221058676489,108.55160358129386,107.67317065112805,108.1217269897461,32876800
2016-12-05,108.68245309149938,109.39266861318114,108.18716164576173,108.96279907226562,21419700
2016-12-06,109.27116941616512,109.41134595002485,108.76653817207487,109.22444152832031,27293300
2016-12-07,109.0001634190645,110.74768233228589,108.67308959297353,110.60750579833984,26622400
2016-12-08,110.65424029715345,111.08410979850873,110.43930198163825,110.80375671386719,18578400
2016-12-09,111.21493294613852,111.71021718816017,111.20558594260754,111.67283630371094,21863100
2016-12-12,111.17751411459848,111.40179221506862,110.71026391297686,111.16816711425781,23259300
2016-12-13,111.50464635812952,113.17740381351913,111.50464635812952,112.56997680664062,54477900
2016-12-14,112.7101359542063,113.07459067609409,112.00926039216439,112.33633422851562,28746000
2016-12-15,112.48585161784659,113.17738013826002,112.21484555978638,112.51388549804688,22762300
2016-12-16,112.79035994052022,113.01530847621461,111.87184511408674,112.09678649902344,26283900
2016-12-19,112.20926998775437,113.2496338108711,112.04993679161245,112.5560531616211,21138700
2016-12-20,112.91223789963851,113.19341291545535,112.78102146210541,112.98722076416016,11461800
2016-12-21,113.03408662380326,113.10906949292361,112.64981193339148,112.90287017822266,7079300
2016-12-22,112.9122390953535,112.94035588215698,112.14368260276672,112.58419799804688,16645000
2016-12-23,112.3967315724919,112.70603050336105,112.29363192886886,112.65916442871094,9007500
2016-12-27,112.90287962165254,113.89637769293537,112.85602068760294,113.24029541015625,16110600
2016-12-28,113.48397449245533,113.58707414781138,112.28427721277751,112.3592529296875,17975200
2016-12-29,112.33112182182236,112.59355467445148,111.84374754561956,112.19990539550781,13267500
2016-12-30,112.41547061089831,112.42483810436684,110.72839218797382,111.04706573486328,41749000
2017-01-03,111.78749253524667,112.4623238704532,111.43133473089124,112.04055786132812,22307600
2017-01-04,112.16239891189264,112.85597953018663,112.15303141895528,112.6497802734375,19749100
2017-01-05,112.56544994917023,113.36212323735654,112.56544994917023,113.28714752197266,20644300
2017-01-06,113.40897596731342,114.58055629755427,113.11842633365653,114.28063201904297,24074300
2017-01-09,114.37435071284692,114.86173210779549,114.29936785966123,114.65553283691406,18909200
2017-01-10,114.70240818250092,115.25539786548562,114.43997530952899,114.90860748291016,16176600
2017-01-11,114.95546265972615,115.2178955078125,114.36498160077308,115.2178955078125,20686000
2017-01-12,114.80549412195688,115.11479303563243,113.97132952502002,115.03981018066406,19622500
2017-01-13,115.09605596822246,115.63029631958227,115.09605596822246,115.4334716796875,16930800
2017-01-17,115.1335364730845,115.31161896795409,114.74926185086332,115.08667755126953,14538500
2017-01-18,115.25537568110406,115.43345816095457,114.96482607777583,115.32098388671875,12499700
2017-01-19,115.48969665634634,115.89272055112734,115.0210645531479,115.26475524902344,12710700
2017-01-20,115.77086518214011,116.0614219324618,115.20850811976351,115.51780700683594,22091000
2017-01-23,115.44285675480526,115.78027251765567,114.88049953364127,115.61156463623047,17434200
2017-01-24,115.83649093765487,116.56756309534532,115.63966629353945,116.38948059082031,17640900
2017-01-25,117.12052749040454,117.58915956606275,117.0174278616991,117.56104278564453,15036200
2017-01-26,117.72040616764599,117.92660547794205,117.47671542359066,117.68291473388672,16052200
2017-01-27,117.93596895781894,118.02031931272107,117.52357037627299,117.90785217285156,15053000
2017-01-30,117.5141921826176,117.5141921826176,116.34261183929242,116.98932647705078,25006700
2017-01-31,116.57693762632753,116.78313692806388,116.08018866346788,116.75502014160156,19091100
2017-02-01,117.57978492233734,117.79535882347362,117.02680250542451,117.56104278564453,22861900
2017-02-02,117.35484714546047,117.81410459154895,117.02680611254013,117.45794677734375,15101400
2017-02-03,117.5797904685779,117.91720615102834,117.46732334159998,117.79536437988281,16957200
2017-02-06,117.59854317006119,117.95470100042554,117.48606888906052,117.93595886230469,11630100
2017-02-07,118.17963881796484,118.61078663997749,118.06717169114269,118.36709594726562,17541100
2017-02-08,118.2077688588388,118.73263454648689,117.9828202920536,118.56392669677734,12569100
2017-02-09,118.68575726529349,119.25748897138347,118.62014906053356,118.99505615234375,17542700
2017-02-10,119.25750122836124,119.55742550248323,119.05130194913511,119.38871765136719,13915700
2017-02-13,119.75425440521776,120.21351190210721,119.70739548147908,120.06356048583984,19120200
2017-02-14,120.1104106230484,120.47594311672336,119.72613599028502,120.4665756225586,16333500
2017-02-15,120.38222039629208,121.23513428083875,120.31660503524208,121.17888641357422,17891400
2017-02-16,121.25388560367738,121.49758349010284,120.83211950223524,121.14141845703125,15098300
2017-02-17,120.96332680790923,121.67565682027237,120.9445775177107,121.66627502441406,15563700
2017-02-21,121.90061123791031,122.34112667049337,121.8350101636535,122.26614379882812,18479600
2017-02-22,122.15362459234537,122.39730809528338,121.94742535850769,122.31295776367188,12110900
2017-02-23,122.50041323835978,122.50041323835978,121.36633170260694,121.85369873046875,17489000
2017-02-24,121.30072946871469,122.08802795410156,121.26324519387002,122.08802795410156,18624500
2017-02-27,121.8631218096028,122.24738934607856,121.65692249660611,122.23802185058594,12008700
2017-02-28,122.2098889812788,122.26612254987464,121.52569006083276,121.86310577392578,16598600
2017-03-01,122.64105581236511,123.41897270028804,122.4067397059613,123.19403839111328,25813800
2017-03-02,123.1658822822678,123.18461726770452,122.42543561356499,122.57540130615234,19951400
2017-03-03,122.49107033589472,122.83785354101151,122.1630221191771,122.80036926269531,13722700
2017-03-06,122.3973403949808,122.73475611198252,122.04118968924207,122.52855682373047,12026200
2017-03-07,122.28485001768209,122.85658169890858,122.10676754789615,122.32233428955078,15500900
2017-03-08,122.39733513101982,122.92220082344548,122.27550050339653,122.53793334960938,15776000
2017-03-09,122.50979533733624,122.8003449166162,121.9755479420034,122.63162994384766,20855300
2017-03-10,123.19402183700595,123.34398755731769,122.61292254769573,123.14715576171875,21922600
2017-03-13,123.10030526913323,123.38148745493176,123.03470419664161,123.3533706665039,10731600
2017-03-14,123.07219320220261,123.11905928522033,122.55669489204894,123.0534439086914,14019700
2017-03-15,123.3064685353601,124.10314877861818,122.9128193109376,123.8125991821289,22709100
2017-03-16,124.04693695965321,124.04693695965321,123.44708837423009,123.72825622558594,18457300
2017-03-17,123.88230073497682,124.01379010035733,123.61932200421582,123.68507385253906,21234500
2017-03-20,123.6474823727928,124.07952699627361,123.46904380155983,123.79776000976562,10105200
2017-03-21,124.26735323044228,124.3800542801635,121.84418034259699,121.91931915283203,35841900
2017-03-22,121.9568983231951,122.86793671122844,121.79721939100276,122.74583435058594,29177900
2017-03-23,122.58618309657827,122.92430062102542,122.22927728431057,122.43590545654297,20311700
2017-03-24,122.83036759567851,123.30936142754229,122.21988441793465,122.68949127197266,22967600
2017-03-27,121.81600812767955,123.10274057965923,121.53424116506473,122.88671112060547,18472400
2017-03-28,122.88674095688422,124.00440777015362,122.61437523669413,123.63811492919922,23721900
2017-03-29,123.72261105005371,124.25796971366334,123.5911217112964,124.21100616455078,13710000
2017-03-30,124.16404897285346,124.54913003152495,124.05134791422329,124.41764068603516,16092400
2017-03-31,124.23923326297714,124.6712780313025,124.09835688812596,124.33316040039062,19841400
2017-04-03,124.43644089017164,124.73698185238949,123.56296460834356,124.25798797607422,23700300
2017-04-04,123.90105237001532,124.47397322066692,123.85408882528748,124.45518493652344,13400000
2017-04-05,124.63367354220462,125.36625918996558,123.71324799293728,123.94805145263672,32011200
2017-04-06,124.07013591757901,124.34250158573417,123.6944418375639,124.0137710571289,18832200
2017-04-07,123.97622672129938,124.32373125564946,123.50661980190051,123.94805145263672,16743100
2017-04-10,124.07014920002364,124.5115808342594,123.65689283339736,123.99501037597656,15619300
2017-04-11,123.88229912127454,124.07015335331339,122.56740548459744,123.45965576171875,33778400
2017-04-12,123.44087748041817,123.54419158390955,122.83039417059346,122.96188354492188,15955200
2017-04-13,122.79280852657982,123.51599278197841,122.45469100968357,122.47346496582031,23683000
2017-04-17,122.82095937684788,123.5065812524161,122.77399583331332,123.48779296875,13325500
2017-04-18,123.07454847304193,123.65687067222959,122.99002268536175,123.29996490478516,12841100
2017-04-19,123.8353327781597,124.24857477023626,123.32814935178239,123.4972152709961,17764800
2017-04-20,123.99500533735377,124.80272974895578,123.80716545050173,124.53034973144531,21977900
2017-04-21,124.64303448881714,124.68998370054054,124.18281469758585,124.50214385986328,22454900
2017-04-24,125.88281096317202,126.12700136572052,125.66679582509974,126.00491333007812,22469900
2017-04-25,126.41812686783962,127.14131085300491,126.30541151681658,126.91590881347656,19384400
2017-04-26,126.96292810389677,127.27287041060217,126.6623871082007,126.7375259399414,25398500
2017-04-27,127.04745713707993,127.49827575683594,126.97231831190967,127.49827575683594,16136500
2017-04-28,128.00542359285222,128.05238714216986,127.51704280748555,127.72367095947266,22771900
2017-05-01,128.14631022093295,129.02917332786237,128.08995969602472,128.860107421875,24815500
2017-05-02,129.01976032004538,129.13247569090353,128.69104417746775,129.07611083984375,18345100
2017-05-03,128.7850214265582,128.83198499366245,128.31541441805263,128.66293334960938,23827600
2017-05-04,128.64405560759783,129.07608572951293,128.25897468887368,128.7097930908203,14630100
2017-05-05,129.0385822819004,129.17945861816406,128.55958840733877,129.17945861816406,19330700
2017-05-08,129.245197021309,129.46121215820312,128.98221833345607,129.46121215820312,13279900
2017-05-09,129.65845662325506,130.20320229939256,129.54574123184673,129.91204833984375,28426100
2017-05-10,129.98716735839844,130.03413090857123,129.5269618279898,129.98716735839844,20499400
2017-05-11,129.63031841620744,129.9214724589897,129.02922203815973,129.88389587402344,27232100
2017-05-12,129.94023012807182,130.20320883578646,129.82751473100504,130.17503356933594,19738600
2017-05-15,130.2313654017237,130.66339564610428,130.1092630437949,130.5882568359375,20481300
2017-05-16,130.92639794061964,131.15181441179442,130.5413311745191,131.13302612304688,21786000
2017-05-17,130.0905055156162,130.33471028921096,127.78004746459509,127.79883575439453,55642200
2017-05-18,127.75187263864413,129.34853332675064,127.61098196155861,128.91648864746094,41319900
2017-05-19,129.37668636523546,130.00595782054523,129.29216057226782,129.46121215820312,36730100
2017-05-22,129.7523372435788,130.6164262614434,129.70538803432873,130.55067443847656,19509700
2017-05-23,130.93578164597366,130.94516862345273,130.34407244573745,130.68218994140625,19687500
2017-05-24,131.07666650961832,131.34904651816416,130.71037372636974,131.28329467773438,15891900
2017-05-25,131.78113147387296,132.7391338933153,131.4993643703581,132.40101623535156,23928600
2017-05-26,132.42914452456694,132.69212323953298,132.2506916112832,132.63577270507812,13851600
2017-05-30,132.5700059690666,132.90812346907992,132.48548017687918,132.7484588623047,20306400
2017-05-31,133.2180933275096,133.2180933275096,132.02530201817243,132.70152282714844,33229400
2017-06-01,132.97387295983808,133.2744138816229,132.41033902600452,133.2180633544922,20120700
2017-06-02,133.68763421692398,134.76773824426536,133.4716191439595,134.73956298828125,37222900
2017-06-05,134.73022933054858,134.94624451197492,134.52360112874368,134.71144104003906,15727500
2017-06-06,134.55173561692726,134.99316715687237,133.97881474580248,134.17605590820312,22393000
2017-06-07,134.55177922007175,134.81475796765258,133.93190893292663,134.70205688476562,18842400
2017-06-08,135.00252953696602,135.05888004389976,134.1102654063214,134.84286499023438,25417400
2017-06-09,135.00255173546068,135.15281500157243,129.71477521941668,131.47109985351562,109783700
2017-06-12,130.36288381952915,131.0015423515318,129.11372769294832,130.76673889160156,104454000
2017-06-13,131.499302924892,132.01587331808048,130.81368094734916,131.82803344726562,51193000
2017-06-14,132.36334618174993,132.36334618174993,130.19376537980835,131.2550811767578,60093800
2017-06-15,129.9308189426269,130.81368210767766,129.13249590176667,130.6728057861328,55145200
2017-06-16,130.6050497072237,130.69923273873871,129.62561228290753,130.1059112548828,48087400
2017-06-19,131.3677909792894,132.40373163222924,131.17001252201558,132.28131103515625,39626500
2017-06-20,132.14954569274914,132.31905787270188,131.19834611531334,131.2454376220703,40935100
2017-06-21,131.54675319656428,132.61096053637482,131.46199713506752,132.5450439453125,35743400
2017-06-22,132.75225529605788,132.99711096790188,132.16834658580277,132.50738525390625,24099100
2017-06-23,132.35670840934662,133.18547285532236,131.98941768811807,133.01596069335938,21654300
2017-06-26,133.7787699567573,134.00478613181238,132.10241626367005,132.3943634033203,34411100
2017-06-27,131.89524338764485,132.05534299050032,129.9834463348948,129.99285888671875,65957800
2017-06-28,130.47312529768513,131.9799666932228,129.71971897022084,131.86695861816406,57427200
2017-06-29,131.32074537645636,131.32074537645636,128.31648912987305,129.57846069335938,88769400
2017-06-30,129.9457331790364,130.59555834152528,129.2017394121736,129.6255340576172,68898300
2017-07-03,130.2188519778489,130.36952461519903,128.17520793631638,128.2599639892578,32797000
2017-07-05,128.66498653558128,129.87045448749072,128.23177912459184,129.52200317382812,42116600
2017-07-06,128.53306499264207,129.07929458951008,127.89266679857123,128.3541259765625,48430500
2017-07-07,128.78735584536474,130.08700615550086,128.77794329612615,129.73854064941406,36970400
2017-07-10,129.82337853465944,130.8969988882231,129.4937523260684,130.58621215820312,24853500
2017-07-11,130.39780320842956,131.11354500632416,129.9080775728673,130.9534454345703,31517700
2017-07-12,132.0741779598509,132.6580722997984,131.8104828146935,132.50738525390625,36045800
2017-07-13,132.66748409321374,133.119545228307,132.4132158713198,132.79933166503906,31073600
2017-07-14,133.39264929244098,134.0142225585442,132.96885456384592,133.84469604492188,34544800
2017-07-17,133.98595752682195,134.38150019313042,133.65633145307865,133.91061401367188,25343200
2017-07-18,133.8164188319865,134.83353461134126,133.39262418316483,134.80528259277344,25748500
2017-07-19,135.2008927191549,135.79421414589086,135.14438865381084,135.596435546875,33752300
2017-07-20,135.94484082206378,136.0295968824157,135.16316806810605,135.7753143310547,36139400
2017-07-21,135.27619209950782,135.7188262939453,135.00308441606893,135.7188262939453,39697100
2017-07-24,135.7000107422102,136.4345922219771,135.53991112434403,136.34042358398438,26712700
2017-07-25,135.88833256231553,136.31214163634397,135.62463744131927,135.99192810058594,28120900
2017-07-26,136.33097476812736,136.50991383298077,136.11437112818714,136.4345703125,18610600
2017-07-27,137.32925765583727,137.46110521643945,134.01421479887432,135.5775604248047,80665900
2017-07-28,134.767651375468,135.69058440779014,134.55103335243612,135.4645538330078,38013200
2017-07-31,135.85067232210267,136.0201844608752,134.5981132722697,134.8900604248047,33848600
2017-08-01,135.35153848221475,135.3892030575074,134.7864692606744,135.2008514404297,20149400
2017-08-02,136.0767262550434,136.1049782830258,134.3061891931653,135.5681610107422,41769700
2017-08-03,135.70000942516376,135.7753529570124,134.79591578359899,135.040771484375,27112800
2017-08-04,135.34211716962395,135.58697281894354,134.72995649086545,135.2855987548828,29472900
2017-08-07,135.5304775532643,136.1426239013672,135.34212593617934,136.1426239013672,17933900
2017-08-08,135.87897452893702,136.9996864279755,135.52109627672317,135.9072265625,30810400
2017-08-09,134.7864533633887,135.79415666987782,134.47566676522774,135.7282257080078,36169500
2017-08-10,134.95600389629124,135.05017252534307,132.68632869261216,132.81817626953125,63331700
2017-08-11,132.99708720639913,134.1177985582436,132.6957131684589,133.8258514404297,45862500
2017-08-14,134.89006330984552,135.7564922350411,134.85239873497054,135.54930114746094,34161000
2017-08-15,135.8883493319698,135.89777625407996,135.27620294775062,135.64349365234375,25509200
2017-08-16,135.98250177777837,136.51931888634937,135.426859569833,135.87890625,31913000
2017-08-17,135.35152817186747,135.5587192459624,133.10069274902344,133.10069274902344,70191000
2017-08-18,133.17602673368015,133.92002054082863,132.46027057609896,133.00650024414062,60751900
2017-08-21,132.99707465133403,133.28902174158785,132.0176234907946,132.83697509765625,37111500
2017-08-22,133.55273812178496,135.00307562581233,133.50564662900115,134.86180114746094,36294200
2017-08-23,134.18369125309513,134.68282934053363,134.0895226607365,134.3814697265625,25702300
2017-08-24,134.68286428548487,134.83355131671908,133.23254112819762,133.9859619140625,38160800
2017-08-25,134.50394247227487,134.84296674432596,133.52449111866102,133.70343017578125,26380400
2017-08-28,134.10837093148587,134.4285844376864,133.68457626688237,134.1177978515625,15362100
2017-08-29,132.96887903380684,134.8712637572868,132.8464439942319,134.64523315429688,24498300
2017-08-30,134.7581934843475,136.45338647986904,134.67343742714758,136.22735595703125,33642700
2017-08-31,136.6134985961873,137.69654545103157,136.53815508165246,137.68711853027344,38480700
2017-09-01,137.86603938273078,138.05439095905254,137.13145817586297,137.49874877929688,22293600
2017-09-05,137.09380944191173,137.38575657447356,135.238516741748,136.26504516601562,44794300
2017-09-06,136.613542891493,136.9902605863135,135.69060968722656,136.67947387695312,30722700
2017-09-07,136.93367231964837,137.3480543874651,136.5004651544242,136.99960327148438,22721100
2017-09-08,136.82069253112516,136.88662349658733,135.67172905846573,135.81300354003906,27890100
2017-09-11,136.87717411753684,137.61175531621168,136.83950955081423,137.37631225585938,27126300
2017-09-12,137.76243665009633,137.88487163493446,137.05610749812894,137.7059326171875,30256700
2017-09-13,137.4705533308386,137.91318762100715,137.24452272405784,137.89434814453125,28450900
2017-09-14,137.3575337110395,137.7719015666423,136.99965553951424,137.08441162109375,35296400
2017-09-15,137.05609873057037,138.0543749022421,136.8300682430909,137.55523681640625,46422400
2017-09-18,137.7148266028161,138.14898219108923,136.95975649940027,137.3750457763672,24858200
2017-09-19,137.62044084631634,137.80920477640248,137.14852382021868,137.6110076904297,20871200
2017-09-20,137.56376123833124,137.71477808616433,136.12912998743548,137.1862335205078,34236200
2017-09-21,137.09182886391108,137.10126201517255,135.86484231730765,136.34620666503906,28841800
2017-09-22,135.91209280117604,136.4123236572615,135.77052346521359,136.21412658691406,21702400
2017-09-25,135.6761039194037,135.75161234892659,134.11878396555466,134.7794647216797,54947700
2017-09-26,135.46839690839374,135.7232359403716,134.65669966729146,135.1286163330078,29628800
2017-09-27,135.84596161302701,136.85587046655493,135.50619534652154,136.34620666503906,33249400
2017-09-28,136.01587350219694,136.44059578190866,135.70440665660593,136.2990264892578,24149400
2017-09-29,136.57279457450807,137.38449249550737,136.21414740134495,137.28067016601562,43102400
2017-10-02,137.48826189435604,137.96017877368112,136.78981972832125,137.4033203125,27351300
2017-10-03,137.5825911644234,137.8562964985597,137.28055758023473,137.6958465576172,19715200
2017-10-04,137.43160980833264,138.12060429750485,137.29947368161797,137.82801818847656,26381100
2017-10-05,138.32829050468553,139.25324367028705,138.18672118404928,139.17774963378906,31562400
2017-10-06,138.70582008200233,139.3665008544922,138.70582008200233,139.3665008544922,23561100
2017-10-09,139.54585073331756,139.69685321507038,139.02673919733476,139.20606994628906,13704800
2017-10-10,139.67792419912954,139.8194934627677,138.69632929871744,139.30982971191406,19223100
2017-10-11,139.24380860608392,139.75348695690693,139.06447786789664,139.72515869140625,12439100
2017-10-12,139.51757728041895,140.01780825041814,139.32879892046188,139.4703826904297,14513500
2017-10-13,140.0366146427746,140.16875079714285,139.47975616377698,140.00830078125,18409900
2017-10-16,140.35754888557656,140.52743207870034,140.05551511767285,140.48968505859375,21809400
2017-10-17,140.44246494709694,140.68785653757993,140.2253872169866,140.66897583007812,13138200
2017-10-18,140.81056661296356,140.8294473214146,140.29145514376648,140.4990997314453,17218200
2017-10-19,139.67796115915283,139.99886117614983,138.9983997103592,139.97998046875,27680300
2017-10-20,140.5463231220372,140.66901174772528,140.18766159672487,140.35755920410156,30173300
2017-10-23,140.6501381547038,140.65957130949482,139.2438203956355,139.44203186035156,29297100
2017-10-24,139.71566448170452,139.97050354575143,139.1588062025049,139.67791748046875,20289500
2017-10-25,139.40420736782576,139.85724342280264,138.111160060071,139.1493682861328,36179100
2017-10-26,139.0644728673805,139.41370117720507,138.6680643875289,138.70582580566406,28230200
2017-10-27,141.0370259398617,143.0096488015591,140.81994827820802,142.74537658691406,60165100
2017-10-30,142.6415771969808,143.64203851305103,142.50944106847638,143.06629943847656,31733400
2017-10-31,143.52876929813644,143.81190783075627,143.113480247952,143.60426330566406,26319300
2017-11-01,144.1800023033096,144.246077562082,142.99077726121502,143.5570831298828,29481600
2017-11-02,143.39667220328835,143.45331433267094,142.30183586517634,143.28341674804688,31017400
2017-11-03,143.8025304428072,144.6802890378117,143.3117327930212,144.6614227294922,26199200
2017-11-06,144.54816850759147,145.20886381605956,144.50098832992688,145.1522216796875,28693900
2017-11-07,145.03889494773728,145.42587014644516,144.7274281586619,145.2371063232422,21333100
2017-11-08,145.16164585984762,145.8600736765619,144.99174828161892,145.82232666015625,17373500
2017-11-09,144.6236761036191,145.13335451562423,143.56658665910996,145.05784606933594,40594500
2017-11-10,144.71803717491215,145.16164020965883,144.46319801836898,145.04837036132812,20150800
2017-11-13,144.50095004643748,145.41646991808943,144.50095004643748,145.22769165039062,12522400
2017-11-14,144.71805368413527,144.8785037190002,144.00074510442812,144.6991729736328,25173800
2017-11-15,144.07622000738021,144.40656758936728,143.25508923161186,144.01959228515625,24808000
2017-11-16,144.74632958910786,146.190393925947,144.7180157316607,145.86004638671875,34790600
2017-11-17,145.8978579292617,146.00168024282814,145.16166857915917,145.30323791503906,28725800
2017-11-20,145.40703440876305,145.53917056604212,144.98231207477752,145.18995666503906,21143900
2017-11-21,145.87896812879674,146.8322496035427,145.812907243423,146.76617431640625,20147800
2017-11-22,146.89830103223272,147.08706492341508,146.61514799457834,146.94549560546875,17299000
2017-11-24,147.0964985729315,147.5306540414306,147.0115425884335,147.48345947265625,8280600
2017-11-27,147.43623910115073,147.76657218897165,147.07757775838172,147.4173583984375,22653400
2017-11-28,147.74769679981975,147.88928047262613,146.9548800784291,147.79489135742188,25227300
2017-11-29,147.62507169105783,147.6628187123115,144.51984992814866,145.21829223632812,71986300
2017-11-30,145.83170763934044,146.71891342594967,145.49192700620833,146.43576049804688,56595500
2017-12-01,145.53916161677614,146.52075678342857,143.70812183438537,145.81288146972656,59015800
2017-12-04,146.728432155593,146.88888219882872,143.99130506043392,144.1328887939453,51319100
2017-12-05,144.1045156441219,145.86949437353425,143.55710479734572,144.2272186279297,40604200
2017-12-06,143.68926881038482,145.1050195686522,143.5193712304768,144.8784942626953,28647800
2017-12-07,144.86906242589632,145.7845824100395,144.71804555388553,145.36929321289062,32666200
2017-12-08,146.43586139964665,146.79452298224297,145.78462793902096,146.01113891601562,28081700
2017-12-11,146.07713925884224,147.19085606226798,146.06769170513812,147.14366149902344,20821500
2017-12-12,147.07763176947256,147.379651115012,146.6340287042251,146.94549560546875,20310300
2017-12-13,147.5401504466043,147.70060051215358,147.0115912637908,147.2286834716797,24418500
2017-12-14,147.48346394421733,147.86100610409846,146.96436687724207,147.12481689453125,24594700
2017-12-15,147.70052832640462,148.95582876877342,147.4551223681659,148.7953643798828,49816200
2017-12-18,149.77808275793535,150.1658673133647,149.50380492109375,150.04290771484375,26844500
2017-12-19,149.7591706517143,149.91050333008323,148.73769672054195,149.1538543701172,31415000
2017-12-20,149.67402449039054,149.70239755849266,148.40664600890887,148.9930419921875,38972600
2017-12-21,149.20113676765683,149.6740405292025,148.84172529068132,149.01197814941406,18638700
2017-12-22,148.78497444056515,148.89846672154422,148.44448316575097,148.8417205810547,23330400
2017-12-26,148.00943820552396,148.22696991507595,147.49869401385376,148.03781127929688,21918700
2017-12-27,148.04724878050686,148.4539535154675,147.9148363060289,148.05670166015625,22388200
2017-12-28,148.5296177218067,148.55800522686135,148.05671392636657,148.23641967773438,25393800
2017-12-29,148.36881661973038,148.3971896899341,147.2622235861551,147.3189697265625,33186000
2018-01-02,148.07563064083277,149.93887270564983,147.7067662663292,149.9010467529297,32573300
2018-01-03,150.0429177293244,151.49000220897162,150.01454465575316,151.3575897216797,29383600
2018-01-04,151.87777808524217,152.0763895888571,151.40487431032184,151.62240600585938,24776100
2018-01-05,152.34125945885108,153.24922680650232,152.05751425075476,153.1451873779297,26992300
2018-01-08,153.14514922786384,153.81667890534396,153.08840308675678,153.7410125732422,23159100
2018-01-09,154.0436557659801,154.20444130170148,153.2870213465562,153.75045776367188,24782400
2018-01-10,153.06945070861025,153.41940922497707,152.38846829476702,153.39102172851562,34004000
2018-01-11,153.65597107904105,154.45044632013068,153.41951908358214,154.44097900390625,20473500
2018-01-12,154.30847379643774,155.7366522277477,154.10986232138026,155.57586669921875,37762700
2018-01-16,156.60682042695802,157.40129532847158,154.66791200655035,155.13136291503906,41231800
2018-01-17,155.86911006356618,157.0419023617486,155.1124610258446,156.80545043945312,33849900
2018-01-18,156.55953948616784,157.19322888120317,156.19067507915085,156.83383178710938,26432200
2018-01-19,157.29724948697668,157.58099463502512,156.56897364109042,157.32562255859375,38937600
2018-01-22,157.2688729043459,159.0091552734375,157.08916716686454,159.0091552734375,26081400
2018-01-23,159.5009741255044,160.46570180374513,159.42530779467404,160.32382202148438,37989700
2018-01-24,160.66433354848627,161.0142921766789,158.36602799127022,159.28346252441406,54287400
2018-01-25,160.3805707746578,160.43731691062956,158.71594048281494,159.2266845703125,28925000
2018-01-26,160.11574638420132,161.68579030823827,159.80364260718852,161.6668701171875,32038200
2018-01-29,161.32639714825675,161.64796824446498,160.54137516736424,160.88186645507812,37277800
2018-01-30,159.41590438098692,160.2387525322913,158.72546874175313,159.55776977539062,44987700
2018-01-31,160.45628532081622,160.7778709366843,159.21727942872317,160.21983337402344,42449200
2018-02-01,158.9902768778885,160.53193358355207,158.34712015051804,158.8578643798828,38037900
2018-02-02,158.23363239155876,158.6119497019033,155.55699484682418,155.6894073486328,68478100
2018-02-05,154.23284538253913,156.76760271022042,149.43759413704268,149.55108642578125,105372200
2018-02-06,147.36627368423908,153.70318145286234,146.694758398173,153.51402282714844,118537900
2018-02-07,153.02217983214672,154.68681016800127,151.5183494616314,151.52781677246094,91028300
2018-02-08,151.91560916150496,152.08586203079562,145.13417053222656,145.13417053222656,94184800
2018-02-09,147.18656595100762,148.71878399191831,141.99409175067282,147.64056396484375,113836600
2018-02-12,149.15388937756043,151.2819569590053,147.98109692463524,150.26048278808594,63050600
2018-02-13,149.3997677132327,151.33866165516113,149.17276870459398,151.0360107421875,31785600
2018-02-14,150.1469064182589,154.10037394027174,149.43755095486557,153.86392211914062,52107400
2018-02-15,155.24490940461578,156.72036743164062,153.63703884777803,156.72036743164062,51633900
2018-02-16,156.2095137699452,157.72279656450377,155.7555159428929,156.02035522460938,62256300
2018-02-20,155.4718911756691,157.6472375756691,155.40567770219832,156.3325653076172,36785600
2018-02-21,157.0986329446888,158.63083649035647,155.79341396467427,155.88800048828125,41161800
2018-02-22,156.5689679066011,157.4012831285582,155.4718421698762,155.86907958984375,37074400
2018-02-23,157.12701642427749,159.05645751953125,156.4838597712741,159.05645751953125,50096900
2018-02-26,159.80359234467588,161.16554260253906,159.67117991272227,161.16554260253906,39266700
2018-02-27,161.21291569783975,161.47774069291435,159.09431573724288,159.1699676513672,42209900
2018-02-28,160.07792428552852,160.59812131286142,158.0444438709006,158.1484832763672,42936300
2018-03-01,158.23357468158625,158.9618503918616,154.16660013520283,155.56639099121094,76809900
2018-03-02,153.69372488640482,157.26887622459682,153.18299516603926,156.99459838867188,57445100
2018-03-05,156.2568824650807,159.14158414608272,155.67047192994954,158.73489379882812,38540200
2018-03-06,159.51042672982925,159.94550452338422,158.403833703113,159.40638732910156,29480900
2018-03-07,158.18628852363418,159.90766492844133,157.91201072614467,159.77523803710938,34609400
2018-03-08,160.43737548196387,160.76839953993897,159.79421869844114,160.6549072265625,25828400
2018-03-09,161.7993424905908,163.7760772705078,161.5628905475802,163.7760772705078,38310500
2018-03-12,164.25837941918783,165.02448115069518,163.8895150880222,164.6461639404297,37635000
2018-03-13,165.02449377644814,165.71494366422877,161.98845968731283,162.4046173095703,55638900
2018-03-14,163.25585984409247,163.37881945739667,161.66689547972572,162.37625122070312,40536400
2018-03-15,162.48977765622232,163.18021328690202,161.63854200470206,162.23440551757812,28810400
2018-03-16,162.50870909068422,162.86810625420185,161.67639357791913,161.75205993652344,31176700
2018-03-19,160.1955415865764,160.3092180034408,156.9177318324961,158.3008575439453,71395100
2018-03-20,158.3671336021372,159.19131637695304,157.83662448477116,158.8218536376953,34075700
2018-03-21,158.40507787836188,159.87344655964466,157.43878489512002,158.13034057617188,43863500
2018-03-22,155.94199721790406,157.04091761872232,154.02836196203705,154.22731018066406,66607300
2018-03-23,154.04728553117377,154.7009538339199,150.08738839445158,150.16317749023438,80110400
2018-03-26,153.2041269660718,155.9324761523123,150.7789341139868,155.7429962158203,57481500
2018-03-27,156.89876536130134,156.89876536130134,149.37686814628884,150.70315551757812,78889100
2018-03-28,149.84112714017508,151.36634879373904,147.82328345205795,148.96957397460938,89369700
2018-03-29,149.77475784705044,153.1946626311723,148.3821641192455,151.69786071777344,68692600
2018-04-02,150.6179279577919,151.32843454352317,145.77700917546443,147.3211669921875,85549400
2018-04-03,148.6095410891103,149.60425312149945,146.3075068719996,148.97900390625,64090000
2018-04-04,146.0990978082494,151.7926185470068,145.9285687158432,151.32843017578125,65768700
2018-04-05,152.83469081720614,153.0715263237495,151.08210228666832,152.19049072265625,43054900
2018-04-06,150.51367550269248,152.01047733794186,147.67164999519625,148.3821563720703,59870900
2018-04-09,149.66106031427293,152.40836033223124,149.16845296370607,149.42422485351562,41810400
2018-04-10,151.77366631244024,153.21361572690864,150.69369702394317,152.72100830078125,48296800
2018-04-11,151.76417673006156,153.46939512248065,151.66945120871605,151.8399658203125,41622100
2018-04-12,152.75888038251856,154.19884410864432,152.67362308134213,153.6683349609375,30467900
2018-04-13,154.43569682508254,154.66304965360396,152.20943734386535,152.87257385253906,44604900
2018-04-16,153.94308654886183,154.59675489074692,152.9767935888885,154.03782653808594,28180800
2018-04-17,155.59145888599505,157.69455933110714,155.27883428412247,157.353515625,35536100
2018-04-18,157.3535358026203,158.20613794957228,156.60512741436133,157.67562866210938,29573900
2018-04-19,156.87984935801984,157.249312179534,155.68618912290293,156.22618103027344,34705700
2018-04-20,155.82829771817666,155.94197413754182,153.21362443043844,153.7536163330078,49197100
2018-04-23,154.50199605418163,155.10829432749375,152.54100572303585,153.3651885986328,33040600
2018-04-24,154.09464757290758,154.33148306427552,149.1021513673898,150.11581420898438,70256800
2018-04-25,150.38110918815752,150.92108673673746,148.23063830154013,150.29583740234375,52089300
2018-04-26,152.2378814622258,153.97151934102106,151.74525949399853,153.4599609375,43005500
2018-04-27,155.71461099853852,155.75251277619984,152.6831192738062,153.55467224121094,51043400
2018-04-30,153.91462652917028,154.8714365627038,152.08624930127704,152.46519470214844,35615300
2018-05-01,152.06731045592858,154.22724861305682,151.70731594464428,154.2082977294922,36513500
2018-05-02,154.47361473852354,154.95676850540454,153.11892234931162,153.29891967773438,38646800
2018-05-03,152.52204607343174,153.84831895282375,150.83577864593752,153.27992248535156,60337100
2018-05-04,152.6167792797447,156.54824221280677,152.5030884270583,156.18824768066406,41543200
2018-05-07,156.9176732018496,157.99764212441855,156.79451415940218,157.486083984375,32500200
2018-05-08,157.15457467121945,157.6661330262725,156.1788135001553,157.32510375976562,26040200
2018-05-09,157.6092991125458,159.15347134714344,157.05037074791844,159.039794921875,29122700
2018-05-10,159.55133339235428,160.8018317355232,159.42817431014456,160.68814086914062,27067600
2018-05-11,160.49864303354857,160.91547573063508,159.83550667695116,160.5365447998047,24688800
2018-05-14,160.906003996365,161.8249266615771,160.54600950125027,160.81126403808594,21821700
2018-05-15,159.54187675269043,159.62713406719502,158.1871701159616,159.03030395507812,49361600
2018-05-16,159.23869915888474,160.45129565469566,159.16291007098525,160.0818328857422,22941200
2018-05-17,159.52290265452504,160.67866093395995,158.68923715321716,159.466064453125,27480200
2018-05-18,158.85026285481004,159.39972282226992,158.40502551673075,158.64186096191406,26217900
2018-05-21,159.87343812319224,160.5744764395771,158.85030698115455,159.5323944091797,22954600
2018-05-22,160.2618637653664,160.52711840098644,159.03979879806653,159.32398986816406,19477700
2018-05-23,158.11135479979086,160.68812588301327,158.09241836990262,160.669189453125,26557800
2018-05-24,160.62185668945312,160.90606221182713,159.00189533062652,160.62185668945312,27696500
2018-05-25,160.60291588402592,161.3607925061787,160.29977390834134,160.7829132080078,27460500
2018-05-29,160.05339103584137,160.97231371998916,159.11553192387805,160.0723419189453,41220500
2018-05-30,160.65026190695232,161.50286394506833,160.30921820064748,161.21865844726562,22665800
2018-05-31,161.21861937932303,162.18491205557464,160.69759295745197,161.1144256591797,35670900
2018-06-01,161.9197207062868,163.73861592394832,161.87235070709522,163.64389038085938,45543300
2018-06-04,164.06068645303847,165.1596066813699,163.95649270641496,165.12171936035156,20459600
2018-06-05,165.51012563442046,165.90800753606914,164.90382733829512,165.63327026367188,24779300
2018-06-06,165.80375423543887,166.62793691784603,164.97008888431316,166.59951782226562,25036600
2018-06-07,166.6279834656239,166.6658707852191,164.41120665936617,165.24485778808594,39600300
2018-06-08,164.46803793617738,165.6711662705353,164.0606733774127,165.25433349609375,31780300
2018-06-11,165.13120441822338,166.1069656559999,165.10278531073814,165.69961547851562,22319700
2018-06-12,165.92695163290557,166.73219814469857,165.7469687887176,166.57115173339844,22511800
2018-06-13,166.8269153437232,167.8121445651335,166.1921835463711,166.56166076660156,37858600
2018-06-14,167.32897166756788,168.52261702400392,167.20581261898374,168.24789428710938,35916000
2018-06-15,167.61322875940496,167.9921742679348,166.8364157636817,167.6605987548828,49615700
2018-06-18,166.60490821496512,167.70616615226191,166.08275193775407,167.5637664794922,31633200
2018-06-19,165.44667515190667,167.1270492276976,164.9150303943977,167.08908081054688,38236000
2018-06-20,167.85801668505596,168.96877724654072,167.70611409043528,168.27574157714844,33038000
2018-06-21,168.70298759429926,168.87388166787392,166.49095452311354,166.81375122070312,43469400
2018-06-22,167.37387492012022,167.44032326386295,165.84538917925957,166.44349670410156,30073200
2018-06-25,164.93400999383672,165.18085541107453,161.21248214560828,162.69349670410156,77799700
2018-06-26,163.29161515964665,164.29794488876325,162.69350751503666,163.3580780029297,39008100
2018-06-27,164.0510458089388,164.79155282985025,161.02255490961272,161.136474609375,52843500
2018-06-28,160.9371224152864,163.07320379983142,160.60483729431002,162.52256774902344,46407700
2018-06-29,163.30104790279083,164.1649776531748,162.72193190911062,162.9592742919922,36408500
2018-07-02,161.4308167926787,164.09855780784494,161.07955464062505,164.05108642578125,31770000
2018-07-03,164.66815210435354,164.66815210435354,161.99093739963484,162.15232849121094,25512700
2018-07-05,163.20615035268983,164.29791972489693,162.3707003721425,164.16500854492188,31626200
2018-07-06,164.5447457696871,166.84221845976913,164.24094054476856,166.7187957763672,37005600
2018-07-09,167.58275030745537,168.25679470954552,166.9181943877071,168.2188262939453,27362100
2018-07-10,168.53204931550667,168.7219202862868,167.76306246779995,168.34217834472656,23902500
2018-07-11,167.02261183868688,168.10490725188168,166.89920362280446,167.48780822753906,30280600
2018-07-12,168.22833153193156,170.37391662597656,168.11441178755186,170.37391662597656,27930100
2018-07-13,170.36440899966433,170.79162251564475,169.88972409607862,170.5163116455078,28049800
2018-07-16,170.5542829788251,170.83909682309107,169.8232786448976,170.1080780029297,21405300
2018-07-17,168.30424762021644,171.50361865241143,168.30424762021644,171.1428680419922,31034100
2018-07-18,171.1618572905148,171.30427143762964,170.29794187077246,170.82008361816406,23220800
2018-07-19,170.20301016565767,170.7726378186668,169.76630818641928,169.96566772460938,31094100
2018-07-20,170.47832476551008,171.0479378963875,169.73780306877495,169.9276885986328,35897300
2018-07-23,169.42451311802742,170.544762345058,168.74096581514294,170.46881103515625,22184700
2018-07-24,172.22515712542068,172.83275314117114,170.46881742292877,171.17135620117188,36900300
2018-07-25,171.24728715904766,173.66816796630943,171.16183288846892,173.56375122070312,35026600
2018-07-26,171.20931655760697,171.7599526844425,170.70615180978382,170.9340057373047,40873500
2018-07-27,172.0163170899069,172.13023683078245,167.6587131666141,168.62705993652344,59456100
2018-07-30,168.63655649608893,168.7314847811326,165.4466734967147,166.244140625,60193000
2018-07-31,166.899135805408,168.1617987881685,165.9687578919838,167.51622009277344,47285100
2018-08-01,167.9055433347291,168.65553910246152,167.18402750208566,168.15237426757812,37101900
2018-08-02,166.96564161615606,170.63971214226004,166.8896903031216,170.44033813476562,47178200
2018-08-03,170.7631046485337,170.97196711861523,170.0131090414084,170.9624786376953,28934400
2018-08-06,170.84851636758745,172.01623662402557,170.63965394952837,171.96876525878906,24808800
2018-08-07,172.4529990622169,172.91819542716286,172.08274546113154,172.5954132080078,29895700
2018-08-08,172.35807059825024,173.11756924961836,171.8928742338072,172.8042755126953,22680700
2018-08-09,172.69979858398438,173.38334574077854,172.44346477862953,172.69979858398438,18852900
2018-08-10,171.53206082802316,172.04472843002716,170.7345939873812,171.3801727294922,33818500
2018-08-13,171.69351818193476,172.79477603814027,171.1144020782591,171.1903533935547,26089200
2018-08-14,171.84538236703568,172.4624812854372,170.9244927160395,172.2631072998047,20913000
2018-08-15,170.89599409263792,171.43714164713523,169.10168636315137,170.15548706054688,58528000
2018-08-16,171.4656480936295,171.8264131857617,170.38336730346373,170.7156524658203,27711800
2018-08-17,170.26947348452074,171.18086034843557,169.24415239794178,170.75364685058594,36092600
2018-08-20,171.13335974878976,171.19982257451744,169.93715926176668,170.60171508789062,24939000
2018-08-21,171.11436703666578,172.2536075603362,171.0099358102993,171.22828674316406,26258700
2018-08-22,170.86751673696912,172.0922114912348,170.64916581043502,171.89283752441406,18042400
2018-08-23,171.5890820068392,172.83275397584777,171.3612280674955,171.6460418701172,25776200
2018-08-24,172.2156458535664,173.38338093374705,172.1776774421391,173.240966796875,23136100
2018-08-27,174.1143652303304,175.00677490234375,173.83905444180022,175.00677490234375,29343600
2018-08-28,175.47195447569277,175.6523369862074,174.89283854067486,175.26309204101562,20277000
2018-08-29,175.56695256669383,177.38025238624053,175.5005042126246,177.2853240966797,29175600
2018-08-30,176.94355070410538,178.02583171344293,176.38341150387978,176.97203063964844,29315500
2018-08-31,176.75365467377316,177.7030244322175,176.56378361933088,177.19985961914062,28653200
2018-09-04,176.65868907694392,176.96247980264027,175.4909685768411,176.44033813476562,29063500
2018-09-05,176.1270982910847,176.15557822763145,173.56380259823703,174.16189575195312,42623300
2018-09-06,174.23783663348243,174.4466991464612,171.43719864647298,172.60491943359375,46091400
2018-09-07,171.36123727539075,173.42136786328993,171.3042774090521,171.9403533935547,46629500
2018-09-10,172.927646364738,173.02258910798557,171.57954343074886,172.51942443847656,26132000
2018-09-11,171.82643928377445,174.13340086337897,171.38023433454316,173.8485870361328,30116500
2018-09-12,173.59225611735684,173.715664328201,171.84540485299922,173.33592224121094,36204000
2018-09-13,174.41819247019515,175.5194647359234,174.34224116018999,175.1871795654297,31133200
2018-09-14,175.31060596704862,175.58591679619462,173.9814797431615,174.67453002929688,31224100
2018-09-17,174.3802129434846,174.5036356354081,171.99730030170542,172.15869140625,33071200
2018-09-18,172.30109289366231,174.42767151381935,172.2156386206357,173.58273315429688,31877300
2018-09-19,173.61123547385804,174.01947198491868,172.3200920795739,173.44984436035156,31843400
2018-09-20,174.64603802981574,175.6048961109917,174.22831308792348,175.3675537109375,33295800
2018-09-21,175.8423111738587,176.08914215686931,174.19040217182496,174.4087677001953,38605400
2018-09-24,173.14374260024607,174.96030495615975,172.43043414227662,174.8937225341797,34945600
2018-09-25,174.81765799786336,175.26466585244575,174.21847416889133,175.1315155029297,25277500
2018-09-26,175.28368865140376,176.89101288826973,174.91276878999616,175.25515747070312,36210600
2018-09-27,175.9684596905686,177.36654554386618,175.87334608345083,176.73883056640625,33113300
2018-09-28,176.24429220889036,177.16683918874517,175.92092911615597,176.7008056640625,28076800
2018-10-01,177.7279618578703,178.35567689372647,176.6152022101072,177.0622100830078,27371300
2018-10-02,176.91007115659184,178.02283103742496,176.2538393132569,176.6627960205078,25618600
2018-10-03,177.40462394996925,177.82310069990535,176.57719052042435,176.85299682617188,29128700
2018-10-04,176.13962801523644,176.25376723408527,172.20216600393965,173.4575958251953,80557300
2018-10-05,173.43857381463536,174.0187319388475,169.7008299619772,171.33668518066406,83325600
2018-10-08,170.73755048599747,171.8027533509364,168.27424709237533,170.29054260253906,66864500
2018-10-09,170.4142119944408,172.16420718992103,170.0052552693491,170.8422088623047,49097900
2018-10-10,169.7769682440435,169.88158742899208,163.10991512992538,163.3286590576172,114471100
2018-10-11,162.65340103324345,164.91695732549167,159.60043356565862,161.30287170410156,143084500
2018-10-12,165.64927598440423,166.3055222153742,162.56777762205417,165.7919464111328,102078400
2018-10-15,165.21175792349536,165.5256008777758,163.16693161317562,163.78514099121094,64885300
2018-10-16,165.50661703246757,168.95902070896923,165.20226507087278,168.55006408691406,71979700
2018-10-17,169.36796739254515,169.53915446200364,166.88565329931012,168.61660766601562,66987600
2018-10-18,167.97942926888655,168.0364916396754,164.0039293060427,164.7077178955078,82486200
2018-10-19,166.03925234463597,167.4563642445074,163.95638853325906,164.55557250976562,82923700
2018-10-22,165.54467924919462,166.67646469807147,164.1465930490882,165.4020233154297,52909300
2018-10-23,162.29199448125064,165.61126284893723,160.56103958617842,164.7933349609375,77567000
2018-10-24,164.6030475431705,164.8788537293637,156.96587919194215,157.25120544433594,102997400
2018-10-25,159.69550126861623,163.66149455880162,158.98219280968436,162.69139099121094,83481100
2018-10-26,157.1180877804868,161.645228494816,156.19554092965748,158.5066680908203,130970900
2018-10-29,160.93196551844343,161.55016060848388,152.25812155461463,155.2445068359375,111871900
2018-10-30,154.78794099505663,157.91698115879277,154.0841380665657,157.8028564453125,92584000
2018-10-31,160.37076451508983,162.87210424909904,160.2946765351327,161.51206970214844,73828600
2018-11-01,161.7498354628227,163.81367289250187,160.52293676875158,163.64247131347656,52706800
2018-11-02,163.1384247739839,164.10852849610959,159.9903585957202,161.09361267089844,75966800
2018-11-05,161.30284220020073,161.35990456091986,158.9061214639025,160.69415283203125,39573500
2018-11-06,160.70364123086375,162.8150354258485,160.46587174505285,161.91151428222656,34410400
2018-11-07,163.8517347613319,166.99029541015625,163.46178925534673,166.99029541015625,51169600
2018-11-08,166.21036057454617,166.72395074269699,165.13565246766828,165.925048828125,40296500
2018-11-09,164.37481613573033,164.7742671631348,161.8354395607527,163.12890625,50602700
2018-11-12,161.9876947369412,162.2920323061288,158.0502158722242,158.19288635253906,62578400
2018-11-13,158.9346629182591,161.1887133861686,157.8789656398141,158.3259735107422,64128100
2018-11-14,159.89523387671176,160.44686087599143,156.2145665418531,157.1180877685547,75270700
2018-11-15,156.8328179217015,160.29474261934703,155.46327725475183,159.86676025390625,73254300
2018-11-16,158.30692249709296,160.07592807153603,157.6697020095648,159.30555725097656,65390700
2018-11-19,158.54473134641293,158.7349440819237,153.6371644038074,154.13172912597656,67280500
2018-11-20,150.62225153709042,153.48500623826715,149.4429238440677,151.3736114501953,102652800
2018-11-21,153.45649654688862,154.04616047599148,151.44020059006232,152.52442932128906,42965800
2018-11-23,151.30701859116004,152.9714053447567,151.30701859116004,151.42115783691406,23503700
2018-11-26,153.5420214637902,154.99716951791413,152.89528093290326,154.92108154296875,42012600
2018-11-27,154.07467414494207,155.83417468546875,153.29478302595768,155.44422912597656,36608100
2018-11-28,156.56649837530455,160.4468994140625,155.47276418221728,160.4468994140625,70141000
2018-11-29,159.77162087661603,160.97947965734633,158.65886120185863,159.9237823486328,44885700
2018-11-30,160.14251799729078,161.17918953248355,159.34360144937386,161.08407592773438,36722800
2018-12-03,164.64114708283992,164.83135981957128,161.21725977246928,163.89930725097656,50771700
2018-12-04,163.04330317938627,163.49983109233642,157.4224429320689,157.61265563964844,70594700
2018-12-06,154.4360612311951,158.74444371561256,153.85590302957843,158.7254180908203,71715500
2018-12-07,158.0311531283826,158.94418004999903,152.9904358956336,153.48500061035156,80432200
2018-12-10,153.19964992193061,155.76755768552016,151.61135136255376,155.09230041503906,73960800
2018-12-11,157.62214610799762,157.66019735325085,154.2933732509407,155.60586547851562,59058300
2018-12-12,157.878939238218,159.40066975868623,156.88982455852212,156.9754180908203,53780000
2018-12-13,158.0026195991757,158.65886585251755,156.00534965529178,157.02301025390625,46378500
2018-12-14,155.225477701343,155.7961159076902,152.83826215770762,153.19967651367188,56547400
2018-12-17,152.54342340838417,153.76080227549264,148.52987246728253,149.7282257080078,74834100
2018-12-18,150.88849787440293,152.12490200461588,149.35726192723152,150.6697540283203,63642100
2018-12-19,150.44152191875799,152.8572683397856,145.83830754988435,146.9700927734375,81856500
2018-12-20,146.60865084045,148.2445059711388,143.03260320087048,144.8396453857422,99002100
2018-12-21,145.5625050842072,146.55161991584202,139.54217901205195,140.35060119628906,141129400
2018-12-24,139.33096624653987,141.1431786105968,136.83201740574552,136.8701629638672,56163300
2018-12-26,138.37720116929492,145.49253564180663,137.43293464353488,145.41624450683594,98982100
2018-12-27,143.42272394720072,146.1028963035569,140.2847322321818,145.97891235351562,85824300
2018-12-28,147.02815562657275,148.4016289411413,144.71043032360507,145.90267944335938,77856600
2018-12-31,147.3333303134899,147.81976255625506,145.65464933999073,147.13302612304688,53015300
2019-01-02,144.01414792560016,148.55422692482603,143.90922943037037,147.72442626953125,58576700
2019-01-03,145.54970716399797,146.1792033303988,142.58339222289982,142.8981475830078,74820200
2019-01-04,145.30173126433647,149.74643794728016,144.72946061593657,149.0120086669922,74709300
2019-01-07,149.38407686480548,151.52059303898895,148.89764434670457,150.78616333007812,52059300
2019-01-08,152.16907465509618,152.7127470301942,149.93718865523587,152.15000915527344,49388700
2019-01-09,152.74140834426683,154.057655940908,152.10236460564542,153.38999938964844,46491700
2019-01-10,152.22635966535626,153.91457378750476,151.36793164447067,153.8287353515625,38943400
2019-01-11,152.92262292701332,153.42813532364886,152.40756322421691,153.2659912109375,30176600
2019-01-14,151.9687856659347,152.56968365064785,151.26296921649092,151.91156005859375,30710200
2019-01-15,152.6078527037318,155.08773613169504,152.5220142795025,154.87789916992188,40874200
2019-01-16,155.13537116500666,156.21316848127927,154.79200301005878,154.8492431640625,33812200
2019-01-17,154.35328834572982,156.7663985643334,154.10530585405408,156.07012939453125,39329000
2019-01-18,157.16702390092166,158.34974009478702,156.25138486048795,157.6153106689453,57183200
2019-01-22,156.4803480694883,156.55665377810664,153.3328067196537,154.4582977294922,56711700
2019-01-23,155.24993486989607,155.9557371226181,152.91312921368095,154.6585693359375,38106100
2019-01-24,155.16399365556114,155.88889011339802,154.57264301159174,155.65997314453125,32417800
2019-01-25,156.90949708847936,157.99682756616335,156.37537187892516,157.51992797851562,36515900
2019-01-28,155.4883345468926,155.58370572533082,154.27700560555388,155.5741729736328,33491200
2019-01-29,155.6600295088488,155.6981896277189,153.55214138663968,154.1053466796875,30784200
2019-01-30,155.85079054951714,158.59773702772296,155.3643581747605,158.02545166015625,41346500
2019-01-31,158.99833109918475,161.18253951856764,158.77896134808628,160.39088439941406,37258400
2019-02-01,159.5991718359868,160.81050051521302,159.27488370259277,159.713623046875,32143700
2019-02-04,159.74229468181522,161.6975860595703,159.59923061551527,161.6975860595703,26718800
2019-02-05,161.91689096428098,163.31897646776727,161.8501326113518,163.1282196044922,28156400
2019-02-06,163.1664534884876,163.45258163587104,161.9074314247111,162.64186096191406,27970000
2019-02-07,161.22068390209856,161.62127783527018,159.23677974223338,160.4576416015625,42036200
2019-02-08,159.05551304709337,160.80096693113984,158.8743034656652,160.77235412597656,29020700
2019-02-11,161.35419563395905,161.7452567666817,160.2191723507892,160.61976623535156,21434100
2019-02-12,161.79295403141919,163.23318550462452,161.5068113764339,162.99473571777344,29722100
2019-02-13,163.7196381010857,164.2060850409353,162.92799751808613,163.1092071533203,26094100
2019-02-14,162.52738690398053,163.89132740387782,161.98372889770988,163.30950927734375,30326800
2019-02-15,164.54943634234075,164.58758190533436,163.2331888348468,163.99623107910156,32521700
2019-02-19,163.49071028892348,164.81649048062548,163.4620974796926,164.3205108642578,19487700
2019-02-20,164.43497995524268,165.0835709938109,163.40488960344686,164.2919158935547,32593000
2019-02-21,163.85312308673605,164.30140977907274,162.82303297861947,163.69097900390625,25207400
2019-02-22,164.04397582624946,165.0168408053629,163.95812281317777,164.9023895263672,27735400
2019-02-25,166.16134329499405,166.59054996807214,165.38875381887084,165.5032196044922,32608800
2019-02-26,165.10264073421786,166.1995039487937,164.82603082714797,165.67491149902344,21939700
2019-02-27,164.91185312077002,165.77028101470427,163.82452276484167,165.56997680664062,25162000
2019-02-28,165.05497575701014,165.7798580031188,164.72114017242887,165.18850708007812,25085500
2019-03-01,166.380731199817,166.5810208773716,165.17893491920748,166.33303833007812,31431200
2019-03-04,167.42988361003614,167.66833337933903,164.5017280109825,166.36163330078125,38063500
2019-03-05,166.4856719970703,167.00071721932144,165.66540401065376,166.4856719970703,22319900
2019-03-06,166.64780772829297,166.67642054176264,165.27433446646182,165.54139709472656,27194600
2019-03-07,165.1217037718103,165.1789293920539,162.89935001149072,163.50978088378906,39407400
2019-03-08,161.67851521967663,163.3476640061986,161.51637108401604,163.26182556152344,39303200
2019-03-11,163.9390143335815,166.77179917684217,163.91040152133206,166.65733337402344,30518400
2019-03-12,167.09609840626294,168.00220481266143,166.69550445460746,167.572998046875,33953500
2019-03-13,168.44093887569022,169.7094789616581,168.20248908371096,168.8319854736328,42426100
2019-03-14,168.9464771441277,169.1467668499248,168.49819030224697,168.54588317871094,23751500
2019-03-15,169.20398646275163,170.61561987600592,169.08953520636638,170.110107421875,38192000
2019-03-18,170.03744552620398,171.03121006307765,169.69345235271794,170.5152130126953,32935100
2019-03-19,171.21277165970287,171.9963174376893,170.3623460066955,171.08856201171875,36893300
2019-03-20,171.09811138333055,172.8180774664263,170.3145801889976,171.76698303222656,50105000
2019-03-21,171.25096340867483,174.70044492980986,171.23184862847233,174.45201110839844,42428500
2019-03-22,173.69715474087008,174.1653721495044,170.4387768239273,170.62033081054688,70794500
2019-03-25,169.99921193867974,170.8878523677577,169.06277726981511,170.29542541503906,46336500
2019-03-26,171.61410923106226,172.65563898738313,170.2190215742875,171.08856201171875,33248100
2019-03-27,171.34649618178764,171.72870424478853,168.74744052853305,169.9896240234375,37096700
2019-03-28,170.4292341369057,171.02166120928345,169.35903953382123,170.38145446777344,30368200
2019-03-29,171.70006685783815,171.83384115933572,170.64897264585355,171.67140197753906,35205500
2019-04-01,173.43913955393558,174.15579075002466,172.73205303852342,173.94557189941406,30969500
2019-04-02,174.13671658022173,174.77692332812634,173.69716403224567,174.60491943359375,22645200
2019-04-03,175.5891310644331,176.69755531971228,175.06359840471245,175.60824584960938,31633500
2019-04-04,175.65604139673903,176.2962482450649,174.5285022543859,175.5413818359375,28530800
2019-04-05,176.0477585050576,176.55419084506906,175.83753965671633,176.44908142089844,25674700
2019-04-08,176.1624425465708,177.0415330436592,175.46490604198138,176.89820861816406,22697500
2019-04-09,176.2962601739393,176.87913728130405,175.90448720761134,176.2771453857422,25631900
2019-04-10,176.50643222231767,177.28041326514665,176.31532813203887,177.22308349609375,24563000
2019-04-11,177.51927876353832,177.51927876353832,176.4777491853887,176.80262756347656,20654100
2019-04-12,177.58614663864577,177.68169136950922,176.83126598921422,177.56703186035156,24989100
2019-04-15,177.57663411745852,177.7964176816377,176.41088016426886,177.5957489013672,21073000
2019-04-16,178.24549037483757,178.5990482352614,177.66261344852458,178.207275390625,27195700
2019-04-17,179.40172658727693,179.5737159178134,178.30286698357986,178.82839965820312,29651600
2019-04-18,179.1246031909013,179.43991692022186,178.00661437480764,179.05770874023438,28580900
2019-04-22,178.2741540592688,179.63101187347533,178.14036517559938,179.56411743164062,17936000
2019-04-23,180.02279445998366,182.0676388482422,179.76481049878774,181.84786987304688,33665600
2019-04-24,182.00076806311395,182.23010173148836,181.21722229806582,181.27456665039062,24977100
2019-04-25,182.6313755487261,182.71737018359985,181.02606946289478,182.01026916503906,29517500
2019-04-26,181.72364212756767,182.21097431654303,180.20434495321368,182.17274475097656,26359500
2019-04-29,182.1727482753964,182.81296957840922,181.87653474790818,182.52630615234375,21716200
2019-04-30,181.05476129933453,181.40831915141007,179.8412423901734,181.11209106445312,31495300
2019-05-01,182.29695075526394,182.8129477767071,180.40499569735255,180.52920532226562,34797100
2019-05-02,180.47188308279468,181.40831784065404,178.5608131643482,179.7456817626953,44110100
2019-05-03,181.23631673357045,182.74606374183256,180.91143834174744,182.61228942871094,30386200
2019-05-06,178.7328281104636,181.74275758634585,178.45571479015138,181.49432373046875,38371800
2019-05-07,179.51640538802656,180.28083651531452,176.305806317666,177.95889282226562,58818100
2019-05-08,177.37600653696873,178.84752435199238,176.73579969287786,177.50978088378906,37165300
2019-05-09,175.5317849800862,177.16575632357845,173.99337297328762,176.55421447753906,55351700
2019-05-10,175.92350045124422,177.62435111125578,172.98045172103355,176.77392578125,58526400
2019-05-13,172.27337602530127,173.2002460195443,170.14253733867795,170.63941955566406,67185800
2019-05-14,171.53763294568552,173.55381221038922,170.90697639912094,172.51226806640625,43360600
2019-05-15,171.3752217211992,175.38846612453608,171.33699215318475,174.94891357421875,40944500
2019-05-16,175.02531048168652,177.79637019602526,174.81509165576068,176.70704650878906,39281200
2019-05-17,174.9584673953369,177.3281901543406,174.74824852523176,174.901123046875,44702300
2019-05-20,172.4644985956284,173.1238054262883,171.36562471725108,171.94850158691406,38608300
2019-05-21,173.42962100753323,174.22271689180525,172.87540889875368,173.7449493408203,31613800
2019-05-22,172.77985842639774,173.97427726438477,172.7129639729226,172.97096252441406,24332600
2019-05-23,170.9834334143133,171.0598779631371,169.26346751654503,170.32411193847656,45351300
2019-05-24,171.24147408196666,171.85301604273417,170.02794026376955,170.2381591796875,25903300
2019-05-28,170.71584379308337,171.67137855348753,169.57875509535384,169.59786987304688,24763800
2019-05-29,168.54682828707905,169.12970525563566,167.3046297956936,168.2028350830078,42178800
2019-05-30,168.65188312719107,169.38764896609487,167.95434684320088,168.90988159179688,30354800
2019-05-31,166.92243327246365,167.49574559911812,166.1388874716343,166.21533203125,45446200
2019-06-03,165.76621664220048,166.21531928280427,161.7434222405892,162.5556182861328,75842300
2019-06-04,164.38069895209682,167.18997442537776,163.7500422988484,167.1326446533203,47797800
2019-06-05,168.72832957225032,168.75699444860936,166.62615601753427,168.37478637695312,34412700
2019-06-06,168.66152136195737,170.12348912485453,167.91620503500238,169.71261596679688,29913200
2019-06-07,170.62032853441633,173.68760232253328,170.40055956527,172.99005126953125,45888300
2019-06-10,174.14628030450595,176.63067751545935,174.10806531401386,175.00625610351562,41385300
2019-06-11,176.8313088231564,177.1561872313345,174.65269013960966,175.2451171875,41260300
2019-06-12,174.7673513127545,175.1304592901809,173.90737561710063,174.2322540283203,27758100
2019-06-13,174.95845758495747,175.69420900876264,174.6144644150111,175.26422119140625,23715800
2019-06-14,174.36603179120775,174.96802353823256,173.85004927969203,174.5189208984375,22844100
2019-06-17,174.90109075418312,176.05729432628678,174.70998670218293,175.56997680664062,20379500
2019-06-18,177.64349415368466,179.3730099644778,177.18482691058963,178.1212615966797,48177300
2019-06-19,178.36018850485334,179.1914993912538,177.31865872620995,178.79017639160156,31672900
2019-06-20,181.2841154141498,181.32233040177601,178.83794795744515,180.4528045654297,40922000
2019-06-21,180.2425562026463,181.33186542567978,179.8030037251425,180.1852264404297,39980400
2019-06-24,180.5452886571571,180.7272440268668,180.0951931465726,180.1909637451172,19375200
2019-06-25,180.06649197118327,180.17183380040885,176.8296381391099,177.0977783203125,33921100
2019-06-26,178.2757110688051,179.39615719802043,177.63408882109434,177.92137145996094,22595700
2019-06-27,178.56297310955955,179.02263985365008,178.1128775806955,178.6012725830078,19709200
2019-06-28,179.03222880892415,179.2237554202281,178.18950879667798,178.8311309814453,21179200
2019-07-01,182.2594881813151,182.49890006809434,180.40164960190154,181.24436950683594,31025600
2019-07-02,181.18690855185886,181.98175774999243,180.66978531860676,181.9626007080078,18035800
2019-07-03,182.4222690896289,183.33203125,182.23072790846402,183.33203125,15792100
2019-07-05,182.07755355625207,183.29375555864098,181.36888903012138,182.95858764648438,21415600
2019-07-08,181.7711252744801,181.82858180406012,180.92839054051814,181.6753692626953,17598800
2019-07-09,180.81347455060197,182.81495489877454,180.66024739917512,182.5851287841797,19193500
2019-07-10,183.69595224593346,184.9121540617014,183.3607697726656,184.40460205078125,28374500
2019-07-11,184.68238025044124,185.15161831069452,183.68641837604093,184.2705841064453,23736100
2019-07-12,184.4716952367902,185.34314360491146,184.29931103908194,185.3335723876953,20211900
2019-07-15,185.76449351745933,185.9656059604743,185.24737019798988,185.9272918701172,15606100
2019-07-16,185.69747188383096,185.8698414584736,184.4046416238335,184.9696502685547,20190900
2019-07-17,184.9696838363003,185.295295223957,184.04076421536342,184.05992126464844,16765100
2019-07-18,183.18843743884077,184.62490910909295,182.61385753826718,184.2705841064453,28877000
2019-07-19,185.53463048552024,185.62081525284842,182.72871573354956,182.9202423095703,29387900
2019-07-22,183.3320374957531,184.76850872818426,183.3320374957531,184.37586975097656,18954900
2019-07-23,185.38143696317601,185.60169183487392,184.1460632908423,185.58253479003906,23786700
2019-07-24,184.8738972642855,186.89453455980075,184.85474021816623,186.88494873046875,20422900
2019-07-25,186.25293027323949,186.28165853891306,184.75898739548288,185.1133270263672,23434700
2019-07-26,186.29119026204037,187.26799492549333,186.19541965506818,187.0189971923828,20431200
2019-07-29,186.84666357302302,186.91369132076127,185.1995081815794,186.37741088867188,20451700
2019-07-30,184.95048717045486,186.3007591919205,184.81641708986456,185.5729522705078,18705000
2019-07-31,186.0709392500033,186.19542350659054,181.30185809750657,183.0064697265625,41627500
2019-08-01,183.3224674087497,186.7221192065694,181.2156456761357,182.0966796875,63251600
2019-08-02,180.72730184654768,180.98587085530812,178.32361102450486,179.4153289794922,55214000
2019-08-05,175.66126779607723,175.7378813469152,171.61042310360176,173.07562255859375,75040000
2019-08-06,174.67495744221407,176.01567316479725,173.40129869395193,175.49853515625,41897200
2019-08-07,173.59282310662243,176.69559266786578,172.2712644490286,176.4466094970703,49990600
2019-08-08,177.2414006179871,180.34418377087778,176.753005654702,180.28671264648438,38418100
2019-08-09,179.42486938420234,180.03776331310692,177.1935485428272,178.5917205810547,33608900
2019-08-12,177.49040492362144,178.0266852484027,175.72833682432784,176.54234313964844,24642900
2019-08-13,176.38910751074357,181.64658329579416,176.22630917803676,180.41122436523438,40241900
2019-08-14,177.50957363812734,178.07458225941656,174.69408713537248,175.01968383789062,51000500
2019-08-15,175.24955738646162,175.8145661136472,173.48748884106246,174.81861877441406,36685000
2019-08-16,176.4082489037585,178.07454616866505,176.30290709634733,177.62445068359375,32781400
2019-08-19,180.19096960387927,180.83259171987305,179.55891870303446,180.44952392578125,22494100
2019-08-20,179.99942206613258,180.6506153214944,179.0034605299386,179.0513458251953,19902900
2019-08-21,180.6219257189616,181.215662592088,179.99946058504156,180.64108276367188,20418500
2019-08-22,180.97624884437633,181.4359302375064,178.63958623986724,180.05691528320312,24243700
2019-08-23,178.83114572484195,180.46871519092247,173.87052279160073,174.3589324951172,55372400
2019-08-26,176.34120848913582,177.04028706637504,175.3261044862167,176.99241638183594,27598900
2019-08-27,178.22785944032518,178.52472796495414,175.92951021977038,176.61900329589844,28012800
2019-08-28,176.04436109869542,177.54786024103126,175.1633270550098,177.25099182128906,21792400
2019-08-29,179.45358380349634,180.47827375307992,178.77364757561327,179.9611358642578,25358900
2019-08-30,180.92835445966577,180.9666685467756,178.5150930232854,179.5301971435547,26319800
2019-09-03,178.33317399778846,179.25250770025116,177.1935707808946,177.7873077392578,27964200
2019-09-04,179.50146924131045,180.50700214807247,178.984331352099,180.35377502441406,21592100
2019-09-05,182.34568128511157,184.18436290608233,182.27863893973,183.65765380859375,33932600
2019-09-06,183.96413295609312,184.03116069800606,183.0735129774903,183.47572326660156,19487800
2019-09-09,184.05031432872238,184.12692789844735,182.1637471853096,183.09266662597656,24407600
2019-09-10,182.10629692350437,182.6617343637029,180.9092372539071,182.5659637451172,23744700
2019-09-11,182.9107372303683,184.37593725488534,182.48936984324382,184.28016662597656,25063600
2019-09-12,185.4101448800732,186.46356304224892,184.79725102550063,185.04623413085938,28689900
2019-09-13,184.77806068922555,185.2089990915442,184.14600990580382,184.3854217529297,27669800
2019-09-16,183.19794780204083,183.9449115938638,183.01599246075637,183.5618438720703,20319000
2019-09-17,183.58099496582165,184.44288635253906,183.18835604340168,184.44288635253906,20953400
2019-09-18,184.05986350681684,184.4429313095751,182.05838355473605,184.36631774902344,29781300
2019-09-19,184.69193231368405,185.8219495630687,184.3184503026534,184.6727752685547,26039400
2019-09-20,184.9313101252673,185.1228367036039,182.10625291031369,182.71914672851562,29086100
2019-09-23,182.6654184666423,183.34672584785073,182.05128862868426,182.7997589111328,22485900
2019-09-24,183.63460206771302,184.03762343256287,179.58517810020683,180.37203979492188,40820700
2019-09-25,180.18978493185398,182.87660967881632,178.68325316886794,182.39682006835938,34704900
2019-09-26,182.15689003495953,182.320016713925,180.38166296278146,181.72508239746094,26826000
2019-09-27,182.06089171345613,182.15685545557832,178.24177197757595,179.47003173828125,40773500
2019-09-30,180.19932594972332,181.46597720153144,179.8250907420551,181.1781005859375,26307700
2019-10-01,181.8402202261938,182.88615782053563,179.40289601234977,179.7003631591797,32367600
2019-10-02,178.48164928563085,178.51043547705805,175.6221086817851,176.6104736328125,48544300
2019-10-03,176.59127924165895,178.68316856664026,174.47061836705112,178.548828125,39392500
2019-10-04,179.51803308956437,181.43719100417334,179.32612022650605,181.1781005859375,31887600
2019-10-07,180.65990496708372,182.07048697593837,180.31445601303744,180.63111877441406,21216000
2019-10-08,179.49878781518672,180.26645369732702,177.7811483986807,177.92507934570312,32379300
2019-10-09,179.43162149989652,180.4775587403434,178.89424514323667,179.6619110107422,20147400
2019-10-10,179.70987950471022,181.77296764328074,179.5563434142285,181.05328369140625,25177700
2019-10-11,183.11643566762604,184.84368054456394,183.01088140731284,183.38511657714844,40976700
2019-10-14,183.1259805887973,183.95121878885865,182.94365830801513,183.36587524414062,14975000
2019-10-15,183.93208698432832,186.129530989827,183.81694219522373,185.69772338867188,23234200
2019-10-16,185.06431292481935,185.7072287726071,184.6516865496683,185.23703002929688,20457100
2019-10-17,186.35019128117347,186.6380678360578,185.01637739748563,185.72647094726562,19045200
2019-10-18,185.3906090119964,185.84161218963038,183.00126732837117,183.941650390625,27700800
2019-10-21,184.92044568399712,185.69770220581594,184.37347871411797,185.5729522705078,15801200
2019-10-22,186.3022191227195,186.56130949981684,184.03761255737552,184.09519958496094,22392300
2019-10-23,183.72095126174352,184.4886025370391,183.42346955425552,184.45022583007812,14828400
2019-10-24,185.76488520815508,186.35983411305676,184.94925188677715,186.2446746826172,18998500
2019-10-25,185.28508083627565,187.82797363167708,185.2467041238899,187.7320098876953,21507100
2019-10-28,188.60524029111045,189.8335001414959,188.60524029111045,189.58401489257812,18818700
2019-10-29,189.26733579009644,189.55519772866606,188.0870432739165,188.11582946777344,18569700
2019-10-30,188.4804987814196,189.3441286361958,187.3961698641841,189.0274658203125,21764300
2019-10-31,189.57440908944636,189.66076767816202,188.01989592451517,189.1138153076172,26801800
2019-11-01,189.92942971940695,190.84104131635925,189.641567785644,190.83143615722656,22131900
2019-11-04,192.09809259132643,192.42434588669738,190.83144147939979,192.01173400878906,19015900
2019-11-05,192.25163476925573,192.4435476171573,191.4839687356377,192.11729431152344,15048900
2019-11-06,191.8965638290817,191.91575950479515,190.75466271730653,191.68545532226562,19725500
2019-11-07,192.64504718110794,193.566249331673,191.7718415440858,192.32838439941406,17832400
2019-11-08,191.9829840450465,193.11528027513896,191.47439368720936,193.09608459472656,15258800
2019-11-11,192.1172757472704,192.91371325700177,191.8581853745327,192.8369598388672,10147600
2019-11-12,193.00010795066885,194.03645491492173,192.70264083576524,193.39352416992188,14778300
2019-11-13,192.7218136617174,193.62382012784715,192.5970783671755,193.44149780273438,15774600
2019-11-14,192.71219490636497,193.41268326788312,192.12685130509388,193.28793334960938,16945400
2019-11-15,194.4586300340992,194.7081298828125,193.83490969633576,194.7081298828125,18427900
2019-11-18,194.40108592148846,195.16875197022483,193.6142388369924,194.8616943359375,18365900
2019-11-19,195.60053934077942,195.60053934077942,194.4010658391675,195.1495361328125,16923300
2019-11-20,194.64097835335747,195.22632206139616,192.5107120481683,193.97886657714844,36629000
2019-11-21,193.767726596798,193.90208167579584,192.94250294244785,193.54702758789062,17883600
2019-11-22,194.026822904048,194.14198231214738,192.62584610992678,193.67178344726562,17189600
2019-11-25,194.50664588976986,196.00358667559422,194.47785969327418,195.9652099609375,17752800
2019-11-26,196.08991605061587,196.5888864396185,195.80203950803178,196.3394012451172,14780600
2019-11-27,196.8480090183812,197.72122930510557,196.6081143006225,197.7116241455078,16963100
2019-11-29,197.21263742445134,197.51010450723888,196.71365235286652,196.8096160888672,9854600
2019-12-02,196.81923729895837,196.88640021102438,193.62383766636123,194.79452514648438,28007000
2019-12-03,192.11727668676306,193.34553637106717,191.1768789268971,193.26876831054688,31104100
2019-12-04,194.25714849453396,194.7081517341193,193.96927190556286,194.24754333496094,15300100
2019-12-05,194.93837465780743,194.93837465780743,193.68132911239587,194.63131713867188,14962300
2019-12-06,196.05154185119744,196.85758452733026,195.89800572945487,196.71365356445312,16555300
2019-12-09,196.3586203461183,197.2798078218805,195.73488532243528,195.82125854492188,13984100
2019-12-10,195.91720194817302,196.59850933903743,195.21671352354545,195.65811157226562,21799800
2019-12-11,196.09950862557653,196.89596072355087,195.79243640572696,196.69444274902344,18780800
2019-12-12,196.49295517225613,198.93988404310517,196.2242742793483,198.16261291503906,32612000
2019-12-13,198.05709469786964,199.506068321847,197.63489224791624,198.81517028808594,32519400
2019-12-16,200.12013733290541,201.06052034278773,200.05295979690945,200.81103515625,21296600
2019-12-17,201.0701394622622,201.23328074660083,200.590350052353,200.92620849609375,15996100
2019-12-18,201.09895336783669,201.63631519913883,200.8686491649879,201.0797576904297,15443300
2019-12-19,201.16607431119476,202.40392436850567,201.1468786377921,202.33676147460938,17865900
2019-12-20,203.29641207551737,203.92973774377464,202.73026396693004,203.15248107910156,27672600
2019-12-23,203.87177401344843,204.01601704065342,203.51596476383838,203.68905639648438,23774700
2019-12-24,203.87179535365837,203.95834117904053,203.33326843071416,203.79486083984375,7089000
2019-12-26,204.12180206215055,205.61237694349705,204.09295345643957,205.5931396484375,17067500
2019-12-27,206.31434940170948,206.33358669353007,204.8718606640044,205.42001342773438,18134100
2019-12-30,205.31423383027519,205.439254218607,203.06395488282948,204.07369995117188,21815500
2019-12-31,203.41976508981494,204.6026017720887,203.1024157996918,204.45835876464844,18170900
2020-01-02,206.1797238573661,207.87225341796875,205.7758287596099,207.87225341796875,30969400
2020-01-03,205.12195040028783,207.20874951144916,205.1027131038752,205.96820068359375,27518900
2020-01-06,204.35261280928495,207.32413669266882,204.10258665969442,207.2952880859375,21655300
2020-01-07,207.37224736196623,207.85307709659088,206.61254283771325,207.26646423339844,22139300
2020-01-08,207.23753290494886,209.77631230347006,206.91057233761165,208.8242645263672,26397300
2020-01-09,210.5456488507411,210.99762980840123,209.3628122487014,210.59373474121094,23547000
2020-01-10,211.4208059545601,211.44002857572644,209.6801902710701,210.05523681640625,21898500
2020-01-13,210.92070875003898,212.5074405203136,210.58412216906947,212.4785919189453,22756900
2020-01-14,212.37280820343855,212.72863207553425,211.31499191759136,211.64195251464844,24418100
2020-01-15,211.7573489677741,212.71900814989277,211.03610458118513,211.72850036621094,25742100
2020-01-16,212.78635877788386,213.79610398408045,212.33437773009834,213.75762939453125,18805000
2020-01-17,214.7192884050941,214.98855183654163,213.60376008980765,214.81546020507812,24325200
2020-01-21,214.21917145082972,215.25776501843197,214.12301434704895,214.71923828125,21146300
2020-01-22,215.80592523246287,216.5175435854162,215.01735771580763,215.28662109375,20736400
2020-01-23,215.1616177137869,216.07519094695283,214.1614840073971,215.97901916503906,26496100
2020-01-24,216.9887793943953,217.219582882919,213.17099123004135,214.1614990234375,37436500
2020-01-27,209.32437864977507,210.87265071401254,208.85316030891792,209.73789978027344,42264400
2020-01-28,211.21881094181794,213.44986716909676,210.66104688499823,212.95941162109375,26731900
2020-01-29,214.14224175032783,214.38265652578335,212.3631812162091,213.30560302734375,28924500
2020-01-30,211.9304686998726,214.16151051361587,211.26692147430174,214.0653533935547,39568100
2020-01-31,214.9597388423088,214.9885874523319,209.92063796773246,210.67074584960938,52015800
2020-02-03,211.69962294954283,214.34418534040935,211.55537996136025,213.85374450683594,25408600
2020-02-04,216.77723746961846,219.1236885075195,216.03675570056626,218.74864196777344,30691200
2020-02-05,221.38357098297035,221.42203089453463,218.15239548264063,219.46986389160156,38534800
2020-02-06,220.01798725310113,221.42201604801144,219.239045700798,221.36431884765625,22467100
2020-02-07,220.37384782386522,221.60477054901676,219.77760908210755,220.4123077392578,25884900
2020-02-10,219.68145465666888,223.08572215037094,219.6237574459927,223.07611083984375,21478900
2020-02-11,224.3070104308403,225.04749213019588,222.52793502523087,223.1145477294922,30198000
2020-02-12,224.4320267388098,225.39368593001387,223.87426264706087,225.28790283203125,24471300
2020-02-13,223.7203964063438,225.92258952483422,223.4511330033953,224.99940490722656,22773200
2020-02-14,225.35523706792605,225.85530401308296,224.5955326766115,225.64373779296875,23438500
2020-02-18,224.54743362348628,226.15340280118477,224.30701881232625,225.7302703857422,24394500
2020-02-19,227.07658045792428,228.36520020104143,226.80731706902677,227.89398193359375,22230500
2020-02-20,227.3939152164574,227.865118780057,222.98951481684853,225.7783203125,42604000
2020-02-21,224.65320713921074,225.0378649511475,220.5276956122324,221.44126892089844,66017200
2020-02-24,213.18062339360463,215.6520948010599,211.81506896887007,212.90174865722656,84522600
2020-02-25,214.6904126277907,215.40204570583873,206.50669826213408,207.11253356933594,97743000
2020-02-26,208.40120014587788,211.83431632832134,206.66058443024068,208.1800079345703,79537700
2020-02-27,202.81393780253356,208.12230117657003,197.62098352111622,197.755615234375,121822600
2020-02-28,191.02398609564153,199.2269380349233,190.57200509018244,197.9094696044922,148173700
2020-03-02,200.8714094214838,208.26657215966233,198.044128588935,208.122314453125,112933900
2020-03-03,208.78582861847096,211.18997660833233,199.65967756640546,201.4483642578125,131953500
2020-03-04,205.14114728091698,209.95905458316716,203.26590010471475,209.853271484375,73086200
2020-03-05,204.535309076221,208.0645967774668,202.04461513012131,203.47747802734375,78705500
2020-03-06,196.82279300712034,201.1310222524558,195.1302780434631,200.0443572998047,89828400
2020-03-09,186.06180073399042,193.44735033866255,184.74433244719327,186.1483612060547,116424000
2020-03-10,193.3992784390246,196.46697357359935,186.25414309527702,196.2842559814453,100599200
2020-03-11,191.7067801363465,193.05309723636302,185.3405858308963,187.73512268066406,89168800
2020-03-12,175.10852734576406,183.46534848228632,170.1559881333428,170.52142333984375,137820700
2020-03-13,179.89761172445756,187.0234959628267,171.300375261894,184.96554565429688,134882000
2020-03-16,167.47293705334496,177.59920684687256,162.67426723016354,162.80889892578125,92054400
2020-03-17,168.74235073756225,177.3203495358263,163.27050722593142,175.1566162109375,121257100
2020-03-18,165.03035527342882,172.3485832315352,160.40477632618902,169.82904052734375,114156300
2020-03-19,168.95388856529914,176.45483243292298,165.04955499162978,170.84835815429688,120896500
2020-03-20,174.77193753424189,175.85860238520996,163.57822572210722,164.15521240234375,118983900
2020-03-23,164.71705561125242,167.88766482176584,158.9444363829632,164.2737579345703,124639800
2020-03-24,173.38079835457728,177.15853387926037,171.4919232397234,176.9947052001953,94881800
2020-03-25,177.72709326417097,182.63236526742656,173.44822581036013,175.6840362548828,88754900
2020-03-26,177.19713415525953,185.72596300414295,176.94657515851796,184.9357147216797,79887600
2020-03-27,180.14603023248665,183.59610856854113,177.95842243541358,178.5751953125,58845000
2020-03-30,180.27129287481992,185.50423718927124,179.57742164301396,185.070556640625,49356900
2020-03-31,184.76219935570143,188.16408926824647,182.33364975836622,183.49009704589844,62659300
2020-04-01,178.06443992386247,180.84955715500794,174.29633581554035,175.69371032714844,53715400
2020-04-02,174.66255053471346,183.20100924934582,174.40234509742618,179.25942993164062,56465300
2020-04-03,178.8160865430607,180.28092734640134,174.71067957784607,176.71519470214844,47487600
2020-04-06,183.5671905415819,190.47697870613135,182.324013049644,189.3494415283203,64763500
2020-04-07,195.02571109244403,195.3051948304533,188.8868918140945,189.27236938476562,69904500
2020-04-08,190.9588734023101,193.86927779949912,189.05073428992753,193.2910614013672,45940400
2020-04-09,195.00641123463416,195.84483288265525,191.80689211409904,193.5704803466797,68252600
2020-04-13,192.74170747225978,196.0375889054324,191.53707180055815,195.6617431640625,42853900
2020-04-14,199.7093347735553,204.7880833582473,198.9287331380293,204.1713104248047,63959600
2020-04-15,200.91399319148454,204.14242333953956,199.60334872214327,201.8295135498047,47036000
2020-04-16,204.00749630295397,206.59022855100955,202.08007891006673,205.51087951660156,64657400
2020-04-17,208.32487486770435,208.6525322445212,204.3833104391636,207.476806640625,62863200
2020-04-20,205.61685800215838,208.04540767957292,204.85553471347845,205.0193634033203,38249100
2020-04-21,202.95702103378133,203.49669545441034,196.23997144518634,197.45423889160156,72932800
2020-04-22,201.51148343212782,204.64353652652227,200.7694236585099,203.31361389160156,40089100
2020-04-23,204.10382786291873,206.6576643500485,202.47517276142193,202.8799285888672,43278500
2020-04-24,203.31358330920452,206.52273437703656,201.89693063858434,206.0794219970703,34231900
2020-04-27,208.34417117209563,208.7682053223026,206.71550123381283,207.73703002929688,36451700
2020-04-28,209.43313115803485,209.43313115803485,203.54487183502485,203.8243408203125,46862800
2020-04-29,208.34413609811057,211.98695293159466,207.33223926547072,211.05215454101562,48716400
2020-04-30,211.96767391728648,212.0544041499231,209.46204073151918,210.96542358398438,43359500
2020-05-01,206.71548516729402,208.80673096825288,203.99781998220683,205.0193634033203,48795000
2020-05-04,203.78580881579072,207.63099637496566,203.45813674525172,207.4093475341797,32841000
2020-05-05,209.54874043849082,212.150749973716,208.98015605622373,209.76075744628906,37783100
2020-05-06,211.43763204629545,213.01811334598153,210.19445459249738,211.05215454101562,36455200
2020-05-07,213.7698516845703,214.64681534695148,212.42065080278329,213.7698516845703,38624800
2020-05-08,215.43703762886173,216.83441200969708,214.40586247778154,216.69949340820312,31852300
2020-05-11,215.3792260503631,219.65807959889403,215.1479307078647,218.6365509033203,35714100
2020-05-12,219.23406976693457,219.82193258788695,214.03003462120208,214.05894470214844,41054100
2020-05-13,214.579356589653,216.45858538523214,208.84529346261877,211.3798370361328,65521200
2020-05-14,210.0595642053532,213.81802185416308,208.151425299421,213.77947998046875,51549300
2020-05-15,210.84016420516707,215.2250412319486,210.40649828054606,215.16722106933594,55747200
2020-05-18,218.0679800098586,220.3808747591325,217.2873783996043,219.17623901367188,42398100
2020-05-19,219.43643426157178,221.50841647055782,218.48237220668994,218.62692260742188,36237300
2020-05-20,221.17112973663603,223.3491059382722,221.15185144670252,222.99253845214844,37417000
2020-05-21,223.04071823517248,223.71531130660097,220.0532157266699,220.56398010253906,43642900
2020-05-22,220.15920834518346,221.52767267831032,219.2436881926368,221.32530212402344,28762400
2020-05-26,224.89105752385854,225.09344281630445,220.4869018101662,220.7278289794922,33055300
2020-05-27,220.39052438773797,222.04810437344563,215.81290848994647,221.9324493408203,55665600
2020-05-28,220.79525761011988,224.99702730755035,220.73743745224638,221.64332580566406,42784300
2020-05-29,222.0191744446622,225.12231706806375,220.45795663650625,224.89102172851562,50691800
2020-06-01,224.0236728366473,225.94144324161198,223.58036047927956,225.5655975341797,25776000
2020-06-02,225.98966364871228,227.13647922003233,223.59002397330252,227.0786590576172,33383400
2020-06-03,227.68572594314864,228.8518194987589,226.80876253407757,228.10012817382812,37228700
2020-06-04,227.75326668907277,229.1602730812188,225.19942994725727,226.5004425048828,38716100
2020-06-05,227.64720260158256,231.57913469306175,227.07861816685264,230.99127197265625,47365600
2020-06-08,230.84678005791002,232.90911612818007,229.27594484550295,232.78384399414062,32937300
2020-06-09,231.92611626901564,235.31835996895643,231.74300928137154,234.47030639648438,35046300
2020-06-10,236.1567949798613,238.8262719148472,235.63638410190856,237.28433227539062,58084400
2020-06-11,233.37167154589946,234.74976774675312,225.46926418901526,225.52708435058594,72919400
2020-06-12,230.41306085773337,231.67551663511844,223.32981223274112,227.31956481933594,72034800
2020-06-15,224.004420040345,230.7600117521702,223.0696215607382,230.08541870117188,45307400
2020-06-16,234.93289359770932,235.52075646260337,230.42274417264193,234.03665161132812,48890100
2020-06-17,235.53036275410633,236.59044803668823,233.9209712469323,234.77867126464844,34749300
2020-06-18,234.46067228292986,235.65567630933816,233.68971712269445,235.4147491455078,30578600
2020-06-19,237.77584598061165,238.0360514498067,233.651173876831,235.376220703125,49422100
2020-06-22,235.2448706236963,238.32444930956873,234.95526707943029,238.19895935058594,24068700
2020-06-23,239.79183727810704,242.45629299410982,239.24157581452485,240.22625732421875,32767400
2020-06-24,239.47326298317702,240.69930535245086,233.77750065197648,235.2738494873047,46032400
2020-06-25,235.3607162310961,237.81278608984616,232.79279022923097,237.51351928710938,36940800
2020-06-26,237.27218287499343,237.4459597314604,231.3833319883449,231.90464782714844,52824600
2020-06-29,231.66332633844715,234.44363849258883,229.13402358914257,234.43397521972656,34377800
2020-06-30,234.36639647362844,239.56981827910502,234.1829710638583,239.02920532226562,38909200
2020-07-01,239.06783146578198,242.8135282663668,238.52721846994487,241.81918334960938,34689200
2020-07-02,244.2615827675632,245.46831335527858,242.99693146853318,243.46031188964844,31956500
2020-07-06,246.60747686295844,249.96701092486788,246.58816504766384,249.4457244873047,34589000
2020-07-07,249.194728871071,251.84953649293794,247.42805857352045,247.72732543945312,36578200
2020-07-08,249.04992296791085,251.0192862865019,247.62114319258083,250.99032592773438,30426300
2020-07-09,252.90172395910213,253.77056392899553,248.71195967038867,253.1044464111328,40312900
2020-07-10,252.95973203754883,255.08358999641828,250.2856272331002,254.83258056640625,32885300
2020-07-13,257.6707313731831,260.4510429176394,248.76988679934044,249.59046936035156,64108100
2020-07-14,247.07082285754436,251.76260636964903,244.01055607181274,251.3571319580078,72230500
2020-07-15,252.76660542732458,253.59685139991987,248.5768403196032,251.86880493164062,54523900
2020-07-16,249.08847713087812,250.7875631355356,246.7715604180144,250.15040588378906,47594100
2020-07-17,250.60417761438833,251.29925568496543,248.26796344744795,250.44007873535156,35137900
2020-07-20,251.0771700900378,258.17275155686644,249.8318453849252,257.5452575683594,40610100
2020-07-21,259.109243731376,259.11890700581716,254.02167704412855,254.86155700683594,43243800
2020-07-22,255.35389333983335,256.6861288191878,253.46171828682546,255.75933837890625,29865500
2020-07-23,255.35388778568836,256.05859968248234,247.66940522346573,249.07888793945312,51363500
2020-07-24,245.2462802089507,248.03624091926736,242.62044783212232,246.7136688232422,54054500
2020-07-27,248.3548437407833,251.5019774032771,247.57288459649874,251.11582946777344,36445700
2020-07-28,250.3338869992057,250.85520295052197,247.63082180941944,247.92042541503906,31302400
2020-07-29,249.45527562735148,251.63705338401172,248.98224678889227,250.77784729003906,27556900
2020-07-30,248.81821346374306,252.65079144392368,247.66940345091214,252.09088134765625,41774500
2020-07-31,256.705441055947,256.74406469187164,251.8205969841483,256.589599609375,53686300
2020-08-03,258.72303208186116,260.7986027529654,258.59752738982127,260.0552673339844,32081600
2020-08-04,259.55328748172855,261.11723526948975,258.80995195129617,261.02069091796875,24911300
2020-08-05,261.50335108882535,262.1211818325002,260.6151844096224,261.6674499511719,21612100
2020-08-06,261.4743937794816,265.46143641822897,260.8372364837335,265.1332092285156,28048200
2020-08-07,264.5925456583775,265.36487086171775,259.9297519293119,262.0729064941406,44969400
2020-08-10,262.36251698917204,262.56526893234684,257.43907994534675,260.95306396484375,35088400
2020-08-11,259.79454370186176,261.0785212641222,255.46964107830547,256.01025390625,43104300
2020-08-12,258.16312201124356,263.39548922040774,258.11483511213305,262.44940185546875,38773400
2020-08-13,263.2217357684701,265.3166035911343,262.1115495090623,263.0479736328125,31895700
2020-08-14,263.6657744179316,263.9360808630811,261.3488578221937,262.739013671875,30799500
2020-08-17,264.4477742287283,266.2916621954299,262.7776778659631,265.7896728515625,24803000
2020-08-18,266.8516270636147,268.82099045745963,265.3938868738136,268.34796142578125,23529500
2020-08-19,268.30930422794574,269.3615697866744,266.0310109729801,266.54266357421875,31999400
2020-08-20,265.75104965845526,270.7227740474205,265.345575196867,270.2400817871094,27723400
2020-08-21,270.43315549382095,272.5666469170663,269.7863349379107,272.1129150390625,34748900
2020-08-24,275.3759912859797,276.1000298257325,271.53374949565824,273.81207275390625,36418500
2020-08-25,273.0397596135239,276.1579630047005,272.5956908715883,275.9648742675781,34866600
2020-08-26,277.21017083084166,282.1046776263631,275.93585613948716,281.8536682128906,42216700
2020-08-27,282.8287099718517,283.67825308117267,278.7161624022746,280.97515869140625,49482700
2020-08-28,282.21078098338495,283.03136353506403,280.85924884830865,282.40386962890625,28021000
2020-08-31,282.92523337247576,286.4778411473566,282.4907985769904,284.6725769042969,36321000
2020-09-01,287.3177448326724,289.65398840477394,285.55110407048033,289.53814697265625,36216200
2020-09-02,292.7817744292629,292.9941601719209,286.6129835431573,292.27978515625,50836800
2020-09-03,287.7812083130481,288.2831977917469,274.5650883407849,277.46124267578125,110083300
2020-09-04,275.67520489156203,278.9285460540391,262.3915042896588,273.76373291015625,123959000
2020-09-08,262.7969109863751,268.58921669075966,260.32552957606623,260.6054992675781,99568600
2020-09-09,266.0986863434111,270.3560074804245,263.5500562732358,268.2611389160156,64837900
2020-09-10,271.2150609116726,272.4314545272616,261.1943674109576,262.9127502441406,69667500
2020-09-11,264.6601619053472,265.6931304188339,257.6611240919877,261.0882568359375,71809000
2020-09-14,264.86280676483364,267.62382101959776,263.5112747168881,265.6351318359375,38525200
2020-09-15,269.3712471617637,270.74210617222377,265.60625334599047,269.40020751953125,41849900
2020-09-16,270.1919369996838,270.65530290761234,264.75681516866297,265.1043395996094,42321000
2020-09-17,258.2885739845688,264.9014627492348,257.4486943043433,260.96270751953125,81570800
2020-09-18,262.3819076873853,262.6715113038813,253.53898057555057,257.6322021484375,86251100
2020-09-21,253.38445419157796,258.3851385012699,251.1061316019315,258.25,57168600
2020-09-22,260.64414624476314,263.62718075167135,257.3135874665396,263.0479736328125,41128900
2020-09-23,262.7293730468661,262.91279844987025,254.1374573056015,255.01596069335938,48837300
2020-09-24,252.34186176277635,259.3988199097731,252.1777334392944,256.2033996582031,70631700
2020-09-25,256.7054636207659,262.9708012502839,255.15117884609563,262.1598815917969,55242400
2020-09-28,267.00608152706303,267.6046447753906,262.2660686795251,267.6046447753906,58438300
2020-09-29,267.04461817433645,268.09688359622004,265.8378877188012,266.3978271484375,27050000
2020-09-30,266.59084936773337,271.3598498234308,266.32054296163346,268.22235107421875,49380800
2020-10-01,272.0357591740167,273.0880249474062,270.1532472500576,272.4798278808594,50020200
2020-10-02,266.4653741628835,272.4700659190525,263.97469553569204,264.8145751953125,75497400
2020-10-05,266.77435178899657,270.78069161071824,266.6681736343385,270.4621276855469,28184600
2020-10-06,269.7766384874892,271.45639764270794,264.75662863947565,265.6351318359375,49704200
2020-10-07,268.2707392009267,271.0220617272554,267.68183927825163,270.23046875,27539700
2020-10-08,272.62451373055035,272.6920977005759,270.60686412845826,271.6687927246094,25443300
2020-10-09,273.3100621199914,275.8973156375616,272.9239141126719,275.820068359375,30201100
2020-10-12,280.4923852789235,287.1631940584861,279.44978323985595,284.3346252441406,79370700
2020-10-13,286.13030584164267,286.76743364068807,282.9638166230446,284.32501220703125,64240000
2020-10-14,285.12625685067985,286.09164114375056,280.21245433429266,281.95013427734375,36949100
2020-10-15,277.25843532490256,280.64691482689796,276.62127803072656,280.05804443359375,42514200
2020-10-16,281.69931917917336,283.11843624698633,278.1756699719729,278.5232238769531,40570700
2020-10-19,280.4345605272462,281.39031130634476,273.00111685021136,273.97613525390625,36756800
2020-10-20,274.7098958216309,277.6639709472558,273.15564043789226,274.5650939941406,32195400
2020-10-21,274.81605636255586,277.37431974705373,273.86996881644683,274.3526611328125,29306100
2020-10-22,275.1828363331673,276.0806662969074,271.09927880686445,274.34295654296875,32196200
2020-10-23,274.91247475466486,275.04764269717583,272.02598514362353,274.8835144042969,24658500
2020-10-26,272.6052094759992,275.4241149902895,267.1797546998695,270.7613220214844,38421100
2020-10-27,271.755760697536,273.69619314111293,270.5007725214233,272.8756103515625,30559100
2020-10-28,268.3864926510027,268.9946894601521,261.9859901717675,262.23699951171875,53413500
2020-10-29,263.54996429181864,269.81530016919515,263.0865691331869,266.8226318359375,43246300
2020-10-30,264.8435659472603,265.7124060582812,257.82523161584606,260.0552673339844,65838300
2020-11-02,262.43981653925505,264.05199236682597,257.7287348493458,260.6345520019531,39987400
2020-11-03,262.54596606498586,267.2377501565641,261.46474011532763,265.1428527832031,43604100
2020-11-04,273.7733711624564,278.7740555157782,272.112908738971,276.97845458984375,75728200
2020-11-05,283.36921717601047,285.1648470706218,281.89218055906287,284.199462890625,52054200
2020-11-06,283.543086072467,285.1359646772845,279.7973893292319,284.41192626953125,40959800
2020-11-09,287.3466296026275,288.7850722362282,278.1465184469039,278.6002502441406,86537100
2020-11-10,275.298706294445,276.73711974817496,270.9061892150607,273.6092834472656,69024900
2020-11-11,276.12887276656005,280.20279572960345,273.5706102395616,279.7297668457031,36102900
2020-11-12,280.6951619768522,281.9598131136958,277.30665349352734,278.4168395996094,34414600
2020-11-13,280.1257026321005,281.47723537423553,277.90530005604626,280.859375,24806900
2020-11-16,280.56001194389313,283.34998702443323,279.9518150530518,283.05072021484375,30168400
2020-11-17,283.2438740785604,283.5721013516347,281.51582716157145,282.1529846191406,21843500
2020-11-18,281.6026752956322,283.21485094019204,279.9808069171251,280.06768798828125,28069600
2020-11-19,279.51746653301234,282.56808541745164,278.8513487992569,282.2591552734375,22718400
2020-11-20,282.1817988123272,282.92516352503,280.2413965424816,280.3282775878906,25907300
2020-11-23,281.3226636320275,282.61627515632387,278.0982833620005,280.3379821777344,26875600
2020-11-24,281.39987740233255,284.76908884915287,279.60427663580543,284.2767333984375,24516800
2020-11-25,285.33875505274096,286.6613273418089,284.39266746655994,286.024169921875,23326800
2020-11-27,287.98385649637567,289.77948704018394,287.5880453041319,288.6596374511719,17163100
2020-11-30,288.97807619577884,289.58627289938136,284.57592700736086,289.2483825683594,27836200
2020-12-01,291.5171529568918,294.57743472512226,290.4166005069855,292.95556640625,27521300
2020-12-02,291.78750151784396,293.67001331211674,289.9532766313119,293.3321228027344,23620000
2020-12-03,293.64101422994565,295.291813464016,293.0231540129856,293.7471923828125,22828700
2020-12-04,293.7954649395466,295.08910615271844,293.11971343632354,294.94427490234375,19332100
2020-12-07,295.12774027171685,296.9812918076727,294.9443148268649,296.61444091796875,20851000
2020-12-08,296.14131030254276,297.9176139572177,294.3939669996921,297.61834716796875,18341500
2020-12-09,297.40595120541815,297.68589144302814,289.81801521529985,290.87994384765625,48839300
2020-12-10,288.85264531954755,293.16791457543917,287.77141955308394,292.0480651855469,27519500
2020-12-11,290.39732847376354,291.5268413770915,288.1383321283064,291.4013366699219,26760400
2020-12-14,292.58865178266007,295.45584424490863,292.5210972742196,293.51544189453125,28804800
2020-12-15,295.7648484221678,296.65301513671875,293.5830699960298,296.65301513671875,25709000
2020-12-16,297.0487636088592,299.06641327895323,296.006132057065,298.2844543457031,25461900
2020-12-17,299.87740106098477,300.4662714825039,298.68033367219317,300.2345886230469,23730500
2020-12-18,300.87176969860747,301.18069984306896,296.9619443694417,299.3271484375,41173400
2020-12-21,296.38797917126954,299.29906295575813,293.62198914828383,298.76715087890625,37095500
2020-12-22,299.6666284063234,300.49834990287053,296.76522492880133,299.57958984375,26176300
2020-12-23,299.62793417930305,299.98576921849786,297.916116756154,298.07086181640625,21201300
2020-12-24,298.3319963140971,299.83104306324276,298.25463853639457,299.38616943359375,16785000
2020-12-28,301.9877342376432,302.8775109246239,300.15983594666613,302.4035949707031,22497700
2020-12-29,303.72842791370647,304.34740785501384,301.7748278138078,302.67425537109375,25871900
2020-12-30,303.83503570090505,304.1541771600227,302.065162701973,302.68414306640625,18138100
2020-12-31,302.5873088046928,303.91227809562804,301.51380388065513,303.4287109375,21611400
2021-01-04,304.7536538523366,304.92776044528773,295.15001800660167,299.144287109375,45305900
2021-01-05,298.1578267845956,301.88129955735786,298.1578267845956,301.6104736328125,29323400
2021-01-06,296.9102647876635,301.6298854453865,295.92379831167057,297.4325256347656,52809600
2021-01-07,300.082477496206,305.4597427044686,300.0534646431421,304.6280212402344,30394800
2021-01-08,306.91043183426524,308.89307509454994,304.7246986108392,308.5448913574219,33955800
2021-01-11,305.59509181926586,306.7653160010453,303.43837181030807,304.08636474609375,32746400
2021-01-12,304.12498385424874,305.2081693347144,300.9721467267343,303.6027526855469,29266800
2021-01-13,303.8639934990585,306.44622610783034,303.264374826298,305.6531982421875,22898400
2021-01-14,306.0979788985538,307.0941259589353,303.5447304051911,304.0186462402344,23500100
2021-01-15,303.805887273983,304.76334073870083,300.37254297095495,301.6104736328125,35118700
2021-01-19,303.92197256919115,306.5138855699689,302.8291060202741,306.010986328125,24537000
2021-01-20,309.6183861530807,314.0671802809424,306.10768395367444,313.1290588378906,30728100
2021-01-21,314.4637477948913,316.37868455369073,313.09043345961686,315.63397216796875,25130600
2021-01-22,314.599151841025,315.73068254143016,314.03819737047615,314.7248840332031,21609400
2021-01-25,318.1002023361911,319.4638654817868,310.84669380510877,317.32647705078125,39080600
2021-01-26,318.042144313173,318.9222401339376,316.46571056359466,317.7906799316406,25498100
2021-01-27,315.53724544224883,315.5468967153011,306.9297265802239,308.93170166015625,55264000
2021-01-28,310.1309511635388,315.6919730692937,309.51197108006664,310.75958251953125,42836300
2021-01-29,309.07677493173617,310.1793222304367,302.4809412591884,304.2217712402344,55259000
2021-02-01,307.6551099094408,312.90667213411456,305.6338025545854,311.823486328125,35646000
2021-02-02,314.78284496401164,318.06141450154183,314.6184191662426,316.9105224609375,33930800
2021-02-03,318.9803265839735,319.34784243786737,315.59535563542084,315.65338134765625,24824500
2021-02-04,317.04599545052486,319.47348264312365,315.73067736307894,319.3864440917969,22350900
2021-02-05,320.3342820484121,321.4754936456154,318.6998224241963,320.46966552734375,22732000
2021-02-08,322.1524630950115,322.77141374142485,320.51800365592516,322.6166687011719,20462800
2021-02-09,321.6882474260004,323.806274175975,321.6785666370871,322.54901123046875,17597500
2021-02-10,323.980274963567,324.4348292163973,318.67071767071866,321.81390380859375,28068700
2021-02-11,323.3419566899157,323.9899495754875,321.2045984209813,323.583740234375,22046100
2021-02-12,322.7423963078256,325.5567608136008,321.6979041941988,325.3923645019531,20346800
2021-02-16,326.18536092765964,327.0751374324161,323.3516646321189,324.5122375488281,27080800
2021-02-17,321.5430706240913,324.62823071836164,319.31867403301914,322.955078125,31360300
2021-02-18,319.37675008910776,322.8971033683799,317.5681842715101,321.5431213378906,32236200
2021-02-19,322.8874661708562,323.01319836112447,319.1253288241616,320.14080810546875,39157700
2021-02-22,315.769367077322,317.02662993365885,311.6397140045064,311.8428039550781,47256900
2021-02-23,306.58156498365287,312.57780929074875,300.77875933727455,310.9143371582031,97241900
2021-02-24,308.2643660338584,313.7867239348735,305.5757339590293,313.47723388671875,58206300
2021-02-25,310.8273427369468,313.3805622361908,301.0109048467115,302.54864501953125,110182600
2021-02-26,305.4694350268346,308.62227339902614,300.662775423753,303.8156433105469,104739800
2021-03-01,308.77692917620794,313.2934589317363,307.4906536609349,312.9549560546875,49164500
2021-03-02,313.59328827964913,313.670646035131,307.6841120337371,307.935546875,48370000
2021-03-03,306.842744527842,307.78086615000115,298.9412723883203,298.9992980957031,86301100
2021-03-04,298.63171096791086,301.78457805104256,290.2466440779738,294.10552978515625,139131600
2021-03-05,296.7167561543828,299.43440085308566,287.67407513623954,298.53497314453125,121523700
2021-03-08,297.99339583364355,299.8696386111379,289.66638423540496,290.0822448730469,88409800
2021-03-09,297.3647418927493,303.41901118995133,296.83282990962573,301.5234069824219,80391100
2021-03-10,305.76921875075146,306.06902805682404,299.97609307680654,300.6627502441406,76798100
2021-03-11,305.39201888383275,309.347595038354,304.5022717639471,307.5874328613281,53484800
2021-03-12,303.54480310431984,307.7712054262976,301.15600935632517,305.09222412109375,69315600
2021-03-15,305.4113429475461,308.5158357263482,303.7768836510257,308.3514099121094,42955700
2021-03-16,310.5371016224292,313.5449041856283,308.61251410276867,310.0438537597656,54925900
2021-03-17,307.01679618497184,313.20644981907077,305.30494957992335,311.3205261230469,78258700
2021-03-18,306.45585279723394,307.4326679227673,301.33005261439087,301.78460693359375,82718100
2021-03-19,301.62023104090315,304.38625105160247,299.4828720653191,302.8485107421875,78446200
2021-03-22,305.2354281706355,310.5904346454932,305.2354281706355,308.52783203125,56194800
2021-03-23,309.6124369698752,310.9293867852574,306.36843885292086,307.1818542480469,53455400
2021-03-24,308.5471928642251,308.585935368186,301.855851182799,302.0010986328125,64803700
2021-03-25,300.16119992412274,302.98881140527135,297.66285536732806,301.4781494140625,78729000
2021-03-26,301.26518333046636,306.320002200916,299.87077805243393,306.0004577636719,63519600
2021-03-29,305.46786414488616,306.95911087381006,302.5821530784858,305.9132995605469,54608000
2021-03-30,303.95724077383505,304.94495313086105,301.68159854983406,304.3736267089844,44635700
2021-03-31,306.15532410653975,310.59037995545776,305.8163937205963,309.0313415527344,55032500
2021-04-01,312.84681277172825,314.43490141104496,312.5950307287617,314.2993469238281,55685600
2021-04-05,316.778249897894,321.3391976186883,316.53616093848217,320.5741882324219,42172500
2021-04-06,320.2643529812838,322.2978767014356,319.5767990245168,320.35150146484375,33537200
2021-04-07,319.8769115592545,321.9588998658076,318.94729840193827,321.1260986328125,32046400
2021-04-08,323.97315013695163,324.6606745569376,323.1790912001357,324.4766845703125,29940800
2021-04-09,323.1208995759563,326.64572825459874,322.38496939231305,326.4423522949219,36664900
2021-04-12,325.406319005224,326.43277387644633,324.137775163395,326.0163879394531,25833000
2021-04-13,327.5366256086355,330.2867522764166,327.32358617054615,329.82196044921875,30374000
2021-04-14,330.06411121419984,330.1900022082753,325.0480347934514,325.8614501953125,42564300
2021-04-15,328.7277522175519,331.1873842810127,325.5805957947006,330.8000183105469,36342800
2021-04-16,331.3229629053203,331.4004479258172,329.31845911420413,331.1874084472656,40860100
2021-04-19,329.61862923278056,330.7709453921216,326.23904755662335,328.1564025878906,34533100
2021-04-20,327.4979832876639,328.7761906399944,323.7988565884611,325.7646179199219,38081800
2021-04-21,324.4863302393841,328.73742623907555,323.4017765092401,328.5534362792969,36598100
2021-04-22,328.1661309889233,329.1441503104855,323.44054967233905,324.5928955078125,45936100
2021-04-23,325.22228417309697,329.9865779085582,325.22228417309697,328.6793212890625,36381900
2021-04-26,328.92142787751504,331.1002284294274,328.1757749976614,330.81939697265625,30812000
2021-04-27,331.10981063645744,331.32285004243863,328.437169377263,329.3861389160156,33187200
2021-04-28,329.05685699086604,330.06395491468925,327.6236803128046,328.2724914550781,33615700
2021-04-29,331.53593834980677,331.9523242109565,326.23903145567414,329.4539794921875,37708900
2021-04-30,327.01378426086353,329.49277288707975,326.38432931321546,327.2945861816406,38263400
2021-05-03,328.49538493855243,329.24100834819467,325.10613926437986,325.55157470703125,29729700
2021-05-04,323.0047842346644,323.3243582233889,315.88736262246255,319.6930236816406,65147000
2021-05-05,321.7362098397695,322.5980606740514,317.8434302194345,318.61810302734375,46219300
2021-05-06,318.35661423689663,321.17453273600654,316.11971504050814,321.01959228515625,46814300
2021-05-07,323.7890851182965,325.99693489429285,321.1938989793284,323.6244812011719,53324500
2021-05-10,322.2494774653637,322.42377443612776,315.2482536209034,315.4516296386719,60700500
2021-05-11,309.5833165167831,315.809836322037,308.92481220814955,315.0157775878906,71963600
2021-05-12,310.0965788958104,312.41093381936065,306.0004233496394,306.8622741699219,91164900
2021-05-13,309.79637355749134,312.1978768191362,306.8719203829938,309.2347106933594,69877800
2021-05-14,312.3915387998673,316.971842114096,311.88797494834944,316.0616149902344,44370000
2021-05-17,314.3573265528595,316.04225607286384,311.2779624122061,314.144287109375,39395000
2021-05-18,315.0932908097617,316.31339895612894,311.7524516607121,312.0235900878906,36528500
2021-05-19,306.6395840726064,312.68211545629066,306.29096058022935,312.3819274902344,66319100
2021-05-20,313.86355089683894,319.2766575441975,313.64084792372336,318.42449951171875,46466100
2021-05-21,319.9737778813046,320.39016375419965,316.30373092922235,316.6620178222656,50330400
2021-05-24,318.947294640956,323.1112416530921,316.5554550114147,321.9879455566406,32475800
2021-05-25,323.49860786465933,324.2151816528038,321.2617084783262,322.43341064453125,31280300
2021-05-26,323.1016342386901,324.0215546156915,322.4141098218782,323.5567626953125,25444900
2021-05-27,323.1112617243817,323.9537264610859,322.1429060174809,322.34625244140625,27931700
2021-05-28,323.5469965359783,324.95112409907404,323.0434622187752,323.3630065917969,29927400
2021-06-01,324.6897116541639,325.16422612612524,320.94217916251796,322.2882080078125,31145400
2021-06-02,322.70456308578315,323.7600673377985,321.20362345031947,322.9176025390625,22047900
2021-06-03,320.0900485531907,321.3585924879055,317.89189117780296,319.5574645996094,37057800
2021-06-04,321.3488600462655,325.4256294601912,321.28106805163293,324.9801940917969,38736500
2021-06-07,324.44760861511116,326.00667686643675,323.7600842511956,325.9485778808594,32611900
2021-06-08,327.6915424715313,328.5533931755179,324.42818869496324,326.10345458984375,27282800
2021-06-09,327.46892965959455,328.2436025634657,325.99700976961145,326.1809997558594,21485300
2021-06-10,326.51988721420577,329.68639997023377,326.07445183075987,329.57989501953125,33702100
2021-06-11,329.5895840641041,330.4514349584931,328.9408021914043,330.4417419433594,21222800
2021-06-14,330.86781281991716,333.61793983021033,329.68641752553503,333.6082763671875,27827700
2021-06-15,333.25958964568343,333.5694705448382,330.7128095685178,331.4294128417969,35963800
2021-06-16,331.8942919709,332.95948937211466,326.77171053321524,330.21905517578125,55399500
2021-06-17,329.2119214044201,335.41908560783594,329.1635154353319,334.4119873046875,59722700
2021-06-18,332.7560754309616,333.8987280697035,331.04206692097785,331.7877197265625,55414900
2021-06-21,331.9787050089073,334.1697371361954,329.7682939515747,333.84979248046875,32992600
2021-06-22,333.64619131796877,337.4077745648216,333.3456551954146,336.9618225097656,28941600
2021-06-23,336.90362569975315,338.2705945140758,336.29284925227404,337.1265869140625,27188500
2021-06-24,339.0559088589476,340.73308863109816,338.51300297376974,339.2110290527344,32581600
2021-06-25,339.7733422968147,340.01571207248264,338.19308662567505,338.7941589355469,28682800
2021-06-28,340.07383191194555,343.050139450511,340.01566554063777,342.9143981933594,39130300
2021-06-29,342.7399338346311,344.1844481788374,341.90619603724184,344.1553649902344,29426000
2021-06-30,344.0002735354658,344.3880888641185,343.0307943861453,343.61248779296875,32724000
2021-07-01,343.263490404532,344.2523484884269,341.9159001820731,343.74822998046875,29290000
2021-07-02,345.638679690202,348.0139153307222,345.4060141726881,347.6940002441406,32727200
2021-07-06,348.2950468733975,349.4778124771384,345.6095710167711,349.1966552734375,38842400
2021-07-07,351.387628952372,351.68816503576727,347.98474864445757,349.93341064453125,35265200
2021-07-08,344.8825170837954,348.673184261547,343.60282704032704,347.8200378417969,50890000
2021-07-09,347.23847264402275,350.4668262412786,346.65677904838094,349.9917907714844,35184500
2021-07-12,351.38775628895326,351.8143295140608,349.8171750949714,351.3586730957031,25717700
2021-07-13,350.98056199729325,354.3155728920475,350.50552664548815,351.3586730957031,39723000
2021-07-14,353.695063224342,354.334923009968,351.1647368588785,351.9888000488281,35336400
2021-07-15,351.901510773036,352.10509308626206,347.51944659972696,349.5165710449219,53391600
2021-07-16,350.36976954559515,351.3489529844366,346.3367326086339,346.6857604980469,47262000
2021-07-19,343.2440519345141,344.3395680143202,341.295419127874,343.84515380859375,64404600
2021-07-20,344.7758589805626,349.2839309033551,343.0016956494683,347.83941650390625,42183700
2021-07-21,347.4128521034369,350.5248718261719,347.1898612525527,350.5248718261719,30259900
2021-07-22,350.7284624245067,352.8516241358318,350.7284624245067,352.8419494628906,30252200
2021-07-23,354.1604406941215,357.24337741905504,352.8128800042063,356.9622497558594,31960800
2021-07-26,356.2738984943799,357.63119303093924,355.41107739904294,357.2433776855469,28438100
2021-07-27,356.9816157771512,356.9816157771512,349.16761615168787,353.3072814941406,57933100
2021-07-28,354.44165050468104,356.2351931902032,352.1536638911398,354.66461181640625,42066200
2021-07-29,354.102177487591,356.4580041755391,354.102177487591,355.2946472167969,25672500
2021-07-30,351.3779373237778,354.02462539017665,351.34885414002173,353.44293212890625,36484600
2021-08-02,355.1007941602043,355.6824875220298,352.76434604074336,353.4720764160156,27334100
2021-08-03,354.1314133642559,355.7310483635909,350.9515223014352,355.6147155761719,35558500
2021-08-04,355.57589923996295,357.0786098518461,354.47070826307936,356.1285095214844,29602200
2021-08-05,356.94278521593094,358.6199946031827,356.2350844531187,358.3873291015625,21443900
2021-08-06,357.127043419066,358.0965226061682,355.71161209002065,356.8168029785156,33332100
2021-08-09,357.2724012853778,357.9995105574724,356.17691483445634,357.47601318359375,25960200
2021-08-10,357.98985970066474,358.28069159438905,354.4609415973218,355.6437072753906,35130800
2021-08-11,356.9040762701821,357.39849052888457,353.70477725367834,355.032958984375,34249800
2021-08-12,354.5288145934865,356.6713551212553,353.1812244425715,356.3126525878906,25969200
2021-08-13,356.6617154234982,357.89294335073095,356.16727156623733,357.5633239746094,19336200
2021-08-16,356.4483990335827,357.757172169188,352.5995657657069,357.7184143066406,34856900
2021-08-17,354.9747916356551,355.94427080417313,352.1439290318299,354.567626953125,44793900
2021-08-18,354.0344450476551,355.43049761196727,350.8254709190909,351.15509033203125,38541900
2021-08-19,349.22572056979755,354.5190675348272,348.97364656655543,352.8515625,48499400
2021-08-20,353.9180087597868,356.904020710353,353.60776837263546,356.50653076171875,39486000
2021-08-23,357.54380900414895,362.5269447866022,357.5341343336615,361.838623046875,34034700
2021-08-24,362.4300249708852,363.54491990107476,361.96466440094775,362.94384765625,21732900
2021-08-25,363.1959229114971,363.9327364198926,362.4494051455224,363.3607177734375,20441900
2021-08-26,362.50762435662693,363.18624194922563,360.61712834878506,361.05340576171875,29133300
2021-08-27,361.68360342642745,365.0670762843643,361.198863838246,364.5629577636719,27104700
2021-08-30,365.34821689588654,369.13888385322144,365.32880837810274,368.6541442871094,27295700
2021-08-31,368.8964825609371,368.96432360892027,366.8120789357701,368.35357666015625,29628200
2021-09-01,369.41030661755565,371.0293200677251,368.7607426341766,368.9643249511719,28138300
2021-09-02,370.31197593873407,370.6415953206066,367.5780374591262,368.7898864746094,25453400
2021-09-03,367.6458212550656,370.3215927167208,367.62644232641253,369.9241027832031,24605400
2021-09-07,370.0307324548538,371.0971652572,368.8770500940635,370.4476013183594,23970200
2021-09-08,370.2731286393922,370.2731286393922,366.8993604607253,369.1582336425781,32949200
2021-09-09,369.3812507650496,370.48644158239364,367.6458748477342,367.88824462890625,29399000
2021-09-10,369.59443491139774,370.31183979724653,364.76641955766814,365.0960388183594,40249400
2021-09-13,367.422934588021,367.8495078285106,362.79852917754545,364.8441162109375,48741800
2021-09-14,366.32738486764987,367.0544942449371,362.85666245797427,363.8067626953125,41826600
2021-09-15,364.262306118654,366.86050238702904,361.97432060290276,366.511474609375,34097900
2021-09-16,365.18344643953344,367.3356916148543,363.2638964089497,366.7637023925781,35193100
2021-09-17,366.28855990062715,366.33702201577245,361.3829985674299,362.4203186035156,60912300
2021-09-20,356.63979567319177,358.37709577812643,350.3020786848123,354.931640625,76203200
2021-09-21,356.7562323028196,357.9500244057725,354.24250095471126,355.36834716796875,41927500
2021-09-22,356.28063766745237,360.1434529614634,355.1839069904192,358.6876220703125,46972900
2021-09-23,359.8426222827669,363.02603832208723,359.20205306754923,361.99725341796875,44652000
2021-09-24,359.7358364347196,362.75427479552803,359.3670211733709,362.3369140625,36056800
2021-09-27,359.2990639527507,360.3181336954187,356.90179464616716,359.44464111328125,43338100
2021-09-28,354.9024542138985,359.39609384752913,348.7685465166563,349.2732238769531,97701600
2021-09-29,350.5349530661647,352.6701538015192,348.07945296818735,348.7005920410156,58076600
2021-09-30,350.3409023629965,352.00054152242564,346.5848628668864,347.4195251464844,61384600
2021-10-01,348.040725700773,350.6126882862081,343.9449859843389,349.5741882324219,56375500
2021-10-04,347.96292510711714,348.2929098328882,340.0044020068107,342.2366638183594,76766000
2021-10-05,343.29465164038623,349.09857530087436,343.0714431735322,346.8565979003906,47232900
2021-10-06,343.6537097480509,349.3508859856343,342.7511017351987,349.0791320800781,56806500
2021-10-07,352.1169752114742,354.92189045558763,351.58318236533466,352.281982421875,39411200
2021-10-08,353.35923874114195,353.5921918100286,349.99141563907443,350.5252380371094,41822300
2021-10-11,348.99175438828416,352.5051843465266,347.74944659507247,347.8368225097656,34847200
2021-10-12,349.282965612208,349.7196971250203,345.9830880554813,346.6236572265625,43905100
2021-10-13,348.9239130679518,350.0691597944436,346.90514395854746,349.39947509765625,40120800
2021-10-14,352.9807670269934,356.04772105094736,352.32079745219414,355.8341979980469,43433900
2021-10-15,357.0473870713289,358.1926336084034,356.0186022676578,358.076171875,40419900
2021-10-18,356.7853103768434,361.89043344638947,356.18357168874354,361.6769104003906,34513500
2021-10-19,362.7445558549217,364.4624257643063,361.72548600712634,364.4139099121094,29091000
2021-10-20,364.87007805144793,365.48153181872937,362.4630934361541,363.9383544921875,31390300
2021-10-21,363.1424497509342,366.35498078132946,362.8415804123017,366.1608581542969,25469300
2021-10-22,364.9089053008268,365.86974428728405,361.4246199786976,363.0842590332031,36275800
2021-10-25,364.50124448025184,367.7137757327204,362.56013655155994,366.80145263671875,32597800
2021-10-26,369.03375122026137,371.44070613936873,366.78205887358405,367.9564208984375,47191300
2021-10-27,368.4028401652596,371.86772473288306,368.140801272355,368.81048583984375,45760500
2021-10-28,370.70301212454297,373.158511897242,369.9362663781181,372.9061584472656,38007000
2021-10-29,369.83922424921735,374.9055162095745,369.48983910247944,374.7405090332031,37310100
2021-11-01,375.17725992884846,376.14781369100274,373.1002902796924,376.0216369628906,30765300
2021-11-02,375.41030848306167,378.06964681864423,375.361792626363,377.59405517578125,25135300
2021-11-03,378.07933144700115,382.0197786571943,377.04086108788135,381.6024475097656,33748900
2021-11-04,382.86409557804916,387.44511096073836,382.3205877884888,386.49395751953125,40265300
2021-11-05,388.2604848467983,389.1824935045929,385.46528419617044,386.8628845214844,43383800
2021-11-08,386.8336760504004,387.85274580050265,385.6981149520696,386.33868408203125,29256300
2021-11-09,387.40636744651226,387.8042981708341,382.32067358056867,383.679443359375,50490700
2021-11-10,380.91329761431683,383.7181830371893,376.11875888695903,378.04046630859375,54937400
2021-11-11,381.01039166879127,381.1850842805992,378.7489842575441,379.08868408203125,32243000
2021-11-12,380.23395185939404,383.6114906371269,378.6422586093999,383.07769775390625,34730600
2021-11-15,384.25200274920627,384.57227250773866,380.554194715013,382.9902648925781,33716900
2021-11-16,382.2623302948795,386.2124916261566,382.0682372936359,385.717529296875,27872900
2021-11-17,386.03784845819575,387.9498409979827,384.96054774936533,385.92138671875,28703300
2021-11-18,387.959444564216,390.42462965818015,385.7465832935786,389.9199523925781,45721500
2021-11-19,391.55057784406847,393.3655090142673,390.7256010524446,392.0940856933594,45191700
2021-11-22,393.6275364388236,396.67506015992336,387.4353980677987,387.5421447753906,61715400
2021-11-23,386.387211450435,388.44481066512725,381.35006379541414,385.7757873535156,70098700
2021-11-24,383.3008889875023,387.2995667793371,380.98128029985196,387.01812744140625,46954400
2021-11-26,384.4461190280099,385.8340337161971,378.29281040946904,379.68072509765625,51533300
2021-11-29,384.23268257992703,388.9301609395068,383.5047669941024,387.9207763671875,54447100
2021-11-30,387.0374184719964,389.3764565349537,380.2144268783126,382.2234802246094,81332700
2021-12-01,386.5521789963482,388.68740927417525,375.2549477945375,375.7207946777344,77766500
2021-12-02,374.4397488205954,380.20484237302816,373.02274816995504,378.4287414550781,84416600
2021-12-03,379.78745158369395,380.78712093526707,367.74287389750515,371.84832763671875,105349100
2021-12-06,372.33361117070314,376.18671148100873,368.13109604161446,374.82794189453125,67588800
2021-12-07,381.45686138825334,386.72696283063163,381.4180309325069,386.1155090332031,56005300
2021-12-08,386.4455080706862,388.04691628360314,384.55291587972,387.84307861328125,39204000
2021-12-09,386.6201542564389,388.41568490576117,381.9420773224515,382.1361999511719,49973700
2021-12-10,384.94113783795945,386.55226109542093,381.77712219580366,386.29022216796875,52545800
2021-12-13,386.2805353156196,386.6008051391918,380.34074890859404,380.7095642089844,50166400
2021-12-14,375.8955816406789,378.60343580497204,372.333664769765,376.76910400390625,75199200
2021-12-15,376.5166669860493,385.71752824578107,372.5762206822059,385.3583984375,73858000
2021-12-16,386.31937586532916,386.74642205388864,373.86714973708416,375.44915771484375,82591400
2021-12-17,372.0424358932726,377.72989749215094,370.5283740874729,373.575927734375,80492500
2021-12-20,368.8637746592854,370.7393295495994,366.8230017762777,369.9521789550781,65336800
2021-12-21,373.2173826671399,378.54282316268046,369.47600040653015,378.2318420410156,48899500
2021-12-22,377.9402862804048,383.0422031359455,377.27947369103094,382.838134765625,37042200
2021-12-23,383.18793796010414,387.191722908839,383.0227496533543,385.7243347167969,29595500
2021-12-27,387.01675259788556,392.0992431640625,386.98759997981807,392.0992431640625,32820700
2021-12-28,392.99329465414655,393.1682103706067,389.40737418278945,390.281982421875,33113700
2021-12-29,390.4180644232136,391.68138419397815,387.85251517842977,390.22369384765625,32248500
2021-12-30,390.0099560416265,392.1867941156094,388.4745350309547,389.0576171875,23850100
2021-12-31,388.38708759794156,389.74759289526463,386.1325190156398,386.6281433105469,34752900
2022-01-03,387.79418445250604,390.60268190377786,385.6854091645426,390.3500061035156,40575900
2022-01-04,390.8942872966026,390.93316734839436,382.19675150017935,385.28704833984375,58027200
2022-01-05,383.6057239009229,384.72331005579474,373.19782470971455,373.45050048828125,75739800
2022-01-06,371.6333557267831,376.42429149760477,369.407939874291,373.1882019042969,70814300
2022-01-07,373.19786937744817,374.879082866367,367.3768356036122,369.1454772949219,72652300
2022-01-10,364.24769136076003,369.90353734049626,358.8930990303456,369.3884582519531,91770500
2022-01-11,368.65957052256533,375.10256621805246,366.57994783943866,374.9373779296875,68295700
2022-01-12,377.5029320274795,379.19387305126554,374.1502619150922,376.42425537109375,54576400
2022-01-13,377.80418083844836,378.48444820971673,366.074654822973,367.007568359375,77994000
2022-01-14,364.49059747265716,369.6216659989049,364.28649948347913,369.291259765625,80121200
2022-01-18,363.48963230393474,365.6081349187421,359.3400552696954,360.0980529785156,75450900
2022-01-19,361.65293569478354,364.12129942453373,355.88048008225894,356.14288330078125,81791500
2022-01-20,359.35956284867154,363.3244676788671,350.9827067803879,351.5171813964844,88610700
2022-01-21,349.3305709154094,351.9641226970978,341.4881911443919,341.77001953125,143388900
2022-01-24,336.153116714681,343.9954979272125,324.724814863164,343.33465576171875,198685800
2022-01-25,336.89172732588406,341.1287335257573,332.04245670713203,335.3757019042969,124398400
2022-01-26,342.95564528881357,346.8136666435928,331.16778546967276,334.85089111328125,146559500
2022-01-27,339.544727514019,341.3619770664219,330.4584500952128,331.4788513183594,95255700
2022-01-28,333.3543940286969,342.0908099619055,328.41769504756473,341.87701416015625,108167900
2022-01-31,343.2374887444185,353.3927134005564,341.6048530649411,352.80963134765625,94326400
2022-02-01,354.1507095470386,355.86107565255384,349.0099431185774,355.2099609375,74433000
2022-02-02,359.33035755736563,359.66076377338635,354.01464617007866,358.0961608886719,78777100
2022-02-03,348.4171179283589,351.7212098548934,342.5183243409074,343.57757568359375,95384800
2022-02-04,344.0926633462077,351.20619958497537,342.04219309436127,347.9118347167969,86318300
2022-02-07,348.5046486351094,350.86610018602556,343.85947597955027,345.11309814453125,58198100
2022-02-08,343.97611071193523,350.0789743336064,342.8488263924174,348.9905700683594,64720900
2022-02-09,353.49960591720173,356.4635641696809,351.90585037410443,356.3858337402344,55766400
2022-02-10,349.37919767323103,356.15259973343774,346.48327194707014,348.3199462890625,112468500
2022-02-11,348.3200111343548,349.91376704841684,336.0462518750743,337.2707214355469,101569100
2022-02-14,336.716713599488,341.08008649395026,334.1900742753806,337.6885070800781,80254400
2022-02-15,342.9556322339399,346.3180292889593,341.89638092534886,346.0848083496094,55128800
2022-02-16,343.84005332770806,347.01780804357315,340.8177595055403,345.9974365234375,58947100
2022-02-17,342.7904074906241,343.4900999515628,335.28816097041926,335.7060546875,61801400
2022-02-18,336.63897933491177,337.0276907913628,329.57405148795016,331.877197265625,80001500
2022-02-22,328.9424453298994,334.33591824599034,324.9192347685208,328.54400634765625,85967100
2022-02-23,331.6926034563906,332.52833172919344,319.81728430674264,320.1282653808594,86215400
2022-02-24,309.8467184217292,331.4205517245666,309.2830910907505,330.88604736328125,130614100
2022-02-25,331.6828380897231,336.2211267970796,327.87342416629815,336.01702880859375,78842100
2022-02-28,332.84903222013645,338.70894638542165,331.6925954747324,337.01800537109375,77515500
2022-03-01,335.99757652942674,338.2618421595854,329.340785640076,331.85772705078125,67407000
2022-03-02,333.4029080497776,338.75749983927886,330.64301800966297,337.4261474609375,70609000
2022-03-03,340.05968802670134,340.1666007318738,330.749919463699,332.6060485839844,71089400
2022-03-04,330.25428285911715,331.68282041848863,325.47307568755974,327.7859191894531,76936300
2022-03-07,327.77628642834065,328.93272323703087,315.4928005351827,315.6968688964844,89933800
2022-03-08,314.90969938541224,323.8113321836429,310.9156419859536,314.2294616699219,116153900
2022-03-09,322.39250561084714,326.8919144282108,319.8075312459294,325.5411071777344,64723400
2022-03-10,321.48879705743184,323.1311307732985,317.49470955243396,321.92608642578125,69362700
2022-03-11,324.8899589113297,325.2009399000204,314.7638591858381,315.249755859375,66228400
2022-03-14,314.0156751788515,317.3780727787693,308.495894569981,309.1955871582031,79802600
2022-03-15,311.8290549541508,319.6714344078137,310.2256018576927,318.89398193359375,76471000
2022-03-16,322.8006234444727,330.83734410430736,319.1369433833883,330.7207336425781,105243000
2022-03-17,328.8257548036188,334.7828535760516,327.53328252529974,334.72454833984375,67810000
2022-03-18,333.0724905740786,341.86723943420895,331.91605395086054,341.57568359375,85446300
2022-03-21,340.74285245484646,342.961279812273,336.2475907234622,340.6260681152344,73799100
2022-03-22,341.122308670876,348.18626177305254,340.7428560668275,347.3202819824219,63345900
2022-03-23,344.4499479211533,348.0013735104719,342.27041906584384,342.32879638671875,70615500
2022-03-24,344.2456257889737,349.98632015490364,342.09531511149896,349.9376525878906,53555300
2022-03-25,349.8792917843476,350.9301430826536,345.3548706717682,349.6457824707031,57584200
2022-03-28,349.63598379052814,355.1528779384518,348.4002909572127,355.0555725097656,56833900
2022-03-29,358.93781843646826,361.7886864128306,356.17451643929866,361.1659851074219,68073000
2022-03-30,359.3075272990902,360.9616303767165,355.6977248174195,357.1766662597656,68757700
2022-03-31,357.32266179540284,357.6729554237406,351.91281216016915,352.7496032714844,67011400
2022-04-01,353.0123139571587,353.790698080622,348.90627386497005,352.0782470703125,54527800
2022-04-04,352.91499315262814,359.3367658186783,352.6522952034234,359.3270263671875,45950200
2022-04-05,357.87726798482333,358.58756498360026,350.2100630749874,351.3484802246094,62738700
2022-04-06,346.0456573966083,347.1451464708245,341.0931165302521,343.72021484375,90077100
2022-04-07,342.72775047428837,346.72677537860693,339.2736300898147,344.53753662109375,63777400
2022-04-08,342.8055985586758,343.55479400380557,339.08875060779496,339.72119140625,61956100
2022-04-11,335.49829613421343,336.41291351679155,331.34361950435357,331.6841735839844,66107400
2022-04-12,336.42270666055407,338.30057958247323,328.91118527943127,330.2831115722656,72790200
2022-04-13,330.62366112785617,338.0476171002027,329.9036543907253,336.9967956542969,61367800
2022-04-14,337.08437912811996,337.60006527348116,329.076619850918,329.2906799316406,73519400
2022-04-18,328.23989134707324,331.8302455149222,326.72202142008297,329.543701171875,58560600
2022-04-19,328.90148159846586,337.48330417965906,327.87984877884975,336.90924072265625,56515700
2022-04-20,337.71675855753165,338.17406729719187,330.7793009444384,331.99554443359375,65500000
2022-04-21,335.8681551308669,338.47577467202575,324.2019542803941,325.12628173828125,75801000
2022-04-22,325.2819373420836,326.49818102204216,316.18442867730363,316.612548828125,82562100
2022-04-25,314.9876603786092,320.99102248743816,313.72274914952385,320.6796569824219,101755900
2022-04-26,318.62664699678186,318.81151840668446,308.30315547583336,308.57562255859375,105819600
2022-04-27,308.67289012652145,314.1605955718625,306.4933910697068,308.20587158203125,111204200
2022-04-28,313.1584468432036,320.98133496122966,308.9453618627923,319.152099609375,99450000
2022-04-29,314.9584894316406,318.3931605508737,304.1582391282539,304.7906799316406,91977900
2022-05-02,304.38198013377917,310.11293432187523,301.28786349211373,309.8794250488281,115511800
2022-05-03,309.8989005937919,312.49681025101495,307.4469639380765,310.21026611328125,78185500
2022-05-04,310.68708998732376,321.37058780278176,305.41347271566764,320.69921875,116083400
2022-05-05,316.38888122859936,316.46670778414693,301.2587871449038,304.5475158691406,154607400
2022-05-06,302.5528462671448,306.5810306476566,296.87052860181467,300.89874267578125,139572800
2022-05-09,295.28453273033836,300.996008618568,287.7340820427355,289.1254577636719,113387300
2022-05-10,296.28673192264387,297.50297573409813,288.5611488568105,292.63800048828125,124124600
2022-05-11,290.3806041502512,295.87801946885776,283.0928817553142,283.9588317871094,140326100
2022-05-12,279.68741206372414,287.76325832357395,277.24518522152556,283.2874755859375,120910900
2022-05-13,287.7341023099368,294.81750520771743,286.13837614770426,293.7861328125,83684900
2022-05-16,292.0444589770364,294.097493977759,289.10602460905653,290.3806457519531,59190400
2022-05-17,296.2283030874456,298.2813080313498,292.43359930076383,297.90185546875,62715300
2022-05-18,293.3969443951793,294.08776258700664,282.0226295477689,283.2778015136719,79477100
2022-05-19,281.47767954188765,286.43995905816803,279.81383702188515,281.75982666015625,79920700
2022-05-20,285.2140563496369,285.8659464335845,272.6429466835041,280.88421630859375,91764200
2022-05-23,281.9252836170379,285.9340180153602,279.5317243809088,285.5545654296875,63648400
2022-05-24,280.34904251119707,281.05930982802573,274.62782739676254,279.4830627441406,73491100
2022-05-25,277.9944211571829,285.46704607743305,277.79010050075397,283.3945617675781,67144500
2022-05-26,282.596671869978,292.79367022076343,282.31449500411975,291.24658203125,59462200
2022-05-27,294.36984231177235,300.8986288218428,294.2530876917981,300.752685546875,66985600
2022-05-31,300.7235693775658,302.9225178684783,296.1115529228091,299.95489501953125,60968300
2022-06-01,302.0857387437467,304.2068605762267,295.52776238187124,297.7364501953125,65341700
2022-06-02,296.6174966517862,306.0652686716349,295.20664219105805,305.89013671875,59291300
2022-06-03,300.68459259062325,302.08570752811823,296.6855980727137,297.9310302734375,60914700
2022-06-06,302.35819408690884,303.9149920144616,297.366725021666,298.92352294921875,51785000
2022-06-07,295.60557593396834,302.2803363375406,294.5158264052498,301.5019226074219,44900300
2022-06-08,300.7040806016703,303.30199021077476,298.48565327993657,299.3321838378906,38342100
2022-06-09,297.6489665842472,300.70415608590713,291.14936574434535,291.31475830078125,55900500
2022-06-10,285.7200523377962,286.90710774347195,280.5923780040561,281.0399475097656,85963500
2022-06-13,272.19532856453475,274.71538184129287,267.11629390009665,267.9725341796875,94442000
2022-06-14,270.16178660559007,271.13478157440943,265.95844121386256,268.45904541015625,64697500
2022-06-15,271.8743261379324,279.0841942882345,269.1401823653874,275.16302490234375,86051400
2022-06-16,268.14768788372317,268.6049967204327,262.00809182300713,264.0611267089844,81910300
2022-06-17,264.8297459443836,269.70445991716934,263.20486108242034,267.27197265625,82703400
2022-06-21,271.74362277262003,276.32550024065307,271.6364019012819,274.0150451660156,51633700
2022-06-22,271.51943358656274,278.01203912063664,270.92478011935964,273.61541748046875,67472900
2022-06-23,276.0916057256148,278.5385272590604,273.26450217830984,277.6903991699219,57457800
2022-06-24,280.50775765911123,287.6242928528951,280.27379948579727,287.205078125,58422300
2022-06-27,288.56015599287156,289.12556482992136,283.96854832732276,285.0993957519531,54151500
2022-06-28,285.6356110441469,288.2189988458042,276.22816427556467,276.41339111328125,61609800
2022-06-29,276.27680789416553,278.16804887285934,273.7811552161931,276.666748046875,57302700
2022-06-30,273.69341734704597,276.80323985651665,268.8483358926801,273.2352294921875,79313600
2022-07-01,271.93863240142696,275.4286363801859,270.066878313304,275.0386962890625,56675100
2022-07-05,271.31473627277535,279.8642935191282,269.7939489136833,279.747314453125,61829300
2022-07-06,280.12753987607994,283.63706078053895,278.4117674893385,281.54107666015625,63194700
2022-07-07,282.35023028475064,288.2676695587538,282.35023028475064,287.5657653808594,56620100
2022-07-08,284.73865446284026,289.29128867561775,283.80279206972443,287.9264831542969,59895500
2022-07-11,285.518472005687,285.7426719201022,280.89762132801053,281.7749938964844,55273900
2022-07-12,283.0229388065086,284.93366671935394,277.45643578025954,279.04547119140625,55797100
2022-07-13,273.54721785705755,280.809946723443,272.98177930472275,278.47027587890625,73939400
2022-07-14,275.87713357604196,280.3322753285217,272.7673107554296,279.46466064453125,63741800
2022-07-15,282.4477695308768,284.64121673118933,280.8392177835556,284.5339660644531,63818100
2022-07-18,287.3122975281542,288.7161059163632,280.95618659025564,282.1260070800781,59519600
2022-07-19,285.7428438010283,291.09487621407686,284.1440796757521,290.8023986816406,55172600
2022-07-20,291.22148278478676,296.5929696381885,290.44157279889953,295.41339111328125,67769400
2022-07-21,295.8716917448652,299.7126643571148,293.2200562828634,299.6541748046875,55049400
2022-07-22,298.72797102452967,300.79468073009497,292.5765732733218,294.3995666503906,57127700
2022-07-25,294.4287925102195,294.8967385410693,290.72431645520345,292.7227783203125,40582400
2022-07-26,291.02657410878913,291.28004863943625,286.16200515865125,286.97113037109375,50074100
2022-07-27,291.5237562918139,300.7849775519658,290.95831770194945,299.09844970703125,69304400
2022-07-28,298.8839730602149,302.5982077751898,295.14049357388313,302.0230407714844,55139900
2022-07-29,303.56332661296017,308.4376532183859,302.1400018237952,307.531005859375,57501000
2022-08-01,305.766517537453,310.79682641979406,304.6746730824699,307.3457946777344,46358800
2022-08-02,305.05481811529603,310.54328396050465,304.0019470851093,306.4293518066406,48676500
2022-08-03,308.1061269727694,315.5931141348035,308.04763744225164,314.77423095703125,53735700
2022-08-04,314.8522570900785,316.5582714190413,312.7075414620281,316.2463073730469,38973700
2022-08-05,311.1672501032933,315.69060951768313,310.38736978201047,313.66290283203125,53894000
2022-08-08,314.5792611856877,318.2642505385572,311.186719499504,312.6490173339844,43878500
2022-08-09,310.7578460208028,311.0113205557175,307.49207059279166,309.1103210449219,39764200
2022-08-10,316.43141644631606,318.0302092743537,313.9650092668816,317.73773193359375,51459600
2022-08-11,320.05804792349016,322.0565100360168,315.2324524315432,315.9343566894531,45897700
2022-08-12,317.98161039951196,322.28077067246943,316.928768786997,322.0858154296875,40928400
2022-08-15,321.14016517050663,325.18585052977204,321.12064882265224,324.68865966796875,38266600
2022-08-16,323.7137511121716,326.0144485623333,320.88664784970257,323.92822265625,41186900
2022-08-17,320.79892851943316,323.09959632644143,318.15702215986727,320.2334899902344,47842200
2022-08-18,320.1847483435391,322.18321022613554,318.5762266147997,321.0036315917969,41937200
2022-08-19,317.97179578627373,318.62493881082617,313.984570932645,314.7449645996094,51770600
2022-08-22,310.4945744799411,310.72853261401207,305.64949311671654,306.4586181640625,51098900
2022-08-23,306.22462575230566,309.0322420489857,305.4544739798291,306.20513916015625,39497100
2022-08-24,305.72751088868176,308.90558147849424,305.1230991263191,307.09234619140625,38057100
2022-08-25,308.86656343289775,312.54182469616995,307.82348016039754,312.5223083496094,38098300
2022-08-26,312.2298521322397,313.4289471423746,299.6248511436763,299.71258544921875,69047700
2022-08-29,296.963533011244,299.498189339545,295.6572167710082,296.7588195800781,48321900
2022-08-30,298.4063125109601,299.02048248873007,290.9388397861882,293.4539794921875,51184500
2022-08-31,296.3493211651862,297.2462104165781,291.6407344093384,291.7479553222656,50044000
2022-09-01,289.26203244780913,292.2451178800102,285.5868009840916,291.8746643066406,57990700
2022-09-02,294.74074344421956,296.11530695769113,286.14242516872946,287.7509765625,64666800
2022-09-06,288.22867904775904,289.1450548125981,283.5590659163592,285.68426513671875,57005400
2022-09-07,286.1619635068617,292.44982673200275,285.89873084010964,291.4554748535156,49260400
2022-09-08,289.3887529227953,294.28256572550094,288.02394753464296,292.96649169921875,55649800
2022-09-09,295.21846298458763,299.8685897780452,292.9665263898493,299.37139892578125,56125200
2022-09-12,300.74596806349194,303.26110763972156,300.4340040034933,302.9296569824219,45905700
2022-09-13,294.21431675154446,295.4036535312114,285.43080119279574,286.31793212890625,79562200
2022-09-14,287.458508221613,289.46672823361587,285.6940045193243,288.58935546875,54907200
2022-09-15,286.6786766366504,289.07683720153153,282.1845316517043,283.7833251953125,65299400
2022-09-16,280.48824424377034,282.4379748363864,278.44102117141784,282.04803466796875,79920400
2022-09-19,279.4101481776457,284.400647072459,279.35155353808136,284.244384765625,52613800
2022-09-20,281.7441988559313,284.2638871384332,279.6835515107989,281.9786071777344,51271100
2022-09-21,282.81859700485705,287.07666388086375,276.79288502495046,276.9295959472656,82931000
2022-09-22,275.40607392081404,276.41198853056363,272.30043811253796,273.5212097167969,62757100
2022-09-23,271.0601491433292,271.35315224756005,265.65945607971884,269.06787109375,74815200
2022-09-26,268.59900813829785,272.9547121940601,267.16337976468253,267.9544372558594,71176700
2022-09-27,271.31401168769924,273.6578869182652,265.74728193661343,268.0618896484375,69780100
2022-09-28,268.0423529963474,274.67359224399587,266.5676812655921,273.39422607421875,79652100
2022-09-29,269.40969485718796,269.7905899960443,262.55385059378784,265.51300048828125,81216000
2022-09-30,264.6925476329948,268.7552785943116,260.85444934787233,261.0107116699219,78482400
2022-10-03,262.77835997021265,268.72595430006743,261.27436134993144,267.1340637207031,61267400
2022-10-04,272.4663371204706,276.23609382108947,272.4663371204706,275.5329284667969,66696900
2022-10-05,271.7731303443541,277.17382419817983,268.9800184601271,275.3866271972656,55766300
2022-10-06,274.3903676136288,277.5350762751335,272.89614444923643,273.21844482421875,53489400
2022-10-07,268.5892661876951,268.71623119922265,261.4794937780923,262.8077087402344,71354700
2022-10-10,263.0029805101228,263.3936512043084,257.4753537960683,260.1805725097656,60393000
2022-10-11,258.5106168700104,261.37209846846383,254.92641818707722,256.606201171875,66522500
2022-10-12,257.2409978311836,259.1551594459445,255.82492059020063,256.518310546875,50580200
2022-10-13,249.19364630263112,263.8526798927362,248.31468188857926,262.53424072265625,112894100
2022-10-14,264.8585635386032,265.4542856504116,254.05718103765636,254.64312744140625,77244300
2022-10-17,260.60056088370277,263.92105379550384,260.50289319135663,263.0518798828125,64576500
2022-10-18,270.06395452452955,270.7280470710159,262.45609815195365,265.1320495605469,69781000
2022-10-19,263.61831882655025,267.2806339542617,261.8018248291238,264.16522216796875,53115400
2022-10-20,263.2764245589844,268.41344003942646,261.6552664013889,262.8174133300781,60605500
2022-10-21,261.7138851597254,269.5170469661977,260.5810056434781,268.97991943359375,77897700
2022-10-24,269.2436137496372,272.86685542506865,265.6105963643657,271.9390869140625,63963600
2022-10-25,272.87661100977135,277.9452565800138,271.40190952437393,277.5643615722656,59014500
2022-10-26,271.9488193068196,277.33976536779505,270.9429047750638,271.43121337890625,63492400
2022-10-27,270.31788503540037,271.77303513636326,265.9719265432203,266.4895324707031,57760300
2022-10-28,265.86453765868845,275.11310465924555,265.6984996043365,274.6443176269531,62651300
2022-10-31,272.3980950662143,273.21844997546606,269.5365838875706,271.4507751464844,47742000
2022-11-01,274.9176905565556,275.47436940975115,268.3157499778509,268.6770935058594,45895900
2022-11-02,268.6478471155482,271.7046637298962,259.3992810100123,259.4676513671875,79803100
2022-11-03,256.8600964665122,258.31524654113014,254.01813686948617,254.3990020751953,70038900
2022-11-04,259.32118901071505,260.3759225749942,253.02199553973088,258.4910583496094,78313200
2022-11-07,259.5360356389298,261.87016518539997,257.40701717498183,261.3330078125,47333800
2022-11-08,262.8467248668364,266.4699657458451,259.3113461411012,263.23736572265625,63213800
2022-11-09,261.4990554724208,262.2803373839128,256.87964495483965,257.1628723144531,64862100
2022-11-10,269.55618833391463,276.4315536317772,267.4466910934344,276.1385803222656,99256700
2022-11-11,275.9528976854468,281.8907457475084,274.614937161419,281.22662353515625,66961800
2022-11-14,279.1757264221165,282.44739939277486,277.78894694697476,278.76556396484375,55290700
2022-11-15,285.3773907440874,286.40285699938295,279.283307093877,282.62335205078125,73985400
2022-11-16,280.66997907128274,282.7111050621506,277.9452092463121,278.76556396484375,48859800
2022-11-17,274.3122614193195,279.62506171085806,274.15599908086324,278.1503601074219,55462100
2022-11-18,281.15840946515164,281.2560473660766,275.7186431644725,278.1601867675781,53588600
2022-11-21,276.7733474498207,277.9257487549581,274.4685448395458,275.2986755371094,40083500
2022-11-22,276.0311319845541,279.4199654529086,273.90208358861463,279.26373291015625,41873400
2022-11-23,279.28328478289177,282.6916700413309,279.1075008002556,282.066650390625,46390000
2022-11-25,280.47467442939137,281.1778399513412,279.7226899728019,280.21099853515625,15498800
2022-11-28,278.2381587054578,280.2499872064058,275.17159702889944,276.099365234375,38714200
2022-11-29,276.324068928453,276.7244855511011,272.6422328675054,274.0094909667969,35618900
2022-11-30,274.2731605730631,286.607840114557,273.42350840960466,286.5003967285156,74718100
2022-12-01,286.8227229382906,288.83455209178715,284.0784308462688,286.8520202636719,51547300
2022-12-02,281.79316597105014,286.58836052258783,281.6173522048387,285.7093811035156,53583200
2022-12-05,283.59004453357886,284.85963469096555,279.4589439625377,280.91412353515625,41482100
2022-12-06,280.75796538426863,280.8946763146437,273.70678695331696,275.09356689453125,53937600
2022-12-07,273.9118033066656,275.96270520799345,272.26131799877703,273.97039794921875,45614300
2022-12-08,275.31809869584833,278.1795793180675,273.2476754496832,277.2127380371094,42594900
2022-12-09,276.19717512715584,278.96101916564135,275.00570066119366,275.4451904296875,47860500
2022-12-12,275.6209240652235,278.9609682052221,274.58571215485995,278.90234375,35732500
2022-12-13,289.7135433842699,289.9381761138754,279.2246821311697,281.9006042480469,80667700
2022-12-14,281.31457696293677,284.59602630462325,276.56823160220193,279.81060791015625,64984400
2022-12-15,275.72835926526153,276.3924817045523,269.22411403723197,270.41558837890625,60554100
2022-12-16,269.7416958287019,271.2749622570811,266.23561368074434,267.8372802734375,68300400
2022-12-19,268.1065030236201,268.1946054220828,262.8397183407502,264.0732116699219,44167900
2022-12-20,262.9081974091867,265.6101232317542,261.33209392958287,263.8675842285156,51064200
2022-12-21,264.9052841933642,268.9973097762477,264.06336718269586,267.6953125,46394700
2022-12-22,264.68993147197534,264.8172004375099,256.9365925653031,261.1461181640625,60278400
2022-12-23,259.8832799000987,262.3992023384686,257.9841041168896,261.7334899902344,39373600
2022-12-27,261.12649141146795,261.2341920149022,257.4945761108044,258.0329895019531,38009000
2022-12-28,257.6316508279404,259.88323581769214,254.26404257999312,254.62625122070312,47139000
2022-12-29,257.4260799901864,261.7726439572503,256.73103008508133,260.8328552246094,45893600
2022-12-30,258.07221410162435,260.8035079939195,256.77021658327436,260.6762390136719,37858300
2023-01-03,262.9963506430321,264.46478367830906,256.6135724714864,258.91412353515625,42335300
2023-01-04,261.028697336775,261.8216488667412,257.00517487421524,260.1476135253906,47754900
2023-01-05,258.4833552095577,258.6497608735615,255.76186078183397,256.0751037597656,45396700
2023-01-06,257.80786979786325,264.2591812786744,254.86120494970856,263.1431579589844,54659700
2023-01-09,265.1304636753524,269.4966260363917,264.2396405992404,264.8465881347656,45568700
2023-01-10,263.8186414304335,267.1960490016231,263.30959545426805,267.0883483886719,35247800
2023-01-11,268.1554324669185,271.8167155041489,267.37225034976825,271.7090148925781,44077000
2023-01-12,272.26703847387023,274.20538068894945,267.9792095551261,273.1774597167969,60600000
2023-01-13,270.6811365481586,275.30180669256583,270.3482953359978,275.05706787109375,44802900
2023-01-17,274.8612366565359,276.89748017241016,273.6962775958533,275.61505126953125,36269700
2023-01-18,277.15199051686204,278.6987564529242,271.8265017490513,272.0320739746094,47754500
2023-01-19,270.40698622570585,271.54257775743986,268.12603392620423,269.3594970703125,44150400
2023-01-20,270.96504787665987,277.06392032100797,269.90775941456707,276.7310791015625,60613600
2023-01-23,277.57298542062097,284.10260033661706,276.7800340425206,282.87890625,52799900
2023-01-24,281.2635795442268,283.45642934694183,280.7447345507152,282.30126953125,44875100
2023-01-25,277.7981504868843,282.29155198377816,275.26265970107346,281.6748352050781,50872000
2023-01-26,285.0913675625283,287.34295283320364,282.44817626621796,287.166748046875,51596300
2023-01-27,285.8549400443847,291.98320962051486,285.7374701915448,290.0252990722656,56441900
2023-01-30,286.76534034205764,288.18483733603625,283.7893380362491,284.16131591796875,49405800
2023-01-31,284.2005049380446,288.5177013077533,284.09283419741314,288.4197998046875,46705100
2023-02-01,288.2142708827891,297.044438080266,286.14865939638923,294.5872802734375,67562200
2023-02-02,301.09728416938196,307.07868662040477,300.27496531504556,305.1599426269531,83070600
2023-02-03,298.52261628075865,305.81584484231445,298.1310401558854,299.73651123046875,76170800
2023-02-06,297.1227160126491,299.47220262591725,295.859855381322,297.2010192871094,40802300
2023-02-07,297.0737669255531,304.4844657154547,295.95777341891034,303.3586730957031,67584000
2023-02-08,302.04682514211316,302.98661370482625,297.27931842380724,297.9645690917969,56720900
2023-02-09,302.34059280662467,302.4874301467302,293.88243338770695,295.3312683105469,49137800
2023-02-10,293.1776034488294,295.22361685567273,290.9945219320263,293.3929748535156,50050100
2023-02-13,294.7927836716322,298.6792370042594,293.6180254834259,298.09185791015625,39636700
2023-02-14,296.51577219385246,301.24411294098337,294.5774300294703,300.2945251464844,64079100
2023-02-15,298.4834986177221,302.76152898056733,297.79824775573866,302.5951232910156,43100600
2023-02-16,297.97446390652266,301.93922151897635,296.7703379509055,296.91717529296875,59498600
2023-02-17,294.7340716825963,295.57595887855484,291.8265733221321,294.8221740722656,58230700
2023-02-21,291.00422962544553,292.4432949511732,287.7051554119585,287.8421936035156,46526700
2023-02-22,288.4198258937975,290.1231986749142,286.4031802246706,288.0576171875,51389200
2023-02-23,291.69937072769267,291.856007192304,286.3934187871323,290.5735778808594,69294400
2023-02-24,285.6199969766415,286.80452447929275,283.94596196734597,285.7080993652344,74332000
2023-02-27,288.8602828592392,290.25038234377377,287.1666798143481,287.7540588378906,48995000
2023-02-28,287.1275726619171,289.8882337310996,286.794731450613,287.3821105957031,48243100
2023-03-01,287.0884227446252,287.74430602409564,284.0928221054478,285.07177734375,58287000
2023-03-02,282.5852198180112,288.2337807308163,282.3013144366762,287.4310302734375,53565900
2023-03-03,289.17371498561374,293.60838275002226,288.6646389428924,293.3734130859375,60511500
2023-03-06,294.60685944656973,297.60246077353855,293.5104341079863,293.7062072753906,56736300
2023-03-07,293.7552138712237,294.6754345246541,289.49675103891974,290.10369873046875,65955800
2023-03-08,290.524569189103,292.1496386591984,288.67435910816766,291.552490234375,50876300
2023-03-09,292.0516969518339,294.64595217901757,285.688488036772,286.50103759765625,71456700
2023-03-10,286.6674975098236,288.1555288425777,281.332208488785,282.4775695800781,98593600
2023-03-13,280.69582516050286,288.27292857600725,279.18822584160324,284.5724792480469,97123600
2023-03-14,288.11639799707314,291.6602122153564,287.27451058625525,291.11199951171875,73602500
2023-03-15,288.50787649502865,292.97190978401517,287.0688111666487,292.6390686035156,83631500
2023-03-16,291.7286777307518,300.7154801632473,290.9357263323166,300.353271484375,98198100
2023-03-17,300.26517160215604,302.6440258173411,296.98566536344623,298.93377685546875,89923700
2023-03-20,298.3180930386969,300.31823218096145,296.1120334587537,299.99468994140625,56359500
2023-03-21,301.9262335612874,304.7303661793029,300.4162998861101,304.27935791015625,49757000
2023-03-22,304.21073342767056,309.09348989227334,299.97512135021384,300.14178466796875,75791900
2023-03-23,303.86752938637034,308.0149018008704,301.0143557125229,303.7008361816406,74576000
2023-03-24,303.2792874300912,304.9166571928617,300.95557602011434,304.8186340332031,57195200
2023-03-27,305.5147585582891,306.5932826036852,301.877219657616,302.730224609375,50287400
2023-03-28,302.1517353150328,302.18114824564555,298.8181102637318,301.1222229003906,48585900
2023-03-29,304.80879117992583,307.2305554441771,303.9949835955194,306.61285400390625,53274300
2023-03-30,309.0836355781901,310.1425609016153,306.7010984828793,309.5150451660156,58354800
2023-03-31,309.74055315519803,314.89783945673923,309.4366095821471,314.6625061035156,62138100
2023-04-03,312.54474181182746,314.1625429607752,311.22112984865424,313.8977966308594,47126800
2023-04-04,314.3389251874852,315.3488088526903,311.62300208821887,312.83880615234375,45875400
2023-04-05,311.8877854973382,312.82902914171353,307.93648914174224,309.7503662109375,62795700
2023-04-06,308.1031233815619,312.3289499817321,306.71087165242557,311.8387145996094,46916500
2023-04-10,308.91698582089475,311.7113339803602,307.13252153137245,311.66229248046875,45134700
2023-04-11,311.62308187439163,311.6819376617181,309.15230574908264,309.6621398925781,40113600
2023-04-12,311.61328570428276,312.20157426085683,306.4658131970577,306.9266357421875,62813300
2023-04-13,308.6815596872912,313.40743537258743,307.5050128674362,312.93682861328125,54613800
2023-04-14,311.3876996774346,314.10359286375956,309.4463568345297,312.34857177734375,56278300
2023-04-17,311.93678450997794,312.9662968210018,309.86800544803737,312.6133117675781,43007000
2023-04-18,314.7213423597959,315.14296758418715,311.4367888056213,312.6329345703125,46746900
2023-04-19,310.23076897560776,313.5447650623307,310.1033029843347,312.48583984375,38960100
2023-04-20,309.5247669019032,313.0348384934106,308.8188268712284,310.1032409667969,62462100
2023-04-21,309.740598650139,311.2014908720637,307.9659485255619,310.4269104003906,59002300
2023-04-24,310.2014110107428,311.53483717073317,307.6129532814445,309.7798156738281,44043100
2023-04-25,308.15219994563006,308.81891296001777,303.8381340762558,303.9361572265625,57121600
2023-04-26,307.3187652590196,308.7894714365909,305.2597706261011,305.7794189453125,55400500
2023-04-27,309.53465810239413,314.5938613375926,308.89732811511146,314.0938415527344,65430400
2023-04-28,313.8584852685594,316.348889413881,312.7309498621825,316.2606506347656,59712600
2023-05-01,315.7998351196666,317.30976852368025,314.819364323584,315.89788818359375,41013400
2023-05-02,315.82927236122555,316.1528445049361,311.4073391555542,313.1427917480469,56519400
2023-05-03,313.5055780252668,316.1724601360595,310.9857605687903,311.0936279296875,59882100
2023-05-04,310.86811750366076,312.01528168247387,308.9660014639323,309.9955139160156,50224500
2023-05-05,312.25050434795537,317.4372027177404,310.03463099585696,316.5841979980469,51806100
2023-05-08,316.12340418138433,317.71176206822287,315.0448803318045,317.36859130859375,36465800
2023-05-09,315.71162825560987,316.5744474308447,315.0449152280546,315.3586730957031,31768800
2023-05-10,317.79024470316693,319.6433491912204,315.319468640695,318.79034423828125,60446600
2023-05-11,319.33938491008246,320.36886738905946,317.79022412805153,319.8296203613281,44278500
2023-05-12,320.3590001525392,320.78062531133344,316.6332233075497,318.6824035644531,48432800
2023-05-15,319.1531099474747,320.64341502641423,317.6333620151676,320.4081115722656,33375600
2023-05-16,319.69235001284284,322.4768838719065,319.6531227974762,320.7708740234375,40019200
2023-05-17,321.82971232729614,325.231947057552,320.65316536956874,324.6534729003906,47486100
2023-05-18,325.0457029529377,330.89911544003,325.02610430665504,330.68341064453125,64213500
2023-05-19,330.89910524485487,331.60504547004615,328.87933764086796,329.9382629394531,61554900
2023-05-22,329.68336511419056,332.0561180375422,329.67355082953554,331.0462341308594,43015900
2023-05-23,329.33041279181475,330.4775470856532,326.4968372890107,326.84979248046875,48216700
2023-05-24,324.8986260926535,326.4085596044041,323.12397621884645,325.17315673828125,62891200
2023-05-25,332.51688087401254,334.3503564792471,330.09511680552123,333.0855407714844,66862800
2023-05-26,334.10519737232727,342.429383842729,334.00714432033766,341.5959777832031,63007000
2023-05-30,345.8218996925252,347.01807544595437,341.72353831105124,343.1452331542969,72652200
2023-05-31,341.5666144604298,343.7530751587842,339.7429530992799,341.19403076171875,65105400
2023-06-01,340.9391449728229,346.4591708137256,339.89003396512175,345.13555908203125,50488600
2023-06-02,346.8907145510854,348.8810699817933,345.1356925658971,347.72412109375,53372100
2023-06-05,347.508293691358,350.51834653368377,346.93963373521177,347.9691162109375,47266200
2023-06-06,347.3612474987813,348.8711811421313,346.0376057299433,347.9103088378906,41390400
2023-06-07,348.194549438462,350.1456764722754,341.3802663991632,342.0077819824219,69225900
2023-06-08,342.3019993278159,346.7141184230231,342.0765101683278,346.2532958984375,47153900
2023-06-09,347.70440081918906,350.6752264558591,346.13564139141926,347.5769348144531,53196900
2023-06-12,349.23399850599407,353.54806529994903,348.263341705795,353.45001220703125,44606500
2023-06-13,356.19521492658043,356.99917817359074,352.9988708163186,356.1658020019531,57097800
2023-06-14,356.1756293780162,359.0386173810698,353.3813114361752,358.7542724609375,69525600
2023-06-15,357.4894901329299,364.50966555695004,356.8718185834047,363.0291748046875,71138800
2023-06-16,365.44115443669733,365.5686204548928,360.30349594180717,360.74468994140625,80932000
2023-06-20,359.2954729797386,361.6223714308522,357.2729350033405,360.2281799316406,49204700
2023-06-21,359.0892912878748,359.5212926250768,354.3962130906706,355.3191223144531,53378300
2023-06-22,354.07223719849367,359.6685692880294,353.6696891244647,359.5115051269531,47603000
2023-06-23,355.6234937714139,358.244955150138,354.25878538521704,355.947509765625,48922900
2023-06-26,355.41726253359724,358.2056153623777,351.0874519552822,351.1758117675781,52685500
2023-06-27,352.71731671523384,357.9405838225514,351.99078263071266,357.2140197753906,49428100
2023-06-28,355.39771711610643,359.8551395640443,355.3191550679335,357.9111633300781,46498000
2023-06-29,357.6166316748467,358.2548360118111,355.55484215206764,357.1944580078125,46151000
2023-06-30,360.8664022946448,363.75294327955527,360.5522439954608,362.7024230957031,58712500
2023-07-03,363.34051791726574,364.18486497823744,362.260514730157,363.5565185546875,19432900
2023-07-05,361.99552753787094,365.2453357090174,361.9562465130662,363.5467834472656,34460900
2023-07-06,359.84527769235706,361.21981366415815,357.8914440970398,360.7779846191406,49374700
2023-07-07,360.5522181880964,363.74311945992883,359.3544017429337,359.5802001953125,47133700
2023-07-10,359.3052777456709,360.3754533005734,356.8016596081861,359.697998046875,48498800
2023-07-11,360.1201872029611,361.92672448646726,357.9896339609882,361.47509765625,38214100
2023-07-12,365.56927551123067,367.38564065493074,363.56636297661527,366.0405578613281,61975400
2023-07-13,369.2117973399221,373.0801537556552,368.63252964837125,372.25543212890625,46960000
2023-07-14,372.6874438132465,375.89797058834614,371.30307998472483,372.1769104003906,55148500
2023-07-17,372.8937177495168,376.526449060584,372.4126374808764,375.6526184082031,40868900
2023-07-18,375.0143237174164,380.090324169259,373.08997329731625,378.7255859375,55262000
2023-07-19,379.7860057687003,380.92491572466935,377.31181070611046,378.63726806640625,54093000
2023-07-20,375.65247210388713,377.1153977994697,368.88777784444255,369.90887451171875,71941700
2023-07-21,372.2849030541567,373.0114671113866,368.36746765069796,368.7994689941406,60499600
2023-07-24,369.7714729152002,370.7140077219881,367.5329340224281,369.3885803222656,40380100
2023-07-25,370.0954413255174,373.5514218144114,370.07578583536446,371.89215087890625,38894400
2023-07-26,370.8515265447407,372.3438760211511,368.3577056105123,370.6551513671875,47075700
2023-07-27,376.1041155359719,377.71427756702815,368.485216761209,369.7713928222656,63940200
2023-07-28,373.81654864233,377.52781127244975,373.30601519848796,376.5067443847656,56902900
2023-07-31,376.81110980544776,377.88128547604856,375.3874648517023,376.7030944824219,44019900
2023-08-01,375.3579413310286,376.58521090195285,373.7674047611325,375.8292236328125,41060600
2023-08-02,372.36343848100574,372.36343848100574,366.34490334074667,367.5820007324219,72687100
2023-08-03,365.1765851468035,369.1136762448415,365.00966327079766,366.9929504394531,47666400
2023-08-04,368.9172778959113,371.22455096243897,364.7740141219679,365.2747497558594,61702800
2023-08-07,367.08125548194647,368.465619202289,364.75435708743095,368.367431640625,37230400
2023-08-08,365.86388069013714,365.88350622101325,362.1133368704618,365.2355041503906,44726500
2023-08-09,365.5202065601103,365.6773006810435,360.46386126579614,361.2198486328125,51150900
2023-08-10,364.22420808465364,367.55254806206125,360.36567918634705,361.8874816894531,72035300
2023-08-11,359.3347462513254,361.3082055490264,358.05839772764824,359.5802001953125,48707200
2023-08-14,358.78493171571785,363.7332916146843,358.0682253755608,363.615478515625,42130800
2023-08-15,362.64346888927497,363.4387672515518,359.0893004933411,359.7569580078125,45539900
2023-08-16,359.2169432074904,360.7485734638324,355.84932219275373,355.947509765625,53190500
2023-08-17,357.34171424431963,357.6853558092241,351.64719388715173,352.0595397949219,62604300
2023-08-18,348.79992994733414,352.8744599833227,348.25991321898056,351.61773681640625,61191400
2023-08-21,353.08063546796353,357.9602617765913,352.6191807882189,357.2828063964844,50696500
2023-08-22,359.88458677069144,359.89441451720785,356.084964236424,356.7722473144531,44530200
2023-08-23,357.95038594348233,363.4878413565346,357.73438527213693,362.39801025390625,51770600
2023-08-24,365.8638383962967,365.96199600197286,354.44531633819787,354.6514892578125,66842500
2023-08-25,355.48605091411787,359.0892980908041,352.05949342627497,357.40057373046875,69960500
2023-08-28,360.31661880045664,361.023527469029,357.62645273852735,360.0908203125,40910000
2023-08-29,359.8943792008163,368.3085473758451,359.57039318662726,367.955078125,58492400
2023-08-30,368.0631343691088,370.5864083201941,367.0616630158769,370.0071105957031,41731500
2023-08-31,370.0856215876183,372.81506810320485,370.01688729587056,371.11651611328125,35730700
2023-09-01,373.48274660106966,373.9049202292134,369.2412949010862,370.7238464355469,39801200
2023-09-05,369.9187507989002,372.41257147292936,368.99584149345577,371.19512939453125,32344200
2023-09-06,370.4194490844054,370.7630905932581,365.9227460829165,367.9256286621094,42998700
2023-09-07,363.4779770278723,366.0699848231413,362.43725479685475,365.2943420410156,52060700
2023-09-08,365.2452889138303,368.0336420648667,364.84274085842384,365.8049011230469,35800100
2023-09-11,368.82896638401934,370.625676306198,366.86533457446546,370.1151428222656,39936600
2023-09-12,368.4460537672233,370.0955273034834,365.72643442396486,366.01116943359375,41391000
2023-09-13,366.2467380119388,369.0056379476659,365.11765586117525,367.4052734375,46300700
2023-09-14,369.1529144210235,371.3914532548078,367.0911252035005,370.4096374511719,48039400
2023-09-15,369.07437464090987,369.47692270751975,363.13437117524467,364.0671081542969,69811200
2023-09-18,363.1290907956141,365.55768735077066,362.8439436680501,364.4466247558594,36903500
2023-09-19,363.12912296972536,364.4663109860004,360.6513463421351,363.6698913574219,37621700
2023-09-20,364.73175154701113,365.0857024392768,358.35052346090663,358.42919921875,45514200
2023-09-21,354.7518946939296,355.5385022910984,351.69404205184406,351.8611755371094,69734800
2023-09-22,353.6015694332803,355.7351771752836,351.59575731152273,351.910400390625,51589700
2023-09-25,350.94678014887995,353.6703658810679,349.9635431350388,353.58184814453125,39168000
2023-09-26,351.00576704465425,351.54656539828693,347.28913238471915,348.2723693847656,53657700
2023-09-27,349.42282852954816,350.9960139948906,345.4701959220479,349.0885314941406,56066000
2023-09-28,348.17401891592317,354.1324623863306,347.3186075778677,352.0086669921875,56453300
2023-09-29,355.47954776656724,356.8659156713895,351.03529689283533,352.26434326171875,64829600
2023-10-02,352.5298176765403,356.6004034300205,351.920215511054,355.2042236328125,51625100
2023-10-03,352.76573907241095,354.9583681944584,347.3579360413067,348.970458984375,60478500
2023-10-04,349.8062188530663,354.56508236180133,349.3440962599654,353.7195129394531,54786700
2023-10-05,353.70966344335267,354.112794207994,349.18679731637707,352.6772766113281,45897400
2023-10-06,349.6882051893016,359.7762256075175,348.90162765437265,358.5865173339844,75049100
2023-10-09,356.22680543610494,360.9561737004849,354.7322957786889,360.4154052734375,45304800
2023-10-10,360.74970377173264,365.0562872829854,360.24827323010516,362.411376953125,46968800
2023-10-11,363.7386808007652,365.1840403219453,362.0180161329799,364.9972229003906,38215100
2023-10-12,365.49869589817166,367.4749818375131,361.3395926419249,363.7288513183594,49587900
2023-10-13,364.3581312910555,364.93823750281996,357.76058961591417,359.15679931640625,52469900
2023-10-16,360.4744112249746,364.2697223544256,360.32693164873035,363.2176513671875,44201100
2023-10-17,359.6779421188621,363.71906198916196,357.5639884669209,362.02789306640625,50999100
2023-10-18,359.5403330220325,361.74277458207155,355.9514935077694,357.27886962890625,54280500
2023-10-19,358.6947159060048,359.88442436830707,353.1394324183459,353.93585205078125,72274200
2023-10-20,353.43440172133876,354.0046960461877,348.4297284525168,348.6558837890625,72559700
2023-10-23,347.33828118321776,353.237702656036,345.23413978836146,349.7078857421875,60665200
2023-10-24,351.51708510652264,353.8768480102766,349.82591619106324,353.10992431640625,47082100
2023-10-25,350.7206577008455,350.89763316333773,343.88714839649435,344.4672546386719,71190500
2023-10-26,343.2677275767704,344.2018148133618,336.61122328900314,337.8992614746094,78621400
2023-10-27,340.6227965987471,342.99240143827143,338.3121835804546,339.5215759277344,63476700
2023-10-30,341.9994058019363,344.6640004031441,340.6425635768511,343.3464660644531,55298500
2023-10-31,343.37591004744985,345.3620382266875,340.8096455624095,344.9884033203125,47671900
2023-11-01,345.82413531822857,351.53674015994443,345.7258056123409,350.9762878417969,58992700
2023-11-02,355.4795119586807,357.5836235271316,354.2602776794732,357.34765625,58162400
2023-11-03,358.6357083226237,362.8341196576423,358.40955300253114,361.54608154296875,53280500
2023-11-06,362.313003197506,363.58138736654087,360.7595018944036,363.02093505859375,38848700
2023-11-07,364.06313450375467,367.31764640624897,362.86358422507635,366.4524230957031,50777400
2023-11-08,366.8261141646658,367.5242341672797,364.40735910188306,366.6884765625,35663400
2023-11-09,367.37671014263054,368.51723872892944,363.3749281000011,363.8665466308594,53859400
2023-11-10,365.587213883808,372.1945681820677,365.05625746531894,372.0470886230469,58309800
2023-11-13,370.4738980609081,371.9389116697702,368.9498626232603,370.8868408203125,40733500
2023-11-14,377.27794906283,379.78522200255065,376.7568345312519,378.87078857421875,67792600
2023-11-15,380.758565054943,381.25018360246395,377.7990117969424,379.1558837890625,54141400
2023-11-16,378.3889379647799,379.716313966797,377.13039575684087,379.4803466796875,45343500
2023-11-17,378.75274408316574,380.58158064011525,377.8481827803421,379.56884765625,46571900
2023-11-20,379.57861867100365,384.84878441118275,379.57861867100365,384.19000244140625,44429600
2023-11-21,382.4890252157965,382.7053385505195,380.21775020421074,381.95806884765625,43337000
2023-11-22,384.0228838137554,386.4809763234996,382.5185323980325,383.52142333984375,44121000
2023-11-24,383.1182589032159,383.70820705491866,381.9875424492912,382.9806213378906,15718800
2023-11-27,382.4890712866076,384.5931830632522,381.7712974062957,382.6463928222656,34139700
2023-11-28,381.899131129143,384.2293982888467,381.5451501649011,383.6492919921875,35491100
2023-11-29,386.1073622905768,387.53306802554647,382.93149579449295,383.275634765625,38811700
2023-11-30,383.54111914293406,384.0032417854491,379.35254945321765,382.31207275390625,52834400
2023-12-01,381.2501509287302,383.99339059048106,379.598319952068,383.4034423828125,40490100
2023-12-04,379.617991403439,380.1194519039936,376.2454955023304,379.8441467285156,51186900
2023-12-05,377.94647037279515,381.9875598852989,377.76946491499825,380.7978515625,42933000
2023-12-06,383.72792726280227,383.8262569727363,378.2513194910496,378.5954284667969,41994100
2023-12-07,381.56479841909,384.7111388866254,380.4733897212856,383.8852233886719,49593500
2023-12-08,382.1547398194867,386.03850798444535,381.96792238811264,385.5960693359375,46687500
2023-12-11,385.17325786923954,389.1553857754819,384.9667864981938,388.889892578125,41198000
2023-12-12,388.9292993619169,392.10516627868674,387.79858259785914,391.9871826171875,39221200
2023-12-13,392.92117519092295,397.58170908822694,392.15425151154363,396.97210693359375,55408100
2023-12-14,398.19136460119086,399.4892147459376,393.62913013403534,396.6280212402344,55447800
2023-12-15,397.4046991174972,399.7251538984955,396.8049389871183,398.5452575683594,62896600
2023-12-18,398.937396570173,401.9521089442053,398.61229349945984,401.0555725097656,46610000
2023-12-19,401.5088071382724,403.22304718535514,401.32161655083837,403.1048278808594,35711900
2023-12-20,402.306742908092,404.3953637427408,396.9373866523111,397.1147155761719,54042400
2023-12-21,401.03586735695046,402.0999011430841,398.4842006885307,401.7353515625,45568900
2023-12-22,402.94718451843084,403.9028306330073,400.46448897301167,402.33636474609375,34314000
2023-12-26,403.1934950573824,405.4693068819968,403.09496894766085,404.79937744140625,22722500
2023-12-27,405.0813100858391,405.9093105893374,404.2237091283738,405.6234436035156,31980500
2023-12-28,406.7767606385684,407.02319044168144,405.0714555715917,405.4263000488281,27029200
2023-12-29,405.40659785802626,405.7614724182198,401.7594247269773,403.6717224121094,42662100
2024-01-02,400.04428571584305,400.2907155215089,394.5242520525762,396.8406982421875,58026900
2024-01-03,394.2186667232616,395.2733934715993,392.20782124327246,392.6415100097656,47002800
2024-01-04,390.77847672015514,393.8834858235891,390.40389865452806,390.6207580566406,39432800
2024-01-05,390.788402707549,393.8539750888315,389.6942387142963,391.0841064453125,44922800
2024-01-08,392.30639505959294,399.45285962898345,392.1585431883032,399.1670227050781,42473800
2024-01-09,396.1704385072998,400.88217545140054,395.9732826190553,399.9555969238281,39132900
2024-01-10,400.2709391920929,403.67165184292986,399.3837980693423,402.6662292480469,33962800
2024-01-11,403.9378692342606,405.3277368811252,398.46710976275995,403.504150390625,54536200
2024-01-12,404.5391516370874,405.3770189692426,402.32128344819796,403.7111511230469,39595000
2024-01-16,402.47901058392307,405.2488791736917,401.02013531515087,403.6717224121094,43903000
2024-01-17,400.36958802757596,401.76929247140635,397.1660005689436,401.39471435546875,54386000
2024-01-18,404.6574657919075,407.67376436573585,403.3169020176571,407.0921936035156,59562500
2024-01-19,409.2903439220986,415.3229408561365,408.7087731804722,415.16522216796875,70325100
2024-01-22,417.3633373322154,418.6644937937395,415.1060321184477,415.70733642578125,44880600
2024-01-23,416.3973498492195,417.64923247175653,414.5639265966631,417.432373046875,33003800
2024-01-24,421.3357721639732,423.7113587915539,419.2558892320418,419.7487487792969,46948000
2024-01-25,422.2426275133017,422.9129393765781,417.92520303935225,420.2613525390625,44367200
2024-01-26,418.3786067074447,420.1233186412115,417.1070206774743,417.7575988769531,37137000
2024-01-29,418.21101920709174,422.23276986047324,417.5604410107577,422.0356140136719,38694700
2024-01-30,421.0006920698981,421.5723959912881,418.31953454242796,419.22637939453125,36739000
2024-01-31,414.83991498252755,416.8310568585981,410.83789759483614,411.01531982421875,64010600
2024-02-01,412.80932557002757,416.3480536600138,411.8433099868885,415.8551940917969,51008600
2024-02-02,417.7478039271174,424.09583827037693,416.7522479454366,422.8834228515625,59602400
2024-02-05,422.94250089138296,423.4747675458047,418.9306169401223,422.33135986328125,39889200
2024-02-06,423.47478440731186,424.07608872396537,419.1474930343102,421.483642578125,35846100
2024-02-07,424.26340818520896,426.6488318242442,422.96225161022807,425.8208312988281,37712700
2024-02-08,425.939093623751,427.3683984446145,425.2589750756409,426.6094055175781,29889900
2024-02-09,427.7429303666201,431.59709549259446,426.95436715304965,430.8085021972656,36943900
2024-02-12,430.7001425501812,432.86873678711555,428.44283719652174,429.12298583984375,33203300
2024-02-13,421.17807914380745,425.11108894421386,419.2559147597717,422.429931640625,64491700
2024-02-14,425.10129337067605,427.45714673560053,422.75527674265163,427.0332946777344,45092700
2024-02-15,427.7232693956781,428.7681292944683,425.1702303097586,428.3048400878906,38796100
2024-02-16,428.6794569365382,428.778004795636,423.7114235183895,424.421142578125,53716500
2024-02-20,422.4299446419333,423.9380937915089,417.45207479106114,421.217529296875,53999500
2024-02-21,418.4870919149259,419.62069310797756,415.60880857574824,419.5319519042969,49779000
2024-02-22,428.28513422589566,432.8490190270904,427.5162744376483,431.81402587890625,53887800
2024-02-23,433.3713979305872,434.2979762946172,429.56653662950396,430.5423889160156,39853900
2024-02-26,431.35069696286195,432.3364160920816,430.1283847870325,430.315673828125,33043200
2024-02-27,431.4197155682474,431.73512283553583,428.81740256122896,431.3507080078125,33713200
2024-02-28,429.2117653351958,430.4340777733617,428.0978976670344,429.0540466308594,32938800
2024-02-29,431.971719963964,433.805143169312,428.8075397894262,432.730712890625,42495200
2024-03-01,433.61785930360793,440.202456176591,433.5587185596165,439.2463073730469,43853000
2024-03-04,439.2463059876348,439.670188093919,437.4325863201736,437.67901611328125,34325700
2024-03-05,434.64299593013743,434.65286274760854,427.4570950439002,429.82281494140625,57917100
2024-03-06,434.03186124713403,435.67799537388134,430.65085179861904,432.5237121582031,46234500
2024-03-07,436.10189511921516,440.34047558255,434.56414551519805,439.088623046875,44526700
2024-03-08,439.44343796840656,442.2330399205405,432.08011494731943,432.7503967285156,72096000
2024-03-11,431.26201928456317,432.3955903546936,429.22157330927075,431.14373779296875,45860000
2024-03-12,433.4503189575067,437.67903270870585,430.22699788911217,437.3241882324219,55300900
2024-03-13,436.3286107585621,436.3483443954734,432.8490230829996,433.962890625,37928700
2024-03-14,435.19499608749015,435.7174260233508,430.1579857702073,432.86871337890625,52195200
2024-03-15,429.8425567567074,432.6025583426968,426.5600951429745,427.7232666015625,73069800
2024-03-18,433.036421029208,435.3164407459144,431.5657369238867,431.8026428222656,47323800
2024-03-19,429.7990341250644,433.28322294874755,427.70652076050067,432.8785400390625,43004100
2024-03-20,434.0727457479022,438.3465398397025,432.3750658747095,438.0109558105469,43653500
2024-03-21,443.05471847699187,443.5087404481524,439.88638430088065,440.0837707519531,39345700
2024-03-22,439.570465223677,441.6826776567773,438.72161023205945,440.58709716796875,28253900
2024-03-25,437.79384020612855,440.46869300537145,436.7969679128137,438.9881591796875,27789200
2024-03-26,440.5081720687791,441.42612597443406,437.3398379730838,437.5668640136719,34142000
2024-03-27,440.64631177357643,440.7450200444035,436.1948308166335,439.05718994140625,41359200
2024-03-28,439.00795195171196,439.85680713043763,437.8926114897747,438.2479553222656,36839600
2024-04-01,439.19541930424367,441.7221945881504,437.2707133093092,439.1756896972656,38729000
2024-04-02,434.36886603580314,435.70135248876113,432.34548187794877,435.385498046875,44259700
2024-04-03,433.26340566492473,438.2380076998727,433.25355592217153,436.3626708984375,39949800
2024-04-04,440.53776750365273,441.1497467951012,429.4633731365682,429.6903991699219,57267700
2024-04-05,431.1116991543282,437.4187875750618,430.3023334511116,434.7538146972656,54744600
2024-04-08,435.681657541929,436.75750858125053,433.5003459895995,434.8821716308594,28144900
2024-04-09,437.21153507302864,437.4879002041386,431.7631810076288,436.49102783203125,39443600
2024-04-10,431.3288751692714,433.5397961490954,430.618217694108,432.68109130859375,61502200
2024-04-11,434.546569566325,440.5377737187917,432.27639956537496,439.5902404785156,45474600
2024-04-12,435.37562694426873,436.50081692117146,431.2103908260492,432.58233642578125,53665000
2024-04-15,436.3232218411674,436.41205026337076,424.6269976397498,425.4659729003906,63453600
2024-04-16,425.3080155680643,428.1309157561056,424.1236065676271,425.50543212890625,47619000
2024-04-17,427.4794526889554,427.4991822952907,419.3858561040903,420.31365966796875,56880500
2024-04-18,420.9552691128481,422.6825587041997,417.34276269577936,417.9152526855469,46549400
2024-04-19,416.7406582413731,417.2637789829598,407.709408020396,409.2688903808594,75231000
2024-04-22,411.89438243688096,415.71415492772303,408.5681212264379,413.3847961425781,47807700
2024-04-23,415.30946540362476,420.7479692653061,413.4341285924877,419.5536804199219,44384700
2024-04-24,422.64310729557025,424.15325073276335,418.69501672810685,420.97503662109375,48440300
2024-04-25,413.7993326654368,419.8004467599326,412.71363193551656,418.9417419433594,57392200
2024-04-26,422.0705970919879,426.9366112542954,421.3796993486773,425.40673828125,41874900
2024-04-29,427.5090760688762,428.1309050863392,424.39996110309824,427.1340026855469,30022200
2024-04-30,425.55479143619027,426.9464969281247,419.0009769819428,419.0799255371094,43665900
2024-05-01,417.6585952639436,424.5579035239852,415.200918698871,416.04974365234375,52251700
2024-05-02,419.7806821980599,422.2581184594753,415.1713037166456,421.35992431640625,36559000
2024-05-03,428.8021317865075,430.8156664702598,427.0057432953319,429.8286437988281,48515300
2024-05-06,431.62495352769525,434.6255105447398,430.8550771355993,434.53668212890625,30227200
2024-05-07,434.980847312053,436.2343550995329,433.87535676036975,434.60577392578125,30996100
2024-05-08,431.99018332208914,435.7507369202291,431.8717153110877,434.3491516113281,24896700
2024-05-09,434.6156743673887,435.86921242263395,432.7699468137264,435.2967224121094,24580100
2024-05-10,436.79699336550215,438.54401253785653,434.7834588112103,436.3232116699219,27116600
2024-05-13,438.22818080669674,438.3268890969221,435.91855139882017,437.3299865722656,22994200
2024-05-14,436.9055419740339,440.6759754843591,436.71800527283966,440.1429748535156,34478300
2024-05-15,442.6105298202424,447.2692776184925,441.1003864725861,447.02252197265625,41464700
2024-05-16,446.8349786328984,448.78929416263776,445.9466643453945,446.1144714355469,34780400
2024-05-17,446.24277267953175,446.8448721279926,443.7061474930174,445.8973388671875,35803700
2024-05-20,446.11447031915947,449.66772746028334,445.9269336218566,449.0064392089844,24474200
2024-05-21,447.16069547726266,450.0723938681792,446.9632789226248,449.8848571777344,23167700
2024-05-22,450.14151495233557,450.8916617512401,447.2001768232706,449.7960510253906,25120000
2024-05-23,454.5732445844639,454.6028540574853,445.9861660713321,447.7726745605469,40899200
2024-05-24,449.3815352698405,453.2704067865792,447.68385516546965,452.00701904296875,29669500
2024-05-28,453.2210577618272,453.77378804166995,450.76338097747106,453.7145690917969,26216800
2024-05-29,449.569068292941,452.29323020811563,449.4308706694951,450.5166015625,29739200
2024-05-30,449.5888149744634,449.72701260315733,444.3674567463268,445.6900634765625,30536800
2024-05-31,445.91705276915746,446.6079806125884,437.310214806021,444.8609313964844,55941300
2024-06-03,448.6708265331581,449.66769877879955,442.0873731829806,447.24951171875,32997500
2024-06-04,446.99291582101387,449.667738607721,445.2755061521262,448.47344970703125,23767400
2024-06-05,452.03659383490276,457.5935054345104,448.51291613698316,457.5145568847656,33817400
2024-06-06,458.19560359921735,458.51145804041124,456.19194905279596,457.35662841796875,21966800
2024-06-07,456.9914851894887,459.6959176011771,455.84653530531455,456.9519958496094,25829700
2024-06-10,455.8267511302652,459.1530122303262,455.5405061631022,458.79766845703125,20660800
2024-06-11,457.5244472583221,462.06475707214463,456.0340335493935,461.9462890625,22053300
2024-06-12,465.8647623031118,470.3162436288159,465.1738645931589,467.9967346191406,34532600
2024-06-13,471.52040876995864,472.1817271248933,468.26324643825706,470.53338623046875,25859000
2024-06-14,470.3359804995687,473.04044280266436,469.87207869046944,472.9713439941406,23372600
2024-06-17,473.23786496400976,480.54182645137206,471.93501797592035,478.76519775390625,37054500
2024-06-18,478.71585207369253,479.59428654506,477.1563394611156,478.9132385253906,24438600
2024-06-20,480.1075143153198,480.52204691160244,473.39574301016904,475.22174072265625,33918700
2024-06-21,474.94538875408216,476.27787523634794,472.45810274298066,473.948486328125,37456800
2024-06-24,472.7246217485548,474.4546566741709,468.4143777866246,468.5527648925781,37751000
2024-06-25,470.6387448965679,474.20754559565773,469.6995709392194,473.9109802246094,29014700
2024-06-26,473.09037443761645,475.4333612594301,472.6751829690312,474.8896179199219,22737100
2024-06-27,474.64251744151903,477.5885307943037,473.8318652198954,476.1155090332031,26222100
2024-06-28,476.90638218162707,481.64174344784533,473.00143407332047,473.6440124511719,34881600
2024-07-01,474.5634099490614,476.9854407051725,470.82653577529436,476.4219665527344,24898300
2024-07-02,474.9291724653536,481.48353792076165,474.80065076318266,481.4242248535156,26723600
2024-07-03,480.6728792615718,485.56641842894476,480.6728792615718,485.4378967285156,18064900
2024-07-05,486.27820705476347,490.9344638028408,485.9816115521274,490.4994812011719,28495900
2024-07-08,490.8652895174296,492.21965491627554,489.84704157622735,491.6660461425781,22109400
2024-07-09,493.17858205149344,494.295695149638,490.5785818678999,492.09112548828125,25614500
2024-07-10,494.0089714465548,497.77550204894317,492.70405380285695,497.2218933105469,28046900
2024-07-11,497.33070265719795,497.53829841203435,485.1314879153913,486.3177795410156,49966600
2024-07-12,486.8911002126349,493.91996972122695,486.42646110497833,489.17474365234375,37109400
2024-07-15,490.9443676264422,495.2941939835856,488.4531281241457,490.4896240234375,31151400
2024-07-16,491.94285552229314,492.75350772394023,487.5238506867198,490.6774597167969,25950600
2024-07-17,482.7093905643281,483.22344721321235,476.2044726562418,476.2736511230469,56268800
2024-07-18,479.9907534784537,480.1686926795042,470.83638798961687,474.0196533203125,49347400
2024-07-19,473.6836031064664,476.19463392104626,468.53304992681126,469.8182067871094,42042900
2024-07-22,475.6706132366567,477.8356306869123,472.2599610425792,476.8173828125,40300000
2024-07-23,475.9178059832294,478.9033412536784,474.6623057227202,475.1368103027344,23282500
2024-07-24,468.4143716915868,468.7801456725655,457.2334056742168,458.0934753417969,58818600
2024-07-25,458.4296138638704,462.6014708573565,450.43191290730925,453.0417785644531,59256800
2024-07-26,457.3718148913392,460.61439354543955,454.52466677175534,457.68817138671875,39992100
2024-07-29,460.39686132723483,462.57177432799335,456.3535263948634,458.6075134277344,28218500
2024-07-30,460.5352986729321,461.23719010265324,448.9687675027151,452.3102111816406,41317200
2024-07-31,462.53220501232033,467.3960874650735,461.0888701670343,465.6957092285156,44552100
2024-08-01,466.3777920183227,470.12453092709256,450.7778241609442,454.41583251953125,56653900
2024-08-02,445.74597107733194,448.3953886712826,439.3992012960001,443.63037109375,66323200
2024-08-05,419.86459785918976,437.24404961283574,418.618993350382,430.4029846191406,87483500
2024-08-06,432.24181587995844,441.9695513474924,429.6022636455994,434.51556396484375,63164400
2024-08-07,441.3961679939365,443.8775420816124,429.4144449590627,429.80987548828125,54929200
2024-08-08,436.0280648805425,443.86758644240984,432.162669379018,442.9580993652344,47890100
2024-08-09,441.64334043202183,446.90265425471796,440.5262272519638,445.271484375,33574000
2024-08-12,446.24030328342826,449.1862864576227,443.43267705291777,446.23040771484375,27795000
2024-08-13,450.61978479707835,457.569581835709,450.4813675057494,457.3026428222656,40084500
2024-08-14,458.22199728151236,459.80371934391326,453.17027967377,457.4508972167969,34733700
2024-08-15,463.41210698599923,469.4029683616572,463.0364374328367,469.0075378417969,38280600
2024-08-16,467.2280563234313,470.97482612620695,466.2691214716206,469.6105651855469,38383600
2024-08-19,469.7489445562487,475.8188794922881,467.9694621022493,475.7793273925781,23737700
2024-08-20,474.8698839121025,477.4303320117781,473.09040129461954,474.7809143066406,29209300
2024-08-21,475.5618916978181,478.84402246098443,473.8516478454202,476.995361328125,25658800
2024-08-22,479.30863530084486,480.0006613262973,468.4044737172152,469.4326171875,37739600
2024-08-23,473.77249517010836,477.23256479469126,469.8576819851587,474.5238342285156,36061500
2024-08-26,473.98014896286577,474.8995317051293,467.84097477427224,469.9170227050781,27452600
2024-08-27,468.2858788727974,472.3885272907832,466.3284569721206,471.32086181640625,27510000
2024-08-28,470.8562086506451,471.5778610677401,462.5520468840139,465.9725646972656,37372400
2024-08-29,467.8805097658638,472.4774534784795,464.01511399310215,465.2904052734375,41081500
2024-08-30,469.620508079159,471.4592737622772,465.1421898531896,470.8364562988281,33466500
2024-09-03,467.8014833823268,467.9299749277406,454.16879892172915,456.5414123535156,44985200
2024-09-04,453.4372324539809,459.15128956114927,452.50795412085876,455.3550720214844,32505100
2024-09-05,453.7337600907747,460.05084294783273,452.71551223628245,455.7801513671875,34452400
2024-09-06,455.07826358924416,455.95812441212007,443.0767797419494,443.5710754394531,50624400
2024-09-09,447.89124653813093,450.2638600192875,444.6882198470404,449.2752685546875,32981200
2024-09-10,451.03493317073963,453.93152891747957,447.07070215006615,453.4273376464844,29680300
2024-09-11,454.66308923066197,464.01515573239755,446.1315403431584,463.2737121582031,57843000
2024-09-12,463.30332782224303,468.63184965336313,461.5238754689245,467.8211975097656,40067800
2024-09-13,467.08966584106395,471.093448860221,466.86227896279263,469.9170227050781,29111800
2024-09-16,467.79155539938006,468.4538947261113,464.52921592790534,467.8409729003906,22585600
2024-09-17,470.85623949971296,472.1512919113259,465.59692564081996,468.0881652832031,30084400
2024-09-18,469.2843717249061,473.36722905667233,465.4584974846118,466.0615539550781,39909200
2024-09-19,477.10410694689955,480.6828333512892,475.0082978923465,477.8455505371094,52782500
2024-09-20,476.98539161676797,478.1717132070618,472.84319178705016,476.93597412109375,34577700
2024-09-23,478.1111312036665,479.28921050590276,476.774651383873,478.2002258300781,24843000
2024-09-24,479.60601096752043,481.4572699249202,475.3590157870661,480.50689697265625,25952600
2024-09-25,479.88319658875736,482.90265561010153,479.70500732779976,480.952392578125,26549900
2024-09-26,488.4267141196481,488.75342462979467,480.93255387516143,484.5657958984375,32020200
2024-09-27,485.58544329391975,485.7240550678834,480.6949371259619,481.8730163574219,22851100
2024-09-30,480.9127456736475,483.5163993286081,478.0814158299682,483.1798095703125,30281100
2024-10-01,482.8135350239533,483.11051710958384,472.61671704803837,476.44793701171875,42735400
2024-10-02,475.54705906940643,479.03181006240953,472.93352603646395,477.12115478515625,23744000
2024-10-03,474.93330029022553,479.69510472886486,474.19081481378305,476.7647705078125,25337200
2024-10-04,482.56608024816296,482.99176467711123,477.5567805727764,482.4373779296875,30686600
2024-10-07,480.5266979537419,481.69486781095134,476.051966306015,477.2696533203125,24975100
2024-10-08,479.8039669913494,485.08054991971204,479.0020851795019,484.3974609375,28272000
2024-10-09,484.1004796609607,488.7830984488606,483.0610121881297,488.2088928222656,24995000
2024-10-10,485.93198443627097,489.51570938090015,484.6252027910595,487.654541015625,25750400
2024-10-11,485.8230951272212,489.4365486737375,485.25882911698505,488.4168395996094,20644500
2024-10-14,490.8026730211405,493.8320112515241,490.2978034572835,492.5153503417969,26060100
2024-10-15,492.8419595648441,493.5052597668528,483.78364438981976,485.9319152832031,34784500
2024-10-16,486.25864740209397,486.7635471587874,482.68483205870143,485.9913635253906,22996800
2024-10-17,491.4659741711791,491.5154611167259,486.2685759927291,486.3279724121094,27210700
2024-10-18,489.1097903823585,490.60467068756384,488.3573954930934,489.51568603515625,25335000
2024-10-21,488.3079664416297,491.25811972030704,486.38740152109267,490.45623779296875,30336500
2024-10-22,487.79310496159616,492.4658141522957,487.0407101102388,490.99072265625,26685800
2024-10-23,488.64449759688586,489.29788838737255,480.1900552137996,483.4668884277344,39346600
2024-10-24,487.1792893737401,488.06038652044447,484.5360583572414,487.38720703125,22024900
2024-10-25,490.1789884845893,495.26747284770505,489.47608053519724,490.357177734375,38762100
2024-10-28,493.46570899239293,493.5251054099527,490.1393887618108,490.4363708496094,20477800
2024-10-29,490.75319577395663,496.3267915168347,488.9019368423387,495.1487121582031,28014100
2024-10-30,494.38643703160704,495.3368099688613,490.92150485664405,491.4065856933594,29756000
2024-10-31,487.4466387819622,487.4961257258289,478.9031016133477,479.0021057128906,41245200
2024-11-01,480.63557883349887,485.8329769568271,480.338596739747,482.5462341308594,33655800
2024-11-04,481.94238483516835,484.4767328693468,479.3981273267604,481.1405029296875,23291600
2024-11-05,482.7244037190517,487.9416205772672,482.6353090945562,487.2783203125,24353600
2024-11-06,495.5447123045364,501.336105155914,494.59433933877455,500.514404296875,43082200
2024-11-07,503.30613815649883,509.17674615897624,503.2467417365988,508.3946228027344,32853100
2024-11-08,507.899662983483,509.760831483566,507.2759703252836,508.9886779785156,22924500
2024-11-11,510.20635048230565,510.41426818260885,505.8009544774942,508.69171142578125,24167500
2024-11-12,508.622333748083,509.50337052817315,504.72177769681446,507.7709045410156,25835300
2024-11-13,507.26607496785556,509.82018136733797,504.84061045445077,507.1175537109375,24567400
2024-11-14,506.78100063575187,507.65215823407385,502.68246622311574,503.59326171875,28679500
2024-11-15,497.9008370094245,498.2869137267918,489.53548899535224,491.59466552734375,51461100
2024-11-18,493.1390232447135,497.1088549746597,491.7530564972912,495.01007080078125,27080800
2024-11-19,492.4361578912134,498.9007299291425,492.0995379045485,498.4156188964844,24523000
2024-11-20,498.1186305655171,498.4354316008749,491.58475271735847,498.1285400390625,29565500
2024-11-21,501.1677651579691,501.8805523925843,492.57474087141514,499.92041015625,34526700
2024-11-22,499.36608233729413,501.4549271308201,497.7424994734803,500.72235107421875,23826600
2024-11-25,504.7911156851186,506.32560378411665,499.20764065875716,501.5142822265625,26375200
2024-11-26,502.9893137573825,505.028701522575,502.14785444392766,504.2070007324219,26557100
2024-11-27,503.07845230303303,503.147727983714,496.90095284560425,500.2371826171875,24957400
2024-11-29,500.86089713192877,505.22671537266444,500.2471139700142,504.6327209472656,15334000
2024-12-02,505.8900502291726,511.0874489355527,505.503943252171,510.12713623046875,25147200
2024-12-03,508.8004362735706,511.96838562340423,508.22623072565875,511.691162109375,18597900
2024-12-04,515.1067274866609,518.2746775802158,514.3939100143905,518.0172729492188,26086200
2024-12-05,518.066758045711,518.7894245658355,516.1956801642583,516.581787109375,18169600
2024-12-06,517.2450943089183,521.4426027889191,517.1163919846481,521.2050170898438,23762600
2024-12-09,520.2842786301696,521.0762510047207,515.997645825731,517.1460571289062,20674400
2024-12-10,518.3736720830724,520.1160477249822,513.9583365552159,515.3839111328125,24350000
2024-12-11,519.7397258001967,525.2935015113667,519.333860410246,524.6104125976562,32168600
2024-12-12,522.3929623523824,523.6601665397187,520.7496211220283,521.2247924804688,23577500
2024-12-13,525.1450495866374,527.8278579264799,522.0166775373805,525.21435546875,28780400
2024-12-16,527.7388647142787,533.7480540880958,527.6596493492339,532.77783203125,31979900
2024-12-17,530.98596629447,532.0947397037226,528.7783289494863,530.4315795898438,28579100
2024-12-18,529.788148569402,531.5007956922416,509.8499245462622,511.2952575683594,54703200
2024-12-19,515.9679318582266,516.5322279860178,508.6816899837396,509.01824951171875,46441800
2024-12-20,505.32570624002693,519.5616322810632,504.1872345780623,513.4633178710938,60530000
2024-12-23,515.1737776692636,518.8426243845064,511.7826015422581,518.4658203125,29672800
2024-12-24,520.4092996239036,525.5853017754832,519.7746759093736,525.49609375,17558200
2024-12-26,523.8699121670745,526.765299753133,521.8768329257526,525.1390991210938,19090500
2024-12-27,521.5793998387165,522.0156961164594,513.4980235081564,518.158447265625,33839600
2024-12-30,511.16780377692226,514.9853505317432,507.51877788418955,511.2669372558594,34584000
2024-12-31,512.5461437160499,513.2996913516206,505.96205831939585,506.92388916015625,29117000
2025-01-02,509.96797639070587,512.2882929151225,501.4503346376186,505.9322814941406,36389800
2025-01-03,509.0260470816439,515.2730308235667,508.2130071708806,514.2120361328125,29059500
2025-01-06,519.6061862635828,523.4733001568532,517.6329577649649,520.1217651367188,36109700
2025-01-07,521.1629566479388,521.559551115967,508.9566467939472,510.8406066894531,36690300
2025-01-08,510.74143805919834,512.5659056329079,506.2694166315945,510.9298400878906,30777800
2025-01-10,507.1718427872382,507.27097628427526,499.6755226752064,502.91796875,40532500
2025-01-13,496.97837480559224,501.7577526619827,495.4910093944748,501.3016357421875,31694200
2025-01-14,504.4548589417407,505.86291155630545,497.36508964559465,500.82568359375,33737200
2025-01-15,508.7087687727945,513.4881165735859,507.15195538601904,512.3478393554688,34957600
2025-01-16,514.6085682704208,514.6879113695602,508.6293909405431,508.75830078125,28229000
2025-01-17,518.4460339444852,519.6557894107439,508.7880832063011,517.3453979492188,51837900
2025-01-21,520.0623267442402,521.5397669077764,515.6795730033419,520.379638671875,23628000
2025-01-22,525.1094193264751,529.3236214173635,524.802032888923,527.0330810546875,33593000
2025-01-23,524.5838510983231,528.2725488461796,523.9988545859802,528.153564453125,23096600
2025-01-24,528.5302831052624,529.2937560837775,523.7013089510233,525.1688232421875,19878300
2025-01-27,506.69583084119216,513.6269441667861,505.8529843659653,509.8788146972656,60771700
2025-01-28,510.8802758250669,518.5947739794966,507.4692787651559,517.414794921875,33194200
2025-01-29,518.0592682882486,518.1881781217885,512.5461033650954,516.4429931640625,26649000
2025-01-30,519.2988228694454,521.6686459509566,513.8451492601,518.6443481445312,27431300
2025-01-31,522.4817535773786,527.0430442443887,516.8000365418205,517.8907470703125,38755200
2025-02-03,509.14497914666026,516.4628217597667,506.7453799127663,513.7459106445312,40580800
2025-02-04,514.2615319309748,520.6869308692702,513.8648769629846,520.0523071289062,26046800
2025-02-05,517.4246918873662,522.5709786844357,516.2347874418311,522.4122924804688,21134100
2025-02-06,522.9179765607721,525.3473520565179,521.311626833359,525.1390991210938,19434500
2025-02-07,525.6745976209094,527.6180496311416,517.7915490817724,518.515380859375,29605500
2025-02-10,522.7791839475389,525.8927501755105,522.3131718191833,524.7921142578125,20852800
2025-02-11,521.5297939926579,525.4563996768837,521.4008841574637,523.5426635742188,19325500
2025-02-12,517.9006962178615,524.7326768167036,517.5536684486628,523.8501586914062,25009400
2025-02-13,525.5159293158989,531.7033597619308,524.732605317865,531.3861083984375,28714800
2025-02-14,531.4951373995543,534.3013169383792,531.1579746283853,533.6171264648438,17862600
2025-02-18,535.1837964310452,535.4515415685663,531.5248751428178,534.8268432617188,20565000
2025-02-19,534.033636710405,536.2547595259927,531.941423747602,534.9756469726562,19666900
2025-02-20,534.1922605270037,534.5591391771623,527.9751138600881,532.7048950195312,26550800
2025-02-21,533.8453126632647,533.865163573073,521.2820470761951,521.64892578125,47093800
2025-02-24,523.4336296845087,524.6136086408569,515.153986605975,515.4910888671875,39268400
2025-02-25,514.8663953338516,514.9457384341285,505.14895352625115,508.99627685546875,48940000
2025-02-26,511.1876606100104,515.2828174659816,507.062666876333,510.2257995605469,34457600
2025-02-27,513.7657942802123,514.6978790782035,495.8380652291524,496.05621337890625,52448000
2025-02-28,495.9174217287741,504.49455693208847,492.74436314856877,503.88970947265625,47654000
2025-03-03,507.2114314699513,508.71861754283515,489.4225385345535,492.8633117675781,44587200
2025-03-04,490.01749046351205,499.49696369579414,483.6317324771762,491.3759460449219,67875400
2025-03-05,492.02049550759943,499.3879049957525,487.1221029456595,497.78155517578125,46323700
2025-03-06,489.5316385267994,494.3804341923218,482.10473667776205,484.087890625,57574300
2025-03-07,483.0566076235125,489.1250534272684,476.48244791593504,487.6476135253906,54714700
2025-03-10,479.37787475309847,479.893483858435,464.7124436127046,468.7481689453125,76668000
2025-03-11,468.37136824327257,474.77694672862924,463.0763510761853,467.627685546875,68760800
2025-03-12,475.1240464155093,477.00803669300126,467.81612865238577,472.9029235839844,46971100
2025-03-13,472.2384878146999,472.2682339105979,462.50119561707606,464.3951110839844,46563300
2025-03-14,469.73976785512326,476.5122252306436,469.13489016928395,475.61981201171875,43563000
2025-03-17,475.57019603909805,481.7477311959652,473.7754442197844,478.7035827636719,41744400
2025-03-18,475.37191317732794,475.570210412658,468.43087446970304,470.5429382324219,39072300
2025-03-19,472.7937659202289,481.2419899759292,470.8701043676958,476.83941650390625,40430300
2025-03-20,472.863217084476,480.46859528600214,472.16910112065705,475.2231750488281,36780500
2025-03-21,470.0867861064201,477.5533593130606,468.92665802336944,476.78985595703125,42234900
2025-03-24,484.3529497341384,488.0967889047563,481.0361475224084,487.252685546875,34567200
2025-03-25,487.9776314748478,490.19212618360643,487.01436628000033,490.0332336425781,26035200
2025-03-26,488.88124907816564,489.7352926344481,479.4671015914342,481.0162658691406,34627100
2025-03-27,479.0599740999814,483.20099914044886,476.9149702846153,478.27545166015625,33469800
2025-03-28,476.4780431008445,477.183104147624,464.7996986134778,465.68353271484375,46363800
2025-03-31,458.712276265686,466.5971101953478,454.1541241921948,465.6636657714844,53000300
2025-04-01,464.05486449234,470.3409233401803,461.1948898535383,469.4173889160156,41156200
2025-04-02,462.8831276755786,476.22979898600255,462.6249234903914,472.8434753417969,49894500
2025-04-03,453.2703169066499,456.87511371412586,447.01407852229937,447.53045654296875,70456300
2025-04-04,435.0974044364688,437.31189907621473,419.7348327636719,419.7348327636719,117088400
2025-04-07,405.82214624882306,440.06271771596437,399.5956979160209,420.7477722167969,161557000
2025-04-08,435.11728254780405,440.06271076881603,406.9442976151024,413.1707458496094,101248100
2025-04-09,412.68418311669046,464.5812557291743,412.54514076571127,462.76397705078125,142876900
2025-04-10,450.41036023392695,452.4262621793789,429.6257108126027,443.08160400390625,108384100
2025-04-11,441.562213700492,452.6248688142693,438.2652614825523,451.2445068359375,52483800
2025-04-14,461.2346404718873,461.8205396963483,449.4868049126776,454.3031311035156,43941200
2025-04-15,455.3557385766258,459.16906857179987,452.9823210663376,454.8095397949219,35404200
2025-04-16,445.91178503143493,449.4768512400112,434.72005857210513,441.095458984375,48980600
2025-04-17,444.06470985775826,444.6406688022329,438.2950286304019,441.0160217285156,44837000
2025-04-21,435.1867650335119,436.0308380461499,424.9582742045425,430.102294921875,44149300
2025-04-22,435.7726731527785,444.4718197504035,434.5809942900424,441.39337158203125,52304400
2025-04-23,454.9883280627237,460.1621395996958,449.7350551012641,451.40338134765625,55801100
2025-04-24,453.3100434087902,464.4123980424965,452.6645330068807,464.10455322265625,45956100
2025-04-25,463.72717367554924,469.80466908463916,462.1581591656519,469.2783508300781,38697100
2025-04-28,469.74511470528023,471.5127525568199,462.7937251286729,469.1294250488281,33550800
2025-04-29,466.90498894089706,473.1115867619832,466.3289996919343,472.2277526855469,30613100
2025-04-30,463.88610169130095,473.8861795985349,459.218727902781,472.1681823730469,46810600
2025-05-01,480.05301909884207,483.7968278621536,477.40154726890813,478.33502197265625,43316500
2025-05-02,483.1612578527776,487.5009057759676,481.4631110349334,485.4353332519531,39218100
2025-05-05,481.2347608308799,485.63398996616957,480.7382330195203,482.5555114746094,28309500
2025-05-06,476.22976603156343,481.6816318630385,474.86928463727685,478.0669250488281,32786300
2025-05-07,478.7322575080464,482.42642576212086,473.4690746513304,479.94378662109375,38006300
2025-05-08,485.1374935889608,489.27854913850405,480.8077853400776,484.899169921875,39577600
2025-05-09,486.8057947898926,488.1265757568078,482.82366229776994,484.58135986328125,27767400
2025-05-12,503.46932056139144,504.3630949730465,497.99760403491905,504.3233642578125,45090600
2025-05-13,505.6242720156775,513.7971317920018,504.8894204545504,512.0096435546875,53269600
2025-05-14,513.1813544649557,515.6242324147684,512.1684183718318,515.0780639648438,47014500
2025-05-15,512.9330816972009,518.3054856544411,511.5924203127881,515.6441040039062,50153300
2025-05-16,517.044294120501,518.0771107199419,513.5090186630139,517.888427734375,48394600
2025-05-19,510.6688875420057,518.9013570234188,510.6688875420057,518.3849487304688,52536200
2025-05-20,515.8626723905012,517.3125556927907,513.0721879895937,516.6571655273438,42517600
2025-05-21,512.6848447576629,519.3680896901809,507.68974589149923,509.47723388671875,71292800
2025-05-22,510.0929679354682,514.1148920390241,508.7424267202739,510.4306335449219,55607200
2025-05-23,502.6649263027872,508.28562519419927,502.0690868224265,505.70367431640625,58368100
2025-05-27,512.5657247963487,518.0871120746342,511.0165603257883,517.6004638671875,47226300
2025-05-28,518.553830164528,520.043413749033,514.7901707944173,515.3065185546875,46637200
2025-05-29,522.6750389191951,522.8239609117877,513.7275971013242,516.3194580078125,58513300
2025-05-30,515.8328523034309,517.0642316666292,508.3749943409687,515.505126953125,67662800
2025-06-02,513.6480865025803,519.8149838106336,512.38688645161,519.57666015625,44762800
2025-06-03,519.9242261070126,525.0682472235115,519.0602725197831,523.6382446289062,44070300
2025-06-04,524.343351463968,526.1606603717119,522.3174790385125,525.0980834960938,41359300
2025-06-05,526.4982758102656,529.3483408856316,519.0304773796223,521.1456909179688,61031200
2025-06-06,526.3195126954442,528.1070008049783,524.5419648405629,526.2400512695312,42467000
2025-06-09,526.4585396949342,528.6531539021086,525.3363819554394,527.0146484375,33688700
2025-06-10,527.4813163809062,531.1854549164767,525.2171811724196,530.500244140625,40664800
2025-06-11,531.9003764256685,533.05235473579,526.4286309808334,528.712646484375,53701000
2025-06-12,527.4020016389122,530.9273374071076,527.1537377029645,529.9541015625,34104900
2025-06-13,524.0155690794827,528.1764744468518,522.0790985470339,523.3005981445312,55814400
2025-06-16,526.8160526043126,531.6522290488724,526.7664119412208,530.5797119140625,37622100
2025-06-17,528.0176249155262,529.6263701691488,524.2439650748757,525.4058837890625,42180900
2025-06-18,526.4188056074704,528.851804209901,523.7376036898021,525.3165283203125,43983500
2025-06-20,528.5638551917361,529.8548155249317,521.2350990187692,523.1715698242188,61643500
2025-06-23,523.7391506726165,529.0678919430073,520.5975974398857,528.5509643554688,50666100
2025-06-24,533.7604374478519,537.5482262091718,533.1440563345205,536.6336059570312,45442000
2025-06-25,538.9002712385268,540.1429848534073,536.235900529748,538.0054931640625,44804200
2025-06-26,540.1827450564219,543.4833997920184,538.3634559621551,543.0360107421875,43811400
2025-06-27,544.0700237277772,546.7840911032561,541.3658470914818,544.8952026367188,57577100
2025-06-30,548.0467096811509,549.5777111612434,545.8098249535486,548.4244995117188,45548700
2025-07-01,546.5255321429642,547.4998608561041,541.4850785579611,543.801513671875,56166700
2025-07-02,542.9763876274027,547.788201797656,542.9366426333736,547.58935546875,36538300
2025-07-03,549.955585807022,553.9521732207683,549.955585807022,552.9778442382812,26443500
2025-07-07,550.2935609665941,551.1087884823851,546.3765247308775,548.812255859375,45349300
2025-07-08,550.1542771813712,550.7806096795933,547.8875384869722,549.120361328125,36153300
2025-07-09,551.2478664323185,554.3795290687111,549.8759057229825,553.007568359375,43045500
2025-07-10,553.6438277114144,554.0514110672418,549.5279457662349,552.2122192382812,34710900
2025-07-11,550.0747653451698,552.550241260774,548.8320516783502,550.9695434570312,39618600
2025-07-14,550.7608042477088,553.7035723680522,548.4145751584621,552.9678955078125,36453300
2025-07-15,556.9842448718932,557.5310267291989,553.4151446538423,553.4747924804688,43277700
2025-07-16,554.0316131674816,556.9445267538166,548.3449238107365,554.04150390625,52314700
2025-07-17,554.7673336412346,559.0323054850909,553.9620575398243,558.5252685546875,40423800
2025-07-18,559.8375467448564,561.4381474291321,556.7158353640372,557.9884033203125,50484700
2025-07-21,558.813515991401,562.7603451130758,558.783661740004,560.88134765625,39595200
2025-07-22,561.0106638998457,561.0603603122628,555.3538286769178,557.9784545898438,43270600
2025-07-23,559.062157299073,560.5633045664785,556.3182355790325,560.5235595703125,40215300
2025-07-24,561.8358483971182,562.939363617183,560.0065471027547,561.716552734375,42275500
2025-07-25,561.6369949015883,564.3908678867722,560.9808687648707,563.068603515625,30630800
2025-07-28,564.4306154466694,565.7230255686966,563.5656915591924,564.8283081054688,31498700
2025-07-29,567.4330285462547,568.7751350745425,563.2277047901983,563.9534301757812,45463300
2025-07-30,564.8680250229864,567.2938044905766,561.7562651946612,564.708984375,43433800
2025-07-31,571.190970580284,571.2804726670317,560.5831832589339,561.716552734375,64613600
2025-08-01,555.5725867181648,555.7614816318713,548.4642399269435,550.6514282226562,69400800
2025-08-04,555.7912772727004,561.0305777833557,555.6918844459093,560.8118286132812,47669800
2025-08-05,562.0943005518618,563.2574635163702,556.467259269024,557.004150390625,48666600
2025-08-06,557.8392381791041,564.4504991615455,557.3620555482147,564.0130615234375,41823700
2025-08-07,568.3377644787327,569.9781710329648,561.8160046192106,565.9219360351562,44463000
2025-08-08,567.1247903648876,571.4196158459907,566.8265512369031,571.2008666992188,35255500
2025-08-11,571.3401044656866,573.4377906026674,568.238295962644,569.5108032226562,33112900
2025-08-12,571.8073129373929,576.9670623788118,569.1528936023716,576.6688232421875,42143300
2025-08-13,579.3630298518572,579.9197631156701,575.5652898210926,576.9571533203125,41209300
2025-08-14,574.9092259384532,578.4882172102513,574.5413268492241,576.5098266601562,45425000
2025-08-15,576.4202920588297,576.4600977307613,572.214968449767,573.9746704101562,49480200
2025-08-18,573.0799551101481,574.4022195798505,571.8869377296325,573.7460327148438,29831000
2025-08-19,573.030210843046,573.1992029150304,564.9376447129671,565.961669921875,53752600
2025-08-20,565.0172075838456,565.1365032465736,555.5825347335871,562.6013793945312,76781100
2025-08-21,561.060291436286,563.1878316051035,557.709940546973,559.99658203125,46436900
2025-08-22,561.3784895430127,570.6441700157645,559.9866866300696,568.6359252929688,51502100
2025-08-25,567.0750950943409,569.9482028256268,565.8422722305733,566.9955444335938,34044700
2025-08-26,566.5084530912841,569.5804073661923,565.4844278800615,569.272216796875,34103000
2025-08-27,568.2580846423573,571.0615927543387,567.0451647763256,570.14697265625,36927100
2025-08-28,570.7634672604604,574.6308068035561,569.1231216071435,573.7161865234375,46787900
2025-08-29,571.3102515546032,571.6781506312136,565.225930193606,567.0751342773438,56030400
2025-09-02,558.0380628796443,562.6708725533646,556.2783609773549,562.3229370117188,65876800
2025-09-03,565.9119399720083,568.3675738998842,563.4265124673556,566.7470703125,54230200
2025-09-04,567.4131351357099,572.2447915330674,565.713141595555,571.876953125,47526300
2025-09-05,577.1062572168585,577.7325897394942,568.1985247693755,572.7020874023438,68342500
2025-09-08,574.9986420687553,577.4542758453497,574.4021637761383,575.4957275390625,46371400
2025-09-09,576.2910903587206,577.5537069544023,573.6764157572246,577.126220703125,44007600
2025-09-10,580.3373212188227,580.3671754724255,575.1775717338585,577.3150634765625,49308000
2025-09-11,579.8402846996038,581.4707397036912,578.2297325329314,580.6754150390625,44745800
2025-09-12,581.6298042126049,584.4333738308624,580.695281006519,583.2403564453125,50745900
2025-09-15,585.0099748299342,588.3404233464852,584.8608249109443,588.2310791015625,44360300
2025-09-16,589.155666047915,589.4042087997295,587.0480283668794,587.7340087890625,36942100
2025-09-17,587.6544158082771,588.3006511882201,580.9636648285566,586.5608520507812,69384800
2025-09-18,591.4422704413523,594.6534841828069,589.5036854446214,591.8499145507812,61069300
2025-09-19,593.8481392234803,596.5522550297854,592.376724983576,595.8563232421875,58196100
2025-09-22,594.944685223359,600.0506998619353,594.9247593125743,599.3838500976562,57154800
2025-09-23,599.5530088196715,599.7520856686153,594.1882006017188,595.4025268554688,64635500
2025-09-24,596.7760226094698,597.094533388198,590.5850794568064,593.312255859375,49850300
2025-09-25,589.430536349082,592.3368637002909,585.7478275771575,590.7543334960938,70920200
2025-09-26,591.5705031390479,593.5113961310994,588.2959106650876,593.1829223632812,54337400
2025-09-29,596.3082204485978,599.2344738358131,594.6161584254272,595.9299926757812,48332900
2025-09-30,595.6313870294545,597.9007535872587,593.3122664505869,597.5623168945312,46533800
2025-10-01,594.3773102269436,600.9663468565046,593.5512354718333,600.4288940429688,46899600
2025-10-02,604.2210139137661,604.3205219527487,600.1103234584608,602.897216796875,43765400
2025-10-03,603.6736359963404,604.4898085161411,598.5775847871106,600.3591918945312,46482100
2025-10-06,605.604571632931,606.5102892520208,603.1361281413168,604.8680419921875,41962100
2025-10-07,606.1719018399856,606.8586774446749,600.2099241447881,601.6829833984375,58209500
2025-10-08,602.5787369049325,608.8891142425712,602.429474838809,608.58056640625,50629800
2025-10-09,608.6204370055018,608.7498339295508,604.6391427264058,607.8441162109375,45551000
2025-10-10,608.540771556568,610.312415678386,586.2952563674698,586.7431640625,97614800
2025-10-13,596.8755814137287,600.130308656237,594.437026720554,599.1947021484375,65872600
2025-10-14,592.5259468728633,599.8714381279206,587.3701791592366,595.203369140625,69203200
2025-10-15,601.1852932442931,603.862715605542,593.143063206646,599.4036254882812,62805500
2025-10-16,602.2801330218135,605.4651800783457,592.7150896478986,597.18408203125,70982000
2025-10-17,595.1536373813661,602.6782798326376,593.5810094041973,601.1056518554688,72024900
2025-10-20,604.3007277712793,609.9342320831087,604.2310478359201,608.6801147460938,45761700
2025-10-21,608.7796678481768,609.8545734667066,606.4705100847576,608.5208740234375,44538200
2025-10-22,607.9634772307389,608.550684046599,596.9352763909752,602.6583862304688,61478800
2025-10-23,602.0810816712476,608.5108930309417,601.6929516953679,607.724609375,42844300
2025-10-24,613.1093168162636,615.5279456461734,612.2533531809327,614.214111328125,47632500
2025-10-27,621.5993980822419,625.6105198516532,621.1116993292344,625.1527099609375,54098600
2025-10-28,627.4120574784298,631.7118619498357,626.307263060354,629.9600830078125,61195700
2025-10-29,632.6176630324746,634.0310053320909,627.3026090399652,632.7968139648438,67422800
2025-10-30,629.2136282645249,630.5374255047892,623.012782414942,623.1222534179688,61628600
2025-10-31,631.2042379487298,631.234126811276,623.7592381870214,626.1281127929688,66305100
2025-11-03,632.1398830378624,632.8465845810617,626.9044717945962,629.1240844726562,37154300
2025-11-04,620.3652477253576,624.0180678867468,615.5677812621689,616.3540649414062,63830800
2025-11-05,615.5975961289528,623.6696547974706,614.3236136919261,620.365234375,48688500
2025-11-06,618.8821162096355,619.1309470601153,607.4458600415353,608.8094482421875,72115100
2025-11-07,605.4652444694041,607.0975896125627,595.8703112129559,606.8885498046875,81835400
2025-11-10,616.0255879416002,621.3903960500816,614.0051128778478,620.3154296875,55919900
2025-11-11,617.667884551536,619.807793532697,614.6321601598369,618.6632080078125,44868800
2025-11-12,621.9179631936865,621.9378283538965,614.9208098206749,618.175537109375,47444400
2025-11-13,614.6520197078406,615.2293243171331,603.2456518828649,605.5548095703125,71333600
2025-11-14,596.7461751876709,610.4816269444214,594.3773004655238,606.0126342773438,80087300
2025-11-17,603.4646437955126,609.6157359179533,597.064720790693,600.8369750976562,63850400
2025-11-18,596.815880706601,599.4933033897071,588.5746335991315,593.5213623046875,83327300
2025-11-19,594.277803642733,603.3252601497043,591.8094208267037,597.064697265625,73111500
2025-11-20,608.7597480209467,611.1585116514054,582.0154107078263,582.9310913085938,117743200
2025-11-21,584.7226693166165,594.1882055528395,578.0241615794017,587.310546875,103344200
2025-11-24,592.4961555049445,603.8428060601079,592.3766608046226,602.3298950195312,60168100
2025-11-25,600.6876962050133,607.4061298411984,594.526641299767,606.0425415039062,57560900
2025-11-26,609.6455599216604,613.3083428306168,607.5354791235628,611.3973388671875,42393600
2025-11-28,613.2287346345189,616.4237448749676,612.541959003384,616.3540649414062,23034400
2025-12-01,610.7603293223117,616.5431560974239,609.6555348802722,614.2837524414062,40957600
2025-12-02,616.5630868277917,620.8330025626916,614.7018368343952,619.0911865234375,54541800
2025-12-03,616.7223400403288,621.3008038243313,615.1398097007426,620.6041259765625,47841600
2025-12-04,622.0074783857208,622.0174413402095,616.6426703924581,620.0267944335938,47067800
2025-12-05,621.4601000759177,625.9788469562651,620.7932503319497,622.554931640625,53614200
2025-12-08,624.2768250026879,625.8992070395384,618.7826202766802,621.3605346679688,43462400
2025-12-09,620.0964541810868,622.9430645849563,618.0958443851024,622.1268920898438,37156000
2025-12-10,620.9325009204754,626.2674807044035,618.0858904749533,624.6749267578125,55031400
2025-12-11,620.9027009347221,622.8535568265262,614.8311912534539,622.6544799804688,58272800
2025-12-12,619.1708244083038,620.6239577552077,608.5009255098857,610.7503662109375,75158700
2025-12-15,615.4781529916935,615.5279070139317,606.4704879765786,607.6847534179688,49538200
2025-12-16,605.4154301227284,610.6408780514341,604.0717070626577,608.8890991210938,55152800
2025-12-17,610.1929774623923,610.7802450139451,597.4727756606954,597.6021118164062,70654300
2025-12-18,606.9482502454197,610.0636176198245,604.0817137427742,606.261474609375,78875800
2025-12-19,609.0881814780194,614.731648282282,609.008538594176,614.164306640625,60369800
2025-12-22,619.2410277166947,619.5400581375426,615.6732225286527,617.1083374023438,43703100
2025-12-23,616.1017112134413,620.2973826571792,615.6831538137028,619.9984130859375,41120400
2025-12-24,619.8788381544654,622.1611043897402,619.6097351207538,621.812255859375,18468700
2025-12-26,622.5398061068336,623.3969333982391,621.025006522853,621.7724609375,28959800
2025-12-29,617.9952283512266,620.6661854070132,616.6298832800768,618.7626342773438,32458300
2025-12-30,617.7362181598814,620.068241865734,617.1182665497881,617.3275756835938,31226800
2025-12-31,617.5468163565164,617.8557617254266,611.9657873069227,612.2249145507812,40746500
2026-01-02,617.9553870831127,620.7358953542944,608.0790504146867,611.0389404296875,61859200
2026-01-05,617.2178977361207,618.7028306128764,614.6266862165028,615.8923950195312,46828400
2026-01-06,617.1281744487,621.9019550397833,616.4405140309859,621.303955078125,43137500
2026-01-07,620.9253234207138,625.8087167042466,620.4469720495259,621.9020385742188,44880300
2026-01-08,620.9153218016421,621.303951822496,615.7030322638508,618.3639526367188,50435900
2026-01-09,619.3008056143428,625.7588527928842,616.9588062315833,624.5230712890625,49688700
2026-01-12,620.1977700429699,626.7155502563702,620.1479519171962,625.041259765625,37388700
2026-01-13,625.140974146081,627.3334583647393,621.5830839442848,624.1144409179688,44481400
2026-01-14,620.1280157301809,621.3339307094008,612.4740900847709,617.4471435546875,72598700
2026-01-15,624.4732033837762,627.8616876163956,618.6430834728214,619.6696166992188,53934900
2026-01-16,623.3769663073682,623.9550147388202,616.7794403711221,619.1513671875,61058100
2026-01-20,608.4578028817349,612.9723957819789,604.9895731374214,605.9961547851562,81988900
2026-01-21,607.4013491018657,618.3141955207952,605.7968282532911,614.1882934570312,79837900
2026-01-22,620.2375842668598,620.347257132182,615.6831493704997,618.6530151367188,42254800
2026-01-23,617.6265424291936,623.2773415638685,616.5502518751565,620.6063842773438,43645800
2026-01-26,621.0947340762326,625.4797631810548,620.0084069696974,623.3370971679688,35983000
2026-01-27,626.7753573897714,629.8947385616864,625.210739736326,628.9878540039062,38997200
2026-01-28,633.3031267391333,634.4392110916745,629.6654913345894,631.0706787109375,50691700
2026-01-29,630.502742743786,631.5192393919408,616.1715451315209,627.2936401367188,79944000
2026-01-30,623.5862091740412,626.1275416849769,617.1979322175918,619.7592163085938,65650700
2026-02-02,616.6000209191627,626.3567698077312,616.5601177572296,624.0147705078125,49020300
2026-02-03,626.1674139293162,627.8417043791845,608.8863033670389,614.4274291992188,81234000
2026-02-04,612.9325250551025,613.0122097237908,598.4318618495455,603.6939697265625,81850700
2026-02-05,598.1728002779972,602.7571627123452,592.7412864010469,595.0036010742188,89354500
2026-02-06,598.1528367578925,609.3347246219274,596.7376735555687,607.5807495117188,78019300
2026-02-09,605.4779073318616,614.3676754732974,603.0163200345862,612.2349243164062,56797600
2026-02-10,613.221585779639,614.9258037997442,608.9361924921908,609.3945922851562,53938900
2026-02-11,614.287912259566,615.4240575153926,605.6274050805947,611.0289916992188,58575100
2026-02-12,612.6235691721736,613.719811213741,597.5349428610552,598.601318359375,81378900
2026-02-13,598.3920201980992,604.4214731930686,594.3956211608477,599.876953125,69237500
2026-02-17,596.3489614066287,601.900062806609,591.3260902585407,599.259033203125,69013800
2026-02-18,600.0663235174607,607.7003582620254,598.6810268108527,603.7338256835938,64250700
2026-02-19,600.7639588101054,603.763752095183,598.710953230483,601.4216918945312,60960800
2026-02-20,598.0831443998615,608.2784035741612,597.1961505255856,606.74365234375,74127300
2026-02-23,604.551014539048,605.9462869551629,597.0166773136035,599.36865234375,63859100
2026-02-24,600.3553581675079,606.9229563249177,597.6943768857255,605.8067626953125,55023700
2026-02-25,608.995909128246,614.7363682274654,608.9261394233886,614.5868530273438,55710700
2026-02-26,613.5006642563195,613.5006642563195,601.9300233109441,607.1721801757812,96178900
2026-02-27,600.9333908786662,606.2552930140329,600.1460941357092,605.228759765625,68125200
2026-03-02,596.8272887885241,607.8497456538431,595.9602466755911,606.0260009765625,75264600
2026-03-03,594.3059664111527,601.9100736934439,589.8610825503507,599.5381469726562,97015500
2026-03-04,602.1094032397743,610.7998384548731,601.3819003863031,608.6770629882812,70943900
2026-03-05,605.338437930278,610.6802308667765,600.2158690906975,606.84326171875,89602400
2026-03-06,598.272391216619,603.9430803280663,596.299131310206,597.7142944335938,86302300
2026-03-09,592.2130380432229,607.2020280273126,589.3229177543049,605.6971435546875,93068200
2026-03-10,605.7171291112322,611.2083762165881,603.3650930899329,605.7071533203125,64078900
2026-03-11,606.8831745719045,610.3513436366671,602.9764964783102,605.62744140625,60114800
2026-03-12,600.7141815669924,602.0895025742029,595.0235399841715,595.2328491210938,71836600
2026-03-13,597.6943836062096,601.5512432287993,590.5587127632866,591.7047729492188,63145500
2026-03-16,598.0033513683248,601.8103930085241,597.0765152286837,598.3422241210938,49077200
2026-03-17,601.0928621051149,603.8435039613423,599.827153220896,601.2622680664062,47106600
2026-03-18,599.4483963163733,601.1127109244666,592.5419256129081,592.8807983398438,56128000
2026-03-19,587.5091059918601,593.7777346942335,585.0873611514585,591.0072021484375,75597600
2026-03-20,589.0538644721536,589.1634765193921,576.5763394854986,580.0844116210938,91964700
2026-03-23,589.2577971122703,593.8080477851386,584.707546439402,586.7431640625,89936100
2026-03-24,583.5599323333884,586.6732582803922,580.6860836277402,582.731689453125,57750900
2026-03-25,587.8807233962021,590.105937264777,584.4380856164452,586.5635375976562,60475500
2026-03-26,581.354642361522,583.3803323809582,572.2042606955537,572.5634765625,81492100
2026-03-27,569.5898294008852,569.7994024288408,560.3695906458286,561.37744140625,82702200
2026-03-30,566.1672557562856,566.8358066082409,554.4124057398176,557.0867309570312,70602600
2026-03-31,563.0837667324405,577.4031290957437,563.0039815896954,575.9462280273438,95878000
2026-04-01,580.2370672268827,586.4836962239632,579.179335412676,583.06103515625,79435100
2026-04-02,572.7430779653056,584.7972733467034,570.6974721352691,583.7295532226562,50941700
2026-04-06,584.9768981262092,589.3475406308395,583.4402118432972,587.2420654296875,35108500
2026-04-07,584.3882026562935,587.7210292628183,577.1636879809167,587.3319091796875,49948200
2026-04-08,607.4088894425788,608.5963482247196,600.8329489303708,604.7944946289062,63086000
2026-04-09,604.6347774379597,609.1950160707539,601.7410129216331,608.8856811523438,37837500
2026-04-10,610.5321674952482,612.3582118654269,608.2769886899993,609.7637939453125,34038500
2026-04-13,608.1772466686149,625.4003640032612,606.8101798493245,616.0703735351562,32972100
2026-04-14,618.8941947521593,627.2562866210938,618.7744561353234,627.2562866210938,49921100
2026-04-15,627.7353139030603,636.4666101570109,626.8571900931449,636.0375366210938,50102400
2026-04-16,637.8436965859062,640.8073189117684,633.9021276162631,639.1009521484375,42320600
2026-04-17,644.2100323367088,648.6105788505391,642.6932619551269,647.4630126953125,53488900
2026-04-20,646.6547376870972,647.3732302965532,641.1465785698142,645.4074096679688,37138500
2026-04-21,647.0239939193881,648.8102067653653,640.8372951709442,642.9527587890625,39580500
2026-04-22,648.7602969829716,653.9292171714128,647.1337763152069,653.7096557617188,37368400
2026-04-23,652.1529787029532,655.5157702184271,644.1401750634725,650.0275268554688,40099800
2026-04-24,657.1024209404745,663.0895957247212,655.1266727511743,662.4609375,45563100
2026-04-27,661.9819986507146,663.0097653425256,659.2777693835679,662.8101806640625,32717000
2026-04-28,656.004754848671,658.2300296236717,652.4124742350715,656.1444702148438,34147900
2026-04-29,657.2221656812865,660.3055266172468,655.1865481613837,660.1558837890625,31724900
2026-04-30,663.927777159514,667.470237689687,656.1544503606949,666.3126831054688,40622200
2026-05-01,667.7296602517982,674.5251016090374,667.3704443600215,672.7090454101562,39172600
2026-05-04,673.2178749724156,675.2834576176889,667.4702382389029,671.4417114257812,34542000
2026-05-05,676.5108537091375,681.3105696942113,676.06180342226,680.1530151367188,37101100
2026-05-06,686.309864653291,694.4424070727396,685.012594745374,694.2827758789062,38778500
2026-05-07,695.0910378327916,699.741050020677,690.2913219165297,693.4545288085938,43779100
2026-05-08,698.4238945105413,709.709716796875,698.0048093195176,709.709716796875,44320400
2026-05-11,708.8415900113766,713.0625897963787,707.3946772072168,711.7653198242188,36019100
2026-05-12,706.7060961344681,708.6619284096558,695.1508931250245,705.7282104492188,45873000
2026-05-13,708.4424652516221,715.1181676509774,703.3234258783424,713.1823120117188,40012500
2026-05-14,713.0924719031191,720.4866668965204,712.6933025541022,718.2514038085938,33327500
2026-05-15,708.6220472937023,713.6013711212843,704.0418318990444,707.4146118164062,51792700
2026-05-18,710.0190294838146,710.5479258193494,697.3561524904881,704.3711547851562,49834500
2026-05-19,698.3141623863071,704.9798766607653,693.7639117658215,700.030517578125,46827500
2026-05-20,703.7823654299403,711.6256103515625,702.2855717974863,711.6256103515625,36779200
2026-05-21,707.4745066970102,715.5871334944783,705.2592812358496,712.9827270507812,36415400
2026-05-22,716.5351219372583,720.5764528207093,714.4196583413607,716.0062255859375,33118600
2026-05-26,724.4082211964219,729.607045402997,722.6120201244876,728.718994140625,34254700
2026-05-27,731.393253873753,731.7524697241859,723.8893090619304,727.8907470703125,35148700
2026-05-28,728.1702007772236,735.0255114506422,724.8572898861221,734.0276489257812,32840000
2026-05-29,736.2628454135092,740.0447221142881,733.6783549102875,736.7318115234375,37541700
2026-06-01,735.4645156241552,744.0561575758685,734.4167722362946,741.15234375,33890600
2026-06-02,740.8130908722517,744.8444331554832,737.6498231242726,744.5650024414062,30085200
2026-06-03,745.7126120403002,747.0497745697194,739.4260905589007,742.6192626953125,40270200
2026-06-04,733.9078771104591,741.9107536874841,731.0540050355258,739.0269165039062,40782600
2026-06-05,728.4994162728981,730.1259368460317,702.814448019166,703.5528564453125,99606600
2026-06-08,716.2756997672813,721.484573841008,711.5458411228426,714.5394287109375,47401500
2026-06-09,721.434596637807,724.1088607768927,684.9028658450729,706.3170166015625,91932200
2026-06-10,700.1601489508766,709.7596418767092,691.448829138881,692.2072143554688,65334300
2026-06-11,697.79525259889,716.8344863404582,693.5144443572524,715.587158203125,71798900
2026-06-12,716.076088228132,722.4624325384626,709.7596625054938,719.7981567382812,51168400
2026-06-15,736.5222551108849,743.1680531807805,735.8038233761346,742.40966796875,46710200
2026-06-16,740.6633959693683,742.629155741597,728.0803652201432,728.2998657226562,45348700
2026-06-17,733.6185262683754,734.1074691435972,719.3091513674342,720.9656372070312,51669300
2026-06-18,735.6242535433294,740.2343734608266,730.9442759416646,739.0369262695312,50154600
2026-06-22,741.2475942735041,744.6740164081855,733.6255320449774,737.1818237304688,43518600
2026-06-23,714.994955841975,722.8567588543334,711.368729535907,712.9071655273438,53354200
2026-06-24,714.6253657788768,719.1806168314835,703.7167494897757,709.8803100585938,52480400
2026-06-25,725.144386854217,726.073411438839,704.5657941797848,715.63427734375,49668000
2026-06-26,706.3939573549355,714.8151753001493,702.0784467013282,705.7846069335938,47081800
2026-06-29,713.2467701925264,723.8257734758017,704.4359439581019,723.3262939453125,44939100
2026-06-30,723.4261723402657,736.8521846863197,723.156433880318,735.6334838867188,42121800
2026-07-01,728.4309348946762,731.1580735258118,723.8456861360175,724.4151000976562,40803800
2026-07-02,724.8247456386157,730.0692808035519,706.823483523477,711.8582153320312,50959800
2026-07-06,719.1806205090421,725.3242433880005,717.7021805458717,722.067626953125,30220400
2026-07-07,713.42658457407,715.6043080380856,704.1662754218111,708.6915283203125,42483100
2026-07-08,704.2162281021572,711.5186166673155,700.1803943256999,710.699462890625,35603200
2026-07-09,717.5823009494849,723.476123003734,714.3856196637845,722.5271606445312,33654700
2026-07-10,719.9498309758326,725.633910657471,716.2536701350646,724.7548217773438,26415900
2026-07-13,716.9728399125403,717.9917976257694,709.3408393238593,710.9990844726562,36552400
2026-07-14,719.4702735364855,721.5381261320255,713.5964502872879,718.9408569335938,29448100
2026-07-15,723.0964840498398,723.6059629208669,709.4906666647634,716.9928588867188,32627600
2026-07-16,711.2688277809667,712.8571384924941,701.8785885225277,705.2051391601562,39402000
2026-07-17,690.9300392487022,701.5689163623388,686.0451149463661,694.606201171875,54109300
2026-07-20,701.4290751693121,705.0653008245885,694.7860339234736,695.33544921875,29687600
2026-07-21,705.8345294031318,709.3108875148979,702.0684341343024,708.2319946289062,33728300
2026-07-22,702.8875430569569,708.9112952334938,702.8875430569569,704.61572265625,23692200
2026-07-23,693.9468861753709,697.9327231441935,687.0740428357205,691.23974609375,44028600
2026-07-24,689.6913211134731,691.9090420069233,681.7695828163428,683.5177612304688,42876700
2026-07-27,690.9600196558405,691.5793694171385,675.246412599162,681.4099731445312,42681500
2026-07-28,675.5260852047327,678.69282941625,667.1848012007116,674.786865234375,51398700
2026-07-29,674.8068223593629,679.3420743940087,660.4517860132496,661.0411376953125,57233300
2026-07-30,674.0576119251697,684.4068129515903,672.5991097762519,682.8384399414062,66753700
2026-07-31,691.3895713800811,695.0457958477069,679.3421270152298,687.2738647460938,50540500
2026-08-03,687.5835404062232,700.8597459456591,685.1061413344767,699.34130859375,44965100
2026-08-04,707.4228263749409,724.9046100552433,706.7935382563429,723.0964965820312,59778600
2026-08-05,725.4940407971483,727.7816351687756,716.1737353937511,716.5533447265625,33540200
2026-08-06,710.0800975972087,718.5712497417534,707.7625052246912,713.9061279296875,33035900
2026-08-07,719.4003977892652,722.8767558377907,715.7641721456221,722.2774047851562,31070400
2026-08-10,721.6380662225321,723.9156612253314,719.5802129514979,720.11962890625,26243200
2026-08-11,722.5370761410037,722.5970112457043,714.7552070178748,717.7021484375,29286100
2026-08-12,726.32320296041,726.4930089361641,722.1674989405016,722.9467163085938,29066000
2026-08-13,724.3952036143359,733.1960306989878,723.276374318815,731.3079833984375,31599700
2026-08-14,732.6465510961883,733.6255724540374,727.561883529615,730.3090209960938,23790600
2026-08-17,732.1870404067878,733.8153485193716,728.5108784569633,729.1102294921875,26452600
2026-08-18,719.4603242061223,721.3783085230132,715.1747508308598,716.7631225585938,48997200
2026-08-19,719.6401056796244,720.7489355626859,711.8681752092583,715.3345947265625,35801700
2026-08-20,711.3487680341726,714.1957769031727,707.782476952734,710.18994140625,33396400
2026-08-21,714.485502546953,714.9250469928722,708.46181083734,712.6973876953125,33399400
2026-08-24,708.9212669826352,709.0511365395006,701.9685508753718,705.5847778320312,37443100
2026-08-25,710.4796431110551,713.2967150154067,706.713608864013,709.9801635742188,23869600
2026-08-26,707.6725757719001,712.2778234739277,707.2330313373777,710.6295166015625,20392400
2026-08-27,716.1837333189847,720.5991154262211,713.7862680851495,720.359375,28723500
2026-08-28,718.9908173393685,723.3762624487671,714.3456940785237,715.6842651367188,34105400
2026-08-31,714.425544259608,716.8330697733344,712.4176267643429,716.013916015625,32237200
2026-09-01,706.6536415906066,711.5585035915489,703.9264419829226,706.9033813476562,35236100
2026-09-02,706.3639219777956,709.0611236151823,704.3660038718234,708.501708984375,23476200
2026-09-03,710.1100046716628,718.1716113897015,708.9512390201578,716.9229125976562,29449800
2026-09-04,718.601156571467,721.1085535017505,715.8140828169636,718.2116088867188,32871100
2026-09-08,720.1595771602128,721.1385985378392,714.8251697161986,717.6122436523438,28341400
2026-09-09,715.6543252365607,718.9508780796424,713.276797695489,715.5643920898438,26763400
2026-09-10,706.8135035284996,711.3188188537567,706.1242193062288,707.9523315429688,31414400
2026-09-11,714.9350193188371,716.8830016980755,712.8871654213293,714.1358642578125,26649100
2026-09-14,702.597886401324,712.2078675940699,702.0084737337293,708.4417724609375,35219000
2026-09-15,708.062154852668,708.7914364120502,702.9075530374577,703.8065795898438,26631700
2026-09-16,707.2630040952242,711.138970068843,699.2713317325664,703.9863891601562,35688000
2026-09-17,715.2047450412119,717.2925353145212,712.577477858311,716.1737060546875,37270300
2026-09-18,718.08176775015,720.9787124798182,714.3356712251818,720.6990356445312,48478700
2026-09-21,727.8900146484375,743.219970703125,727.8099975585938,741.469970703125,46730600
2026-09-22,740.97998046875,748.3499755859375,740.9299926757812,747.4600219726562,40128800
2026-09-23,746.969970703125,747.1300048828125,738.1900024414062,741.2100219726562,33191800
2026-09-24,735.2899780273438,742.6599731445312,734.6199951171875,741.0999755859375,29000900
2026-09-25,742.8300170898438,745.9199829101562,739.6400146484375,744.5,30283800
2026-09-28,740.4600219726562,741.4199829101562,731.6300048828125,736.530029296875,41775000
2026-09-29,740.1500244140625,740.5800170898438,735.3400268554688,737.9299926757812,27052300
2026-09-30,740.1900024414062,745.0999755859375,739.4600219726562,739.77001953125,29820400
2026-10-01,742.510009765625,744.6699829101562,736.25,742.030029296875,35728900
2026-10-02,751.3099975585938,754.5399780273438,747.530029296875,749.5800170898438,34467100
