date,open,high,low,close,volume
2014-01-02,148.68802333423724,148.76076845163186,147.47576091342683,147.83135986328125,119636900
2014-01-03,148.08187487909834,148.3809079603456,147.59697736630508,147.80709838867188,81390600
2014-01-06,148.29205652482446,148.34862237044146,147.15252665125038,147.37881469726562,108028200
2014-01-07,147.96883916953476,148.53455951431243,147.85569510057923,148.28402709960938,86144200
2014-01-08,148.25970600863388,148.56681646458838,147.80712996729395,148.3162841796875,96582300
2014-01-09,148.79309701375345,148.809263966353,147.73438975625828,148.4132537841797,90683400
2014-01-10,148.66378182024184,148.88199251291698,147.904095382742,148.8173370361328,102026400
2014-01-13,148.43752461272447,148.84968948948992,146.55447508045006,146.83734130859375,149892000
2014-01-14,147.32224484790407,148.51835296648397,147.04746825246312,148.43753051757812,105016100
2014-01-15,148.78495773920488,149.46382148440145,148.46977011952316,149.23753356933594,98525800
2014-01-16,148.93048087662248,149.23759130807258,148.56680461040443,149.0436248779297,72290600
2014-01-17,148.7850197033395,149.06787354908758,148.15464420144508,148.4132537841797,107848700
2014-01-21,149.26995548042734,149.3265336631133,147.93647134647676,148.84970092773438,88621200
2014-01-22,149.1002563203975,149.16491182021426,148.63151319555783,148.9467010498047,61270900
2014-01-23,148.1950154668642,148.2192597253594,146.94235433871364,147.7262725830078,132496900
2014-01-24,146.7646076467763,146.81309618119715,144.5259590974151,144.57444763183594,208677100
2014-01-27,144.7118063893436,145.08357229698672,143.1439449935912,143.86322021484375,180843100
2014-01-28,143.968300471696,144.9057864734195,143.9521335180739,144.71990966796875,110463200
2014-01-29,143.51575660787586,144.299687555417,142.9500364219635,143.3298797607422,216597300
2014-01-30,144.52593233024467,145.31794035323875,144.06526667501748,144.8491973876953,118938100
2014-01-31,143.05500163992997,144.89763900071898,142.98226887531743,144.0005645751953,194677900
2014-02-03,143.83097183171546,144.15423704755798,140.4851262874577,140.75990295410156,254837100
2014-02-04,141.39018966180214,142.10946479581946,140.7113257372448,141.74578857421875,165012400
2014-02-05,141.25286635136501,141.88324204707249,140.38812526387932,141.56805419921875,164230500
2014-02-06,141.89936323116532,143.4348907470703,141.60841974763085,143.4348907470703,132877600
2014-02-07,144.1056795830753,145.36643058642395,143.63693661202512,145.21287536621094,170787200
2014-02-10,145.22903621973353,145.52806933719015,144.83303838610053,145.4795684814453,92218800
2014-02-11,145.60081367609496,147.44345172393125,145.5038242886806,147.07168579101562,117814100
2014-02-12,147.28992056328536,147.75866362842999,146.85351140981922,147.1444549560547,94717700
2014-02-13,146.15037536347182,148.05766900451155,146.1422980522839,147.90411376953125,100542200
2014-02-14,147.7666993551056,148.99512868591864,147.62931109857206,148.72035217285156,96498400
2014-02-18,148.84967723809916,149.10022186640924,148.42134544109558,148.89817810058594,80460900
2014-02-19,148.51027321265508,149.47200369251962,147.7909977638801,147.9122314453125,126524300
2014-02-20,148.11424739691446,149.12446622667395,147.5727715839761,148.7850341796875,104998100
2014-02-21,149.06788672757,149.4234857255673,148.54257787347478,148.6153106689453,118116400
2014-02-24,148.93051246827528,150.4417960202654,148.86585697784605,149.43966674804688,114063900
2014-02-25,149.56084084140892,149.98917253989748,148.89005421334176,149.38304138183594,117085000
2014-02-26,149.60129540599002,149.99730565012425,148.97091980546517,149.39117431640625,98677200
2014-02-27,149.17292278315702,150.21546296602693,149.00320063015621,150.17506408691406,93880800
2014-02-28,150.15082887899678,151.24994737999018,149.55278726712885,150.55491638183594,150842000
2014-03-03,149.22951657663256,149.87605907660458,148.50216397152187,149.4962158203125,167748500
2014-03-04,150.9589623834111,151.9206923488554,150.92664081804938,151.59742736816406,167545900
2014-03-05,151.72678597031359,151.99348521248479,151.49240830366048,151.73486328125,88376900
2014-03-06,152.1066388000296,152.42990390265118,151.75911709952686,152.08238220214844,82516500
2014-03-07,152.71278141931558,152.71278141931558,151.4762620974227,152.1470489501953,114513500
2014-03-10,151.91266790914355,152.12278898654245,151.19339259477965,152.06622314453125,74939200
2014-03-11,152.29244148457002,152.51065210509432,150.9670354781653,151.31454467773438,99009100
2014-03-12,150.57920026365733,151.41161968380678,150.23975584780248,151.35504150390625,104824400
2014-03-13,151.80756984304514,151.92880347677726,149.23757958729226,149.65782165527344,155014300
2014-03-14,149.39108872565177,150.15885217546455,149.05973416010352,149.23753356933594,153919600
2014-03-17,149.98921101252145,150.9428640250065,149.9245555259315,150.58726501464844,98359500
2014-03-18,150.89440638883153,151.86421422270357,150.7327614733731,151.66217041015625,101804600
2014-03-19,151.67830314601898,151.8884365730781,149.8922430066597,150.85397338867188,176267300
2014-03-20,150.5226007250749,151.8480072932221,150.25590148290368,151.73486328125,117241000
2014-03-21,152.37211606992312,153.43549624631208,151.00838289188883,151.14637756347656,163128000
2014-03-24,151.66590649659875,151.85261611675173,149.86383785947143,150.52134704589844,121411000
2014-03-25,151.28434401494403,151.747042874135,150.39143529719541,151.2356414794922,103852000
2014-03-26,151.82823362956483,152.07175873150487,150.10734437860407,150.14793395996094,119843000
2014-03-27,149.96930871684563,150.44823344181953,149.27932318098993,149.83131408691406,142383000
2014-03-28,150.26155667060135,151.32493667027694,150.17226455838892,150.5700225830078,101642000
2014-03-31,151.5278742243247,152.03927563633482,150.59437589993132,151.80386352539062,99745000
2014-04-01,152.2990081957869,152.89970164851792,151.795732191676,152.81040954589844,89193000
2014-04-02,153.00521380124195,153.52472804917048,152.7210992214793,153.32179260253906,78774000
2014-04-03,153.5572011068172,153.59779067571844,152.6480542171766,153.11886596679688,77435000
2014-04-04,153.95498735125653,153.98745158062394,151.0651878757686,151.30870056152344,169381000
2014-04-07,150.94342552807677,151.19506357146167,149.32806684201242,149.6365203857422,140803000
2014-04-08,149.5716517435603,150.49703759387864,149.027785816165,150.25352478027344,112660000
2014-04-09,150.65933243897814,151.9175227326088,150.22098478696407,151.8688201904297,100254000
2014-04-10,151.86069226060837,151.9337460666765,148.49195558624794,148.6786651611328,172959000
2014-04-11,147.85064995133263,148.88967845737264,147.17690277556972,147.33924865722656,167251000
2014-04-14,148.49201197898617,148.8491805703384,147.28252388742143,148.50013732910156,132382000
2014-04-15,148.8084876486189,149.62834226945063,147.33922483376972,149.52281188964844,157093000
2014-04-16,150.55378589518034,151.09765153498006,149.88815152676295,151.08953857421875,105197000
2014-04-17,150.8865837296218,151.72267687020337,150.6268203841761,151.30056762695312,105255000
2014-04-21,151.34119399967653,151.87694674028907,151.15449679111194,151.82823181152344,68329000
2014-04-22,151.98243583799837,152.93217239570822,151.90126907791813,152.5181884765625,85790000
2014-04-23,152.46140952281195,152.54257630234505,152.0393001561542,152.1610565185547,73869000
2014-04-24,152.907817597541,152.92405590366147,151.7389072808338,152.469482421875,88170000
2014-04-25,151.97427126092674,152.06356333702672,150.87841508935387,151.21934509277344,100380000
2014-04-28,151.83637419808696,152.35588868740948,150.13983604863404,151.69837951660156,135121000
2014-04-29,152.18533676181895,152.6399101508873,151.8606450228261,152.40451049804688,84098000
2014-04-30,152.15293448593846,153.0133790921446,151.94187362209107,152.85914611816406,101508000
2014-05-01,152.7860740990731,153.28935015529095,152.3883160760045,152.8753662109375,93019000
2014-05-02,152.85910917304375,153.53285640979118,152.4288869739228,152.6561737060547,98122000
2014-05-05,151.90933590918723,153.05389463868997,151.48722677187232,152.9483642578125,75883000
2014-05-06,152.6074831297984,152.71301354448244,151.58469275508773,151.61715698242188,85454000
2014-05-07,152.12856634084216,152.5831398645524,150.99212014536693,152.5100860595703,106500000
2014-05-08,152.3721267216965,153.45985824639308,151.86072519590826,152.34776306152344,93618000
2014-05-09,152.37207673305127,152.63994065885026,151.65773990105828,152.57501220703125,83679000
2014-05-12,153.25683894802157,154.1335214904479,152.60744309590623,154.06045532226562,86940000
2014-05-13,154.26344530630013,154.57191123203614,154.04428388283512,154.19851684570312,66454000
2014-05-14,154.0604635258058,154.13352969787874,153.24872176398625,153.4678955078125,72367000
2014-05-15,153.159420245972,153.1918968507154,151.3735909571471,152.12039184570312,154956000
2014-05-16,152.20972371382078,152.7130121293279,151.56845304377302,152.6480712890625,97458000
2014-05-19,152.3558896808594,153.32997780641543,152.2178949984742,153.20822143554688,63839000
2014-05-20,153.13509610947057,153.15133441471846,151.8525548774346,152.2421875,111644000
2014-05-21,152.6805312422395,153.59780355428848,152.6561799760965,153.52474975585938,89093000
2014-05-22,153.5652999716622,154.21469585588756,153.30554904968983,153.8981170654297,61549000
2014-05-23,154.0360929144061,154.62054790039483,153.8980983185747,154.51502990722656,61092800
2014-05-27,155.09140650590948,155.5135157649673,155.00211440084337,155.46481323242188,72010000
2014-05-28,155.4648702196366,155.7083953578288,155.09146335624814,155.35122680664062,66723000
2014-05-29,155.70835223589646,156.17915168349413,155.31059420746433,156.15480041503906,64377000
2014-05-30,156.0086722568332,156.503835293869,155.8787905847128,156.4064178466797,76316000
2014-06-02,156.6255657603999,156.6580423661669,155.8300623258507,156.58497619628906,64656000
2014-06-03,156.20344659223494,156.58496617530784,156.05733903422154,156.50379943847656,65047000
2014-06-04,156.23597935578314,156.90972668326003,156.07363343756936,156.8204345703125,55529000
2014-06-05,156.99899460722983,158.00554657679476,156.42265244223884,157.84320068359375,92103000
2014-06-06,158.18413299486167,158.6387064566823,158.11107919982575,158.59812927246094,78696000
2014-06-09,158.57380085947904,159.14201776864044,158.42768086215202,158.760498046875,65119000
2014-06-10,158.56562684473332,158.8091518414013,158.22469680387647,158.7766876220703,57129000
2014-06-11,158.20852365344007,158.38710789879352,157.86759347218373,158.22476196289062,68772000
2014-06-12,158.0379719288977,158.1272639991268,156.75541873205864,157.10446166992188,106350000
2014-06-13,157.4129790778597,157.7376832516662,156.90970309120675,157.5834503173828,82017000
2014-06-16,157.38859563229565,158.046104418793,157.20189851190392,157.71328735351562,87424000
2014-06-17,157.49410263921922,158.26525465230387,157.32363145985423,158.151611328125,84834000
2014-06-18,158.1517298906206,159.40180739374068,157.8026743135542,159.31251525878906,105267000
2014-06-19,159.45043826417188,159.58844527213316,158.93904934497448,159.49102783203125,85929000
2014-06-20,159.8882079095892,159.94530807629624,159.61904807842672,159.81480407714844,100587000
2014-06-23,159.85569595638603,159.9046318776875,159.47234797878485,159.76597595214844,70611000
2014-06-24,159.48047315222843,160.2716369358,158.62405733598,158.80349731445312,96237000
2014-06-25,158.46905327404014,159.6843488015205,158.4364334870733,159.52122497558594,82782000
2014-06-26,159.5456687928006,159.561984906591,158.3385377288267,159.40701293945312,84312000
2014-06-27,159.0318400031828,159.7659158833713,158.95843614882898,159.71697998046875,71445100
2014-06-30,159.61909037853667,160.00243819915661,159.4804345097773,159.63540649414062,70201200
2014-07-01,160.02691223994677,161.19327186179873,159.96982450148485,160.70388793945312,90470000
2014-07-02,160.720196691884,161.07091227857435,160.64679284056038,160.86700439453125,52475000
2014-07-03,161.32376068108738,161.73157646084655,161.2014209253796,161.65817260742188,52938800
2014-07-07,161.3482694902469,161.47876110413068,160.85888549013833,161.0954132080078,61696000
2014-07-08,160.8018010351752,160.85890123384902,159.66807335466297,160.05958557128906,108143000
2014-07-09,160.45920214554715,160.9241181341996,160.1166383649588,160.7772979736328,72992000
2014-07-10,159.22762499837108,160.56526051819304,159.09712093654642,160.14112854003906,99040000
2014-07-11,160.04320184425634,160.47548551098006,159.6843220200597,160.36129760742188,64243000
2014-07-14,161.17692929982013,161.38083715974878,161.03827344853443,161.1687774658203,58658000
2014-07-15,161.26666832765358,161.57661229397496,160.1574089406371,160.86700439453125,111307000
2014-07-16,161.58477261996293,161.70711237859774,161.02198483914242,161.46243286132812,79986400
2014-07-17,160.9649089498326,161.57663267913946,159.39888525072203,159.6272735595703,145398000
2014-07-18,160.14923987781853,161.42162294608454,160.0595199206691,161.2584991455078,124330000
2014-07-21,160.75283342746417,161.08724537948797,160.2145135698967,160.9567413330078,67592000
2014-07-22,161.5032006198254,161.95180046667048,161.38901269931483,161.65817260742188,67678000
2014-07-23,161.90284090477,162.18831688710344,161.5765933068587,162.01702880859375,65612000
2014-07-24,162.1720276748297,162.35961945246922,161.86208369351644,162.02520751953125,56888000
2014-07-25,161.5684422727416,161.70709813549834,160.94856680767333,161.26666259765625,76837000
2014-07-28,161.29932271809912,161.56848267624736,160.3695030652017,161.3319549560547,69259000
2014-07-29,161.63369755315998,161.86207338414494,160.61415814856653,160.6386260986328,80466000
2014-07-30,161.20960346937582,161.42167568040014,159.9943201793463,160.6631317138672,104222000
2014-07-31,159.54573680612287,159.68439271857847,157.3924693531556,157.49034118652344,183479000
2014-08-01,157.05803014649587,158.0367856474424,156.2505627698519,157.00909423828125,189261000
2014-08-04,157.31087448658664,158.47723423359307,156.642062996202,158.142822265625,91340000
2014-08-05,157.49846868886766,157.90628449340065,156.0384811391311,156.6094207763672,152690000
2014-08-06,155.8753439591924,157.32716710336967,155.8508760086596,156.65835571289062,94818000
2014-08-07,157.3679174871658,157.52288943773712,155.41855902347038,155.81005859375,135733000
2014-08-08,156.1608323801514,157.71867928519558,155.74485229695298,157.61265563964844,117014000
2014-08-11,158.20806811494617,158.77085593039433,157.996008371748,158.0694122314453,74544000
2014-08-12,157.9144188851005,158.35485442930118,157.36794726085824,157.8491668701172,73632000
2014-08-13,158.4690636892523,159.09710352820534,158.19991620382342,158.91766357421875,69047000
2014-08-14,159.1786278921973,159.66799926757812,159.03180776769977,159.66799926757812,57371000
2014-08-15,160.24713015101713,160.39393785480368,158.48536303228084,159.63540649414062,139951000
2014-08-18,160.5163164895673,161.04647210128712,160.42659650729374,160.9730682373047,75424000
2014-08-19,161.3645410326249,161.93548062203143,161.03829339454967,161.81314086914062,59135000
2014-08-20,161.59296024280363,162.44122424236778,161.5603404484602,162.24546813964844,72763000
2014-08-21,162.38410914046244,162.93058087581412,162.25360508396156,162.71852111816406,67791000
2014-08-22,162.5880227621875,162.87349884009836,162.098651201479,162.46568298339844,76107000
2014-08-25,163.24056908183778,163.60760095023073,162.43308901492915,163.2895050048828,63855000
2014-08-26,163.39547729492188,163.79514125289558,163.35469322646736,163.39547729492188,47298000
2014-08-27,163.47711479207607,163.591315219116,163.07746307966246,163.33030700683594,47874000
2014-08-28,162.79187872733777,163.34651458709695,162.62875492583743,163.240478515625,58330000
2014-08-29,163.49340260637115,163.72177852979257,162.97956300145015,163.70547485351562,65907000
2014-09-02,163.9174528919711,163.94192083973616,163.01210148801928,163.6238250732422,72426000
2014-09-03,164.25189369341865,164.276361645492,163.30575806141465,163.5341339111328,57462000
2014-09-04,163.81146217153196,164.41503408977792,162.84902277153205,163.29762268066406,85236000
2014-09-05,163.26502708669824,164.09697506439335,162.64515135667207,164.03172302246094,102177000
2014-09-08,163.87673444161769,164.11327462544747,163.12635470344821,163.60757446289062,64146000
2014-09-09,163.46072118959793,163.574909108264,162.23727387008293,162.57168579101562,88591000
2014-09-10,162.6613640833712,163.28940374595166,162.12305681813544,163.18338012695312,67251000
2014-09-11,162.5309482361315,163.39551593138114,162.40859600183657,163.3710479736328,66774400
2014-09-12,163.20789647614876,163.2242001481853,161.95181677847015,162.41673278808594,117409300
2014-09-15,162.44122326371507,162.5717273314084,161.8050314906513,162.29440307617188,76401000
2014-09-16,161.99262536503647,163.8114807164625,161.90290537305296,163.51785278320312,116201000
2014-09-17,163.75432270485328,164.49653783402547,162.92237517664472,163.73800659179688,151266000
2014-09-18,164.23562846100754,164.63529254461506,164.02356866215385,164.61082458496094,94990000
2014-09-19,165.13439836460185,165.44577865746382,164.12647299787486,164.4624481201172,121649000
2014-09-22,164.17564955605255,164.20023188161738,162.84814145692087,163.1923065185547,125553000
2014-09-23,162.60232856217766,163.28246884047158,162.20899879410538,162.25816345214844,111393000
2014-09-24,162.28271591214002,163.63480627810358,161.8566139517081,163.5282745361328,107276000
2014-09-25,163.10217590060518,163.1103783453839,160.83232436026083,160.88967895507812,150300000
2014-09-26,161.1846839122393,162.56954671628225,160.95524051906705,162.1680145263672,103547000
2014-09-29,160.77491856549196,162.1597809972903,160.6520069606617,161.8729705810547,95112000
2014-09-30,161.9958949049957,162.4957562715096,161.11089383786995,161.44686889648438,131302000
2014-10-01,161.18465837729127,161.2420254683598,158.89841474903852,159.25897216796875,177798000
2014-10-02,159.1197009773437,159.84081602056818,157.62012879094627,159.28359985351562,157285000
2014-10-03,160.34881261685396,161.38132016676158,159.85715366788673,161.0371551513672,121569000
2014-10-06,161.70909740371388,161.92216087435153,160.26688027379856,160.8486785888672,104778000
2014-10-07,160.02103366185128,160.3815910457498,158.33298091334825,158.36575317382812,147913000
2014-10-08,158.45592716555933,161.364956690362,157.6282929924508,161.13551330566406,186461000
2014-10-09,160.88143709959485,161.1026904738699,157.80852219358556,157.93963623046875,210705000
2014-10-10,157.89871449477738,158.68537397249938,156.09593964596027,156.13690185546875,221909000
2014-10-13,156.0713439923961,156.63674997335028,153.48189738323353,153.57203674316406,230939000
2014-10-14,154.39966264360115,155.54689193652553,153.26882573444396,153.80966186523438,215847000
2014-10-15,151.7282664535594,153.80145894286636,149.07326317501716,152.76895141601562,380715000
2014-10-16,150.0074419733047,153.71133297987618,149.8681379702252,152.6378631591797,270391000
2014-10-17,154.3996991108919,155.48956156990567,153.74414114634692,154.440673828125,214625000
2014-10-20,154.16203893748428,156.06314294983048,154.11287428684895,155.9402313232422,130011000
2014-10-21,157.071072455761,159.13607552751117,156.90718610168847,159.02955627441406,154949000
2014-10-22,159.3080802723374,159.71780219320425,157.83307885647264,157.8986358642578,151822000
2014-10-23,159.48024246117586,160.77496592961484,159.1852420189527,159.73426818847656,154944000
2014-10-24,159.99645615523556,161.01257131282466,159.3736831575854,160.96339416503906,117927000
2014-10-27,160.38978951896357,160.9797902687859,159.81618115211535,160.74215698242188,82954000
2014-10-28,161.28300900002006,162.59411218164377,161.20924952122132,162.58592224121094,106736000
2014-10-29,162.70066062507817,163.16773735220514,161.26663316742224,162.34010314941406,142557000
2014-10-30,161.90578107010916,163.8478597573474,161.7582746171517,163.3807830810547,113330000
2014-10-31,165.3474442898391,165.38022905885788,164.51981017613906,165.24911499023438,146903000
2014-11-03,165.46222135803015,165.89652591495735,164.9623597448477,165.3393096923828,93600000
2014-11-04,164.89671127731467,165.19991405737946,163.93796330556208,164.76560974121094,93343000
2014-11-05,165.97022178750694,166.01119649801052,165.07703061566906,165.80633544921875,91709000
2014-11-06,165.84731965081193,166.56023214021343,165.2327364692653,166.4700927734375,107089000
2014-11-07,166.48650467878446,166.83887224612195,166.02761785002446,166.6258087158203,89540000
2014-11-10,166.65856376537008,167.19938742924273,166.45370271737593,167.1502227783203,66319000
2014-11-11,167.21577287508714,167.42063391458004,166.87979776942467,167.31410217285156,54499400
2014-11-12,166.63391255309992,167.36321708231392,166.60112779688754,167.13377380371094,90120300
2014-11-13,167.2977595890239,167.84678579681537,166.5192899661473,167.3223419189453,85357900
2014-11-14,167.24860531170287,167.56818812424837,166.93721244173014,167.3633270263672,80417500
2014-11-17,167.043716106025,167.6419069101387,166.87981725231535,167.46981811523438,80441000
2014-11-18,167.52718396323064,168.73995794851413,167.52718396323064,168.436767578125,76068100
2014-11-19,168.24005250410772,168.43672357347285,167.4124185316781,168.1663055419922,82373000
2014-11-20,167.37967708147525,168.56788124041037,167.3141200413892,168.4613494873047,72840300
2014-11-21,170.14941924650242,170.31330561085662,168.789138665279,169.3627471923828,142327300
2014-11-24,169.76428096502727,169.94455971858326,169.5512299397921,169.83802795410156,65880800
2014-11-25,170.06745818349572,170.2723192508624,169.46107742647573,169.71510314941406,79108300
2014-11-26,169.86261878889064,170.24775864497818,169.6495677529879,170.14942932128906,62167800
2014-11-28,170.02647943528194,170.3378597248582,169.55120030477224,169.78883361816406,57890100
2014-12-01,169.1332694452952,169.247991127426,168.2974454056534,168.60882568359375,103968400
2014-12-02,168.64985784680798,169.90360683711515,168.62527551395723,169.69874572753906,74507200
2014-12-03,169.87079420282367,170.56731430766314,169.70690785484538,170.35426330566406,68952000
2014-12-04,170.06742968598317,170.66563290513906,169.37909961586632,170.165771484375,91316600
2014-12-05,170.33780422634803,170.8294755815027,170.075588672995,170.4443359375,91025500
2014-12-08,170.05104074937088,170.5426997002443,168.74811514580375,169.3053436279297,108588200
2014-12-09,167.46977529879453,169.297144519898,167.0928380405775,169.19061279296875,125180100
2014-12-10,168.73174282878125,168.7890974156109,166.2897903328881,166.478271484375,159856400
2014-12-11,167.06831617393877,168.96123060025533,166.92901213647482,167.3223419189453,159012800
2014-12-12,166.0521300131226,167.01908042546944,164.58533076930692,164.61810302734375,202330200
2014-12-15,165.51133282276095,165.96202962481365,162.88911393408057,163.4873046875,189965800
2014-12-16,162.7252346227588,165.85550503958038,162.13523378436992,162.17620849609375,259543800
2014-12-17,162.61049107357402,165.80631809881567,162.4875669549264,165.35562133789062,253910100
2014-12-18,167.77304117158195,174.5170646891766,167.10109080098502,169.4447021484375,257633900
2014-12-19,170.0914523327618,170.8330299608426,169.41580612698328,170.16561889648438,245084600
2014-12-22,170.35515287325197,170.9484100341797,170.11620800944846,170.9484100341797,148318900
2014-12-23,171.52515693368989,171.57459292707966,170.89069901547305,171.17909240722656,122167900
2014-12-24,171.4016246915783,171.66528760272422,171.1544320686209,171.1956329345703,42963400
2014-12-26,171.64054568327762,172.08549485715466,171.5911096801218,171.74766540527344,57326700
2014-12-29,171.5664252761834,172.18440058212315,171.50050640148774,171.97840881347656,79643900
2014-12-30,171.55813172189147,171.68995685366104,170.98134490786558,171.05551147460938,73540800
2014-12-31,171.37686785757063,171.54165871129243,169.23454904097866,169.35813903808594,130333800
2015-01-02,170.05029571624917,170.4622791732047,168.23755844745486,169.26751708984375,121465900
2015-01-05,168.22930272544193,168.39409357351823,165.90572285027358,166.21058654785156,169632600
2015-01-06,166.51550733869482,167.03461063221943,163.85409714017257,164.64511108398438,209151400
2015-01-07,165.96344714809652,167.0346068627928,165.51851045850196,166.69677734375,125346700
2015-01-08,168.09742769299845,169.86896349148478,168.08095741276298,169.65472412109375,147217800
2015-01-09,170.06676614689192,170.0832490055506,167.68550226657175,168.2952423095703,158567300
2015-01-12,168.42708807890264,168.5836438117954,166.37540583732635,166.97689819335938,144396100
2015-01-13,168.18813502289086,169.30873061252777,165.21361373830064,166.5072479248047,214553300
2015-01-14,164.50499337901047,165.69975549175481,163.61512015411023,165.5019989013672,192991100
2015-01-15,166.1365168909323,166.44961588940052,163.87060700457587,163.9859619140625,176613900
2015-01-16,163.77985321263162,166.29295398929736,163.59857954528306,166.1363983154297,211879600
2015-01-20,166.77088362357995,167.0345590476675,164.93344108813844,166.49073791503906,130991100
2015-01-21,166.02929258442245,167.80906370104665,165.56787323701636,167.33116149902344,122942700
2015-01-22,168.0810094473482,169.95140522448418,166.71322140038436,169.819580078125,174356000
2015-01-23,169.56415037861913,169.8195906901065,168.75666630098573,168.8885040283203,117516800
2015-01-26,168.6742539205843,169.3746181767097,167.96564194967536,169.2839813232422,92009700
2015-01-27,167.24061060548942,168.18816778282573,166.22713454854198,167.0511016845703,134044600
2015-01-28,168.22932283050397,168.3281948366188,164.71922831331804,164.9087371826172,168514300
2015-01-29,165.10651804313372,166.68853323726023,163.70576402928936,166.43310546875,173585400
2015-01-30,165.26306151853458,166.58140112937033,164.07654706786562,164.3402099609375,197729700
2015-02-02,164.83459774969754,166.46604885850147,163.03010804215847,166.3754119873047,163107000
2015-02-03,167.26532139923785,168.7896655642383,166.89453871856588,168.7814178466797,124212900
2015-02-04,168.02333226827574,169.2263294995467,167.68550281472338,168.13868713378906,134306700
2015-02-05,168.79783543378144,169.9843496112907,168.72368144087096,169.83602905273438,97953200
2015-02-06,170.19861139612718,170.7589154606612,168.84730609932362,169.3664093017578,125672000
2015-02-09,168.72370752551697,169.44055471328016,168.2046043494196,168.6083526611328,87219000
2015-02-10,169.63831882609458,170.6600297923435,168.6495484329355,170.40460205078125,96164200
2015-02-11,170.23980087623477,170.9319300513803,169.5971077032086,170.5034637451172,91087800
2015-02-12,171.29444271671267,172.20081114732452,170.53639483508027,172.14312744140625,97545900
2015-02-13,172.26675145476713,172.90119686249804,172.0113111759659,172.8517608642578,93670400
2015-02-17,172.53868091400219,173.29674160106663,172.29150087771853,173.1237030029297,76968200
2015-02-18,172.75296268946624,173.21438230053258,172.4892871558618,173.14022827148438,80652900
2015-02-19,172.54688600169723,173.37908792130824,172.4068131581628,173.01654052734375,91462500
2015-02-20,172.60454381247052,174.1288872632071,171.98656877666934,174.0547332763672,140896400
2015-02-23,173.80755474570321,174.030029296875,173.42852449454887,174.030029296875,74411100
2015-02-24,173.9559205595038,174.72221645817518,173.65929191691157,174.5244598388672,72472300
2015-02-25,174.40086241395255,174.87876479412583,174.03831491363218,174.3761444091797,73061700
2015-02-26,174.28547509764192,174.4420308138925,173.56861537442805,174.1701202392578,72697900
2015-02-27,174.07127699042695,174.33495248517968,173.52746828479377,173.576904296875,108076000
2015-03-02,173.67576962994886,174.73044642284773,173.6263336197722,174.6727752685547,87491400
2015-03-03,174.2442955672373,174.72219791696278,173.09898198568862,173.95590209960938,110325800
2015-03-04,173.36260702480507,173.43677359094355,172.2584945472415,173.2225341796875,114497200
2015-03-05,173.543858194635,173.69217873492178,172.90941290312435,173.4120330810547,76873000
2015-03-06,172.55508258889304,172.9835487380938,170.64348662883177,170.9730682373047,188128000
2015-03-09,171.1709223977097,172.0360777566986,171.01436664391485,171.68177795410156,89818900
2015-03-10,170.3222002786125,170.40458942344534,168.85552765684014,168.896728515625,157121300
2015-03-11,169.15216429988467,169.32520288593318,168.41883424041714,168.50123596191406,110145700
2015-03-12,169.12740062508254,170.70941518324733,169.0779646346296,170.6435089111328,93993500
2015-03-13,170.37165315238914,171.32744527807324,168.56716348444633,169.5971221923828,162410900
2015-03-16,170.32222285394192,171.9536739816204,169.6218458799786,171.863037109375,136099200
2015-03-17,171.12968301520186,171.73117531616833,170.54466099943568,171.35215759277344,94510400
2015-03-18,170.8824493374302,174.07944408051077,170.24799147318575,173.4120330810547,228808500
2015-03-19,173.0000782410441,173.42029679107185,172.23378256424542,172.6210479736328,117917300
2015-03-20,173.56544166464516,174.64965461375428,173.38335875102342,174.14479064941406,177715100
2015-03-23,174.15299866764275,174.72407553915954,173.80538940429688,173.80538940429688,71784500
2015-03-24,173.68131553829699,174.13651020417512,172.7626290448638,172.82884216308594,77805300
2015-03-25,173.035703232279,173.2674427644094,170.2548162178568,170.2961883544922,159521700
2015-03-26,169.63411811581813,170.80108792219932,168.93888674510126,169.89068603515625,153067200
2015-03-27,169.77484484187508,170.4535072626137,169.58447737448242,170.2797088623047,118939000
2015-03-30,171.30594307303178,172.6550083422736,171.28939926730735,172.3570556640625,96180400
2015-03-31,171.53765469925668,172.2328859210729,170.79277943949455,170.8507080078125,126768700
2015-04-01,170.81761319897427,170.84244153316453,169.26163690247668,170.2465362548828,137303600
2015-04-02,170.1803187364033,171.3059161629543,169.9982358711629,170.85899353027344,86900900
2015-04-06,169.97337281840154,172.5225197822143,169.84095927615712,172.00938415527344,114368200
2015-04-07,172.03421937779117,172.7790945195781,171.52108373028707,171.55418395996094,81236300
2015-04-08,171.77770943669464,172.57224150514753,171.38871530546015,172.1335906982422,89351900
2015-04-09,171.96810678876582,173.12680493733004,171.4797991853611,172.8950653076172,85548900
2015-04-10,173.14332799781496,173.87993152787084,172.94470128427375,173.8385467529297,72722900
2015-04-13,173.69788459813583,174.32690299826146,173.00266569902493,173.0523223876953,74436600
2015-04-14,172.85362386603953,173.5653989088068,172.23289025765612,173.38331604003906,75099900
2015-04-15,173.846819433349,174.66617982856766,173.76404988910943,174.16131591796875,99529300
2015-04-16,173.83026756672515,174.61652774222532,173.63162823264585,174.11166381835938,68934900
2015-04-17,172.9281070316124,173.1681184676077,171.33074599599726,172.10873413085938,191113200
2015-04-20,173.02745832216522,174.0123578736731,172.94470140108723,173.68130493164062,92189500
2015-04-21,174.35995399162735,174.51720854723484,173.17642781644966,173.47438049316406,72559800
2015-04-22,173.81366442620546,174.50889559423757,172.8949782748459,174.32681274414062,78264600
2015-04-23,173.92954311314637,175.4110343214699,173.81367335066773,174.76547241210938,102585900
2015-04-24,175.17930503845338,175.43587291116663,174.7240978632245,175.1710205078125,61327400
2015-04-27,175.73387326822882,175.8580149729737,174.25238157101384,174.4427490234375,79358100
2015-04-28,174.41790446824817,175.04691009525052,173.25092203668677,174.99725341796875,86863500
2015-04-29,174.1116825690308,174.87311448837966,173.47440498267443,174.2772216796875,125684900
2015-04-30,173.70613818403748,174.09513234780124,171.8356523849537,172.5308837890625,161304900
2015-05-01,173.30886965187145,174.44275196606677,173.20955628640024,174.4013671875,103399700
2015-05-04,174.8234058131989,175.47725227079633,174.71582057790178,174.8979034423828,70927200
2015-05-05,174.6579535033052,175.0138474817759,172.75436714878174,172.8950653076172,113326200
2015-05-06,173.4412512361962,173.747475786797,171.12384315058932,172.1832275390625,135060200
2015-05-07,172.08390294042215,173.29226988854677,171.75285007650547,172.8701629638672,88244900
2015-05-08,174.53376057319656,175.3448490392088,174.4509910316435,175.14620971679688,155877300
2015-05-11,175.10487809661078,175.36971795892208,174.23584822463388,174.31033325195312,75708100
2015-05-12,173.48265481073378,174.32685617798512,172.66328178114927,173.78887939453125,119727600
2015-05-13,174.19445924084596,174.81519304458476,173.59028187462144,173.822021484375,94667900
2015-05-14,174.8317201480531,175.72557819092486,174.55859580477068,175.63453674316406,95934000
2015-05-15,175.8249053955078,175.96560352970437,175.34486978120518,175.8249053955078,76510100
2015-05-18,175.65937957905905,176.61943818239672,175.59316646350808,176.37115478515625,74549700
2015-05-19,176.48698235205978,176.76010665253426,176.03177518460228,176.31317138671875,72114600
2015-05-20,176.41249615622908,176.93391645719115,175.87453205091077,176.1890411376953,76857500
2015-05-21,176.04834506739874,176.90909017165316,175.88280599105198,176.70217895507812,64764600
2015-05-22,176.32149299834063,176.73531551654153,176.21390773123392,176.28012084960938,57433500
2015-05-26,175.79179009395935,176.2138971195759,173.97097364929775,174.38479614257812,124308600
2015-05-27,174.84000214283043,176.27182442311454,174.43445155596746,176.0400848388672,93214000
2015-05-28,175.73387854051526,175.9490617114826,175.1545295195559,175.8414764404297,74974600
2015-05-29,175.77521603787758,175.81658817699767,174.48409210164976,174.74893188476562,124919600
2015-06-01,175.41109829212778,175.7421512688393,174.31860073702902,175.10487365722656,93338800
2015-06-02,174.64966450089207,175.61800770786652,174.02893070445757,174.93106079101562,91531000
2015-06-03,175.46074436711126,176.0152650154497,174.90622371877285,175.39453125,87820900
2015-06-04,174.69105910126686,175.34489318023878,173.5985614962661,173.91307067871094,151882800
2015-06-05,173.76402126999574,174.28544152933597,172.9612048127622,173.61505126953125,121704700
2015-06-08,173.50749553760943,173.656478203108,172.4729392980871,172.54742431640625,89063300
2015-06-09,172.52255249023438,173.0605291764976,171.8935470015442,172.52255249023438,105034700
2015-06-10,173.28402474351776,174.9724275682748,173.22609616215163,174.59170532226562,134551300
2015-06-11,175.03040191811866,175.53526599111441,174.79866227433666,175.15455627441406,73876400
2015-06-12,174.33514109075904,175.03035985503084,173.54059633954816,173.813720703125,135382400
2015-06-15,172.67980781976254,173.35019807648044,171.9763046994113,173.0688018798828,124384200
2015-06-16,172.91986216752656,174.0951291699091,172.74606379131728,174.01235961914062,85308200
2015-06-17,174.293701171875,174.89789091932678,173.27570168706376,174.293701171875,126708600
2015-06-18,174.8896536289997,176.56977187934456,174.32686112078122,176.10629272460938,165867900
2015-06-19,175.86507165665026,175.93991896540587,174.9502289153498,175.32447814941406,130478700
2015-06-22,176.23940003436905,176.80493020819955,176.0148453169754,176.22276306152344,70696000
2015-06-23,176.4306147697586,176.68011850788776,175.95656908857174,176.34744262695312,68476800
2015-06-24,176.08133551629476,176.4555848227745,175.04174705924612,175.0666961669922,92307300
2015-06-25,175.5657154739561,175.69046102105045,174.45959175865744,174.53443908691406,97107400
2015-06-26,174.89200265232557,175.13319422979956,173.9522235157458,174.50112915039062,104174800
2015-06-29,173.02906400961442,174.50943660371323,170.76691905205735,170.84176635742188,202621300
2015-06-30,172.3720785092808,172.42198941511714,170.7253739447675,171.19943237304688,182925100
2015-07-01,172.7629359645567,173.01243969096117,171.78988285283728,172.5716552734375,135979900
2015-07-02,173.04569773601827,173.21202930825547,171.99778471938143,172.4136199951172,104373700
2015-07-06,171.1329345465305,172.69646729958498,170.93332895047834,171.9230194091797,117975400
2015-07-07,172.12253589609927,173.1288501157765,169.75226984496464,173.0041046142578,173820200
2015-07-08,171.67345000139576,171.9562149700581,169.86872625629306,170.10159301757812,164020100
2015-07-09,172.18904550723008,172.44687400825006,170.30116271042243,170.40927124023438,144113100
2015-07-10,172.39704947359968,172.97090440572762,170.45094267878432,172.55506896972656,129456900
2015-07-13,173.81084688390231,174.56765750105313,173.76926081497862,174.4595489501953,106069400
2015-07-14,174.4180032755056,175.5241269755584,174.35978022747096,175.21640014648438,81709600
2015-07-15,175.2579995688983,175.71542108724967,174.68414463590213,175.158203125,97914100
2015-07-16,176.20609564533783,176.563720703125,175.96491668705937,176.563720703125,106683300
2015-07-17,176.55537469499166,176.7716172078095,176.1478641567518,176.71339416503906,89030000
2015-07-20,176.93795623306366,177.29556857265433,176.48885960120506,176.8048858642578,70446800
2015-07-21,176.67182277991859,176.92965138896886,175.80689072759588,176.10629272460938,77965000
2015-07-22,175.4243307306454,176.1229439069139,175.3910694795328,175.79026794433594,88667900
2015-07-23,175.92332831501918,176.0231247529665,174.44295526411543,174.80056762695312,90509100
2015-07-24,174.90033274412136,174.95854308817965,172.6548246233276,172.98748779296875,117755000
2015-07-27,172.10595940751654,172.61327910909745,171.5404166579117,171.981201171875,132361100
2015-07-28,172.8128782471972,174.23504096722047,171.98953223744314,174.09365844726562,123544800
2015-07-29,174.2184124820789,175.51581702512468,174.07702995523832,175.29127502441406,105791300
2015-07-30,174.78390378320347,175.4991410372666,174.16846294449763,175.3328094482422,91304400
2015-07-31,175.83183174854534,175.8567808562914,174.78393115234425,175.0666961669922,103266900
2015-08-03,175.03341153626167,175.09162188312953,173.5280769917199,174.47618103027344,113965700
2015-08-04,174.40136670830458,174.85878819288368,173.65286805374927,174.13523864746094,81820800
2015-08-05,175.02510217498823,175.74033950870202,174.42629823558653,174.70907592773438,85786800
2015-08-06,174.89208706813392,175.00020835782928,172.69647616007714,173.27865600585938,116030800
2015-08-07,173.1205792856466,173.27027392318615,172.04771695546134,172.9459228515625,117858000
2015-08-10,174.05207644959614,175.2080984366142,174.05207644959614,175.12493896484375,80270700
2015-08-11,173.7942272588926,174.21006260904733,172.78790012779152,173.5447235107422,126081400
2015-08-12,172.24727246587597,173.93556251373698,170.79184913563134,173.75259399414062,172123700
2015-08-13,173.59470940291087,174.27668581296084,172.99590518101624,173.5364990234375,89383300
2015-08-14,173.34509856164604,174.24330434022679,173.20371608126106,174.16845703125,72786500
2015-08-17,173.57797789864932,175.14151000976562,173.12055652693192,175.14151000976562,79072600
2015-08-18,174.86709837687528,175.21639859111397,174.40136475789032,174.6342315673828,71692700
2015-08-19,173.89402415455712,174.65915967808638,172.44692525387063,173.25364685058594,172946000
2015-08-20,171.74831758337973,173.22869046496726,169.57765647426504,169.63587951660156,194327900
2015-08-21,167.77296077441142,169.61095897780012,164.27163352406336,164.52944946289062,346588500
2015-08-24,155.9299546251587,164.23833735657138,151.69674083211345,157.6016082763672,507244300
2015-08-25,162.53338624367746,162.55002320967176,155.45587370236655,155.74696350097656,369833100
2015-08-26,159.74725909261264,162.00107887075853,156.66175618702252,161.7266387939453,339257000
2015-08-27,163.85576123020783,165.8517657897878,162.3504393270672,165.72702026367188,274143900
2015-08-28,165.08664937112624,166.2010851675592,164.60427879723235,165.7353515625,160414400
2015-08-31,164.76226889448333,165.61057648973326,163.84742612604842,164.39633178710938,163298800
2015-09-01,160.6122191096949,161.9844831873683,158.62452692168858,159.48947143554688,256000400
2015-09-02,161.8598184558341,162.5584317943942,160.03014465262876,162.516845703125,160269300
2015-09-03,163.22370363788403,164.71240144906955,162.14254176999756,162.6332244873047,152087800
2015-09-04,160.38775136267458,161.22773447241386,159.35647479315662,160.1715087890625,207081000
2015-09-08,162.95755041138966,164.3464388844528,162.31716045281516,164.1967315673828,116025700
2015-09-09,165.76864030237743,165.89338585405417,161.63523515295364,162.00115966796875,149347700
2015-09-10,161.80984341832135,164.02209044473517,161.55202754123692,162.88270568847656,158611100
2015-09-11,162.4918368070718,163.6894447293928,161.7849115864469,163.62290954589844,119691200
2015-09-14,163.79753478393275,163.8474329933412,162.53339182100814,163.01576232910156,79452000
2015-09-15,163.51473399971422,165.494113808081,162.97415326244177,165.05332946777344,113806200
2015-09-16,165.3527657750819,166.67511907131598,165.01177776074618,166.48382568359375,99581600
2015-09-17,166.35078023734928,168.73767113237793,165.73533933874756,166.10958862304688,276046600
2015-09-18,163.61253891919336,166.09543160282377,162.98554285368914,163.39517211914062,223657500
2015-09-21,164.22277848965334,165.25940361212471,163.19450872078528,164.239501953125,105726200
2015-09-22,162.08260246227937,162.56748075732094,160.97908370330285,162.10768127441406,153890900
2015-09-23,162.27484796807792,162.74300271743422,161.27165739713433,161.84849548339844,92790600
2015-09-24,160.6363402979542,161.72313571426344,159.30711208604234,161.26333618164062,159378800
2015-09-25,162.71796688143738,163.01892540782544,160.3521009460491,161.22154235839844,155054800
2015-09-28,160.32701080110434,160.43569415903292,156.86599437037327,157.17530822753906,178515900
2015-09-29,157.39267977135148,158.62159264192638,156.2724375057759,157.26727294921875,159045600
2015-09-30,159.14826840780825,160.36882598691992,158.3707996481362,160.20162963867188,163452000
2015-10-01,160.5778418844145,160.92060272676466,158.68849870907687,160.61964416503906,131079000
2015-10-02,158.64668826178934,163.04401497305727,158.10328415417325,163.01893615722656,211003300
2015-10-05,164.23951616905288,166.14558296932097,164.13083278147752,165.91986083984375,126320800
2015-10-06,165.78610019265616,166.34621508818907,164.69094922107192,165.35137939453125,110274500
2015-10-07,166.27929262132514,167.05677410065115,165.09218202151945,166.70565795898438,124307300
2015-10-08,166.32112376893247,168.4947148399356,166.02016520150534,168.21047973632812,153055200
2015-10-09,168.35256277089263,168.78727069095308,167.68376467414845,168.31076049804688,107069200
2015-10-12,168.38599994500169,168.67023499541276,167.95964736938504,168.4696044921875,56395600
2015-10-13,167.74232122389955,169.0046813079341,167.24073208824555,167.40792846679688,88038700
2015-10-14,167.34936598496148,167.926204207173,166.31274101172406,166.60533142089844,99106200
2015-10-15,167.26575659835083,169.17182275874816,166.89791703121068,169.16346740722656,134142200
2015-10-16,169.56479276714617,169.94934315442046,168.8040345903975,169.93263244628906,114580100
2015-10-19,169.28890886262784,170.01622009277344,168.97959493831587,170.01622009277344,76523900
2015-10-20,169.58145892755792,170.40908516969702,169.33065807141278,169.79881286621094,78448500
2015-10-21,170.21687520116285,170.36734811869508,168.5783200358582,168.7455291748047,102038000
2015-10-22,169.69012535632027,171.80518998853404,168.74546043865388,171.59619140625,174911700
2015-10-23,173.25984940484398,173.84504296738336,172.465657230236,173.47720336914062,144442300
2015-10-26,173.30164315856112,173.36015613380692,172.68300270499742,173.05084228515625,69033000
2015-10-27,172.38207097188328,173.0508691527118,172.0393101502223,172.7164764404297,77905800
2015-10-28,173.0508286008205,174.70609382437954,172.39039868413275,174.68101501464844,135906700
2015-10-29,174.1794756854417,174.94858916758312,174.06243695459986,174.58074951171875,90525500
2015-10-30,174.77301653548977,175.09069854277453,173.66951037566886,173.82833862304688,131076900
2015-11-02,174.1544158782471,176.07719341534738,174.0290090239147,175.88491821289062,86270800
2015-11-03,175.5337631262892,176.94659584766845,175.30804104346925,176.39483642578125,95246100
2015-11-04,176.68748737910707,176.81288148332607,175.32481191734837,175.85984802246094,96224500
2015-11-05,175.91831205270597,176.37811156730345,174.79808251260556,175.68423461914062,78408700
2015-11-06,175.34148176571142,175.82636008086558,174.27140988270324,175.59226989746094,110471500
2015-11-09,174.9819896555417,175.13247528409406,173.0090423180787,173.95372009277344,131008700
2015-11-10,173.47721420953502,174.3884579098564,173.2097026026275,174.35501098632812,75874600
2015-11-11,174.62252780808376,174.6726854349463,173.6026135410018,173.66949462890625,67846000
2015-11-12,172.63288655711386,173.10104149660526,171.22842173863964,171.24513244628906,121315200
2015-11-13,170.83551826650861,171.10302993132922,169.23876536334453,169.32235717773438,153577100
2015-11-16,169.13839960000348,171.95569675375208,169.02134813351492,171.8971710205078,117645200
2015-11-17,172.20654085384277,173.0843250227058,171.2785862912092,171.77182006835938,121123700
2015-11-18,172.24831912597872,174.63926415551094,172.2065296016327,174.4971466064453,121342500
2015-11-19,174.3800985976621,174.76466170005463,174.0540612362646,174.34666442871094,88220500
2015-11-20,175.09909441652601,175.65920935733473,174.60586058516319,174.9820556640625,94011500
2015-11-23,175.04054359954463,175.5421326776157,174.32158777367135,174.78138732910156,64931200
2015-11-24,173.77817608423797,175.4167309495358,173.39362575010847,175.0154571533203,98874400
2015-11-25,175.14087513219863,175.3415184358229,174.73123317089866,174.9904022216797,51980100
2015-11-27,175.08231090258715,175.39163752221893,174.60580070108003,175.1909942626953,37317800
2015-11-30,175.34980548681744,175.46684417927574,174.3549702227916,174.46365356445312,112822700
2015-12-01,175.0907094642138,176.24438608367103,174.81482971798422,176.12733459472656,97858400
2015-12-02,176.07713550346458,176.39481745576794,174.0791094084104,174.3299102783203,108441300
2015-12-03,174.5807276920756,174.84823929073755,171.16986870435804,171.88882446289062,166224200
2015-12-04,171.88880183341652,175.53373777369958,171.88880183341652,175.2411346435547,192913900
2015-12-07,174.91515574801483,175.33315306990883,173.2180876416264,174.1794891357422,102027100
2015-12-08,172.6245438339615,174.12932403349623,172.03098200607715,173.00909423828125,103372400
2015-12-09,172.3737475632755,174.4553661820887,170.69339006855157,171.66314697265625,162401500
2015-12-10,171.73000615979072,173.41035068377516,171.49592869643763,172.106201171875,116128900
2015-12-11,169.9994971174157,170.6599272002176,168.46125744818977,168.7705841064453,211173300
2015-12-14,168.92944195314212,169.74871312337578,167.15712465335616,169.62330627441406,182385200
2015-12-15,171.12806621577792,172.30682148520253,169.5981947981496,171.40394592285156,154069600
2015-12-16,172.52420268027265,174.212915355384,171.2116977827036,173.91195678710938,197017000
2015-12-17,174.2211937693617,174.2880748390272,171.24505632867493,171.26177978515625,173092500
2015-12-18,170.5234828257022,170.65802826719286,168.05102908372263,168.2108154296875,251393500
2015-12-21,169.37969541238357,169.7749521630845,168.26960934688023,169.5983428955078,99094300
2015-12-22,170.48146498254079,171.43176533129406,169.49753147490662,171.13742065429688,111026200
2015-12-23,172.13811564780246,173.29865811337848,172.0456084537032,173.25660705566406,110987200
2015-12-24,173.00431858744722,173.51731070929043,172.75202506598336,172.97067260742188,48539600
2015-12-28,172.28107962141735,172.61746242002613,171.50738891887218,172.57542419433594,65899900
2015-12-29,173.6686365292952,174.74507664683293,173.63500338970022,174.41709899902344,92640700
2015-12-30,174.1732592596198,174.25736137416686,173.03794487413984,173.180908203125,63317700
2015-12-31,172.5081470546671,173.1472795122561,171.44851684570312,171.44851684570312,114877900
2016-01-04,168.60602961327126,169.06014763161696,167.0081793907052,169.05174255371094,222353500
2016-01-05,169.37134067094848,169.79182564067,168.23603895201018,169.33770751953125,110845800
2016-01-06,166.79800054241517,168.24447008885522,166.17569090344355,167.20167541503906,152112600
2016-01-07,164.26667189836144,166.04111911444116,162.80337947647251,163.1902313232422,213436100
2016-01-08,164.1489317141223,164.70397497816032,161.11302958663285,161.39895629882812,209817200
2016-01-11,162.31558354036966,162.65197917431388,159.63290054068452,161.5587158203125,187941300
2016-01-12,162.99678665271762,163.61069106589846,160.74298072437495,162.8622283935547,172330500
2016-01-13,163.52660092153366,163.8714016738215,158.4219201004555,158.80035400390625,221168900
2016-01-14,159.40578869501672,162.52577869463187,157.816356679773,161.40728759765625,240795600
2016-01-15,157.06796280692814,158.74148481243708,156.01675035836897,157.94256591796875,324846400
2016-01-19,159.75059041333304,159.87673072010756,156.5885365136232,158.15274047851562,195244400
2016-01-20,155.6046860535825,157.68188308668587,152.23240080022165,156.12608337402344,286547800
2016-01-21,156.597024650623,158.8339950310881,155.27669563076464,157.0006866455078,195772900
2016-01-22,159.5992505927897,160.4233974191434,158.84238289155195,160.22157287597656,168319600
2016-01-25,159.71695507171808,159.91037449903592,157.6061258607681,157.79954528808594,130371700
2016-01-26,158.45557374176562,160.2300210433145,158.11919085790737,159.95249938964844,141036800
2016-01-27,159.43105832270268,161.0961749556126,157.3118108057931,158.21165466308594,185681700
2016-01-28,159.75065722654782,159.952481801797,157.39593880190375,159.03582763671875,143798800
2016-01-29,159.80110316157138,163.0472474720097,159.68336788946976,162.91268920898438,210529300
2016-02-01,161.9119537618643,163.63594483563136,161.3316824062476,162.8538360595703,136061600
2016-02-02,161.43258688019307,161.44099195956736,159.3974284395795,159.91883850097656,182564900
2016-02-03,160.97005542223505,161.28121018625023,157.34547712119056,160.87754821777344,205054900
2016-02-04,160.38138953068196,162.0969626330107,159.75066204961968,161.12985229492188,139531800
2016-02-05,160.61681210334902,161.1886653558561,157.42952966541228,158.0602569580078,180788300
2016-02-08,156.22696174737354,156.52129347506644,153.72928044024542,155.9326171875,191526700
2016-02-09,154.20022395667345,157.21089739840755,154.06566570815127,155.94102478027344,184513100
2016-02-10,156.76525456559742,158.3883208559506,155.68039584576692,155.80654907226562,148214100
2016-02-11,153.34240105655556,154.8225158353439,152.29118900670173,153.7797088623047,219058900
2016-02-12,155.54579243158952,156.96702072947815,154.70482256358872,156.95021057128906,127632400
2016-02-16,158.74991384209693,159.6245170143872,157.79120853515886,159.5992889404297,120250700
2016-02-17,160.75978402338853,162.57628180304022,160.63363085880755,162.2062530517578,136009500
2016-02-18,162.47539305872573,162.53426711513927,161.23076111589208,161.5419158935547,102343000
2016-02-19,160.76818011475066,161.61755491385702,160.1626808887134,161.4661865234375,114793000
2016-02-22,163.03883720417437,163.94708627390327,162.97155806950747,163.8041229248047,103640300
2016-02-23,163.14817495940142,163.41729151053508,161.61760344724144,161.7353515625,111455300
2016-02-24,160.31410153035105,162.75290918942966,159.21243297748072,162.4753875732422,150812200
2016-02-25,162.92109906093668,164.45167047527613,162.16423126556654,164.44325256347656,110728300
2016-02-26,165.30943331309925,165.40192766860665,163.9050025094279,164.06478881835938,129833700
2016-02-29,164.0816123998809,165.02349443633847,162.58468723529066,162.77810668945312,125918100
2016-03-01,163.99752628868575,166.6886400819756,163.52658522451452,166.6045379638672,141799700
2016-03-02,166.29340978015458,167.40348348979975,165.88132986710897,167.35302734375,102415000
2016-03-03,167.17634658211517,168.0257341183701,166.6044933949375,168.0089111328125,95172200
2016-03-04,168.20244286423127,169.3293526698321,167.3782956721121,168.55564880371094,129293600
2016-03-07,167.6389729451339,169.09386042511684,167.56328871753294,168.690185546875,100219000
2016-03-08,167.6221381015242,168.12671237675397,166.6886609353385,166.8484344482422,123974900
2016-03-09,167.65575391387418,168.01736479878008,166.87364526149202,167.67257690429688,94801200
2016-03-10,168.16033226714995,169.0938092884853,165.99062857344666,167.80711364746094,156838700
2016-03-11,169.2535449311071,170.5570504380355,167.79026597179322,170.51499938964844,137964500
2016-03-14,170.0104600627481,170.75050477050704,169.6824823497622,170.29638671875,73612000
2016-03-15,169.33770678601047,170.32164007103475,169.07700815906168,170.01889038085938,93169100
2016-03-16,169.53955853525943,171.4065129772771,169.49750746847482,171.00283813476562,129303200
2016-03-17,170.91869902861794,172.59222064220828,170.5234422139494,172.087646484375,134278500
2016-03-18,172.58642628748746,173.10206436515764,172.27366664801107,172.76394653320312,138372400
2016-03-21,172.5018718065143,173.23728505094533,172.27363521748302,173.00904846191406,72926700
2016-03-22,172.2398433714082,173.48244636922675,172.07924578866994,172.9160919189453,97471900
2016-03-23,172.53564310270957,172.72161170779452,171.60580007728484,171.77487182617188,81052500
2016-03-24,170.75208193230722,171.73264153802145,170.53230666828148,171.69882202148438,84360900
2016-03-28,172.1130067420519,172.32433355093423,171.35223538942148,171.8002471923828,62408200
2016-03-29,171.39453917293912,173.499359431378,171.0902279656753,173.38946533203125,92922900
2016-03-30,174.38689252345583,174.86871096060034,173.78671868598366,174.15020751953125,86365300
2016-03-31,174.0572389294983,174.47989260303018,173.56695912039737,173.72756958007812,94584100
2016-04-01,172.7385622989475,175.09696413244765,172.4257898082557,174.91099548339844,114423500
2016-04-04,174.83486889880376,175.03774724604958,174.0402781617111,174.34458923339844,63497000
2016-04-05,173.0090306052794,174.3530660161623,172.34969199245515,172.60328674316406,99662200
2016-04-06,172.6032803113297,174.54748946316312,172.42576012293907,174.48831176757812,91839800
2016-04-07,173.40629284919677,173.76132027289253,171.673410765778,172.40037536621094,113859000
2016-04-08,173.57539621608282,174.0065111898883,172.33279346517108,172.86534118652344,95040600
2016-04-11,173.49936512085608,174.19252346505294,172.3666561615952,172.4596405029297,83757500
2016-04-12,172.62869942795527,174.34467262850205,172.18913591451224,174.0657196044922,115350600
2016-04-13,174.97857592656064,175.9084189289939,174.84332369014066,175.82388305664062,96336400
2016-04-14,175.88306568963674,176.33107744930012,175.48577029546527,175.83233642578125,65212900
2016-04-15,175.83234123349203,175.96759347741101,175.31670333961935,175.63792419433594,75761600
2016-04-18,175.63796167189994,176.90592270787863,174.97862296506034,176.8721160888672,82531000
2016-04-19,177.29472281960233,177.68355687791993,176.6184745331453,177.42996215820312,88316100
2016-04-20,177.47225623087934,178.2922053029783,176.99888623015522,177.59906005859375,81100300
2016-04-21,177.61595805683808,177.72585212855617,176.37335534777992,176.64385986328125,85695000
2016-04-22,176.28883236045968,176.91435148041737,175.74783622782223,176.64385986328125,99251700
2016-04-25,176.04375205566768,176.38188282685928,175.43512956589288,176.33961486816406,66166500
2016-04-26,176.70302576233865,177.10878253811143,176.1282230108752,176.60159301757812,75864200
2016-04-27,176.22119814670083,177.3539067320732,175.8661706601676,176.96507263183594,77329400
2016-04-28,176.2127774753617,177.31166672176528,174.9448164387114,175.3590087890625,97216200
2016-04-29,174.7419313037964,175.08851040274934,173.313359860416,174.41226196289062,142424100
2016-05-02,174.91099343793363,175.97607604409657,174.47989133746998,175.79856872558594,62188000
2016-05-03,174.57286582903163,174.8095508392934,173.52468014189694,174.2685546875,106422100
2016-05-04,173.27958140905682,174.00654634285803,172.79774996413784,173.29647827148438,92243800
2016-05-05,173.76137777983067,174.11640532102402,172.839995858755,173.2626495361328,67619200
2016-05-06,172.4933781956375,173.93885912448772,172.34122909700258,173.89659118652344,89315000
2016-05-09,173.769806865732,174.47140048943743,173.59228667889047,174.04029846191406,74374900
2016-05-10,174.74195220828219,176.22124020440603,174.67432606636953,176.20433044433594,77472200
2016-05-11,175.74785570738067,176.28039057145557,174.55596923828125,174.55596923828125,81727000
2016-05-12,175.2237755385305,175.39284734713166,173.60078678323023,174.60670471191406,89586300
2016-05-13,174.31086549718907,174.8603102136198,172.76395122219364,173.0851593017578,96474600
2016-05-16,173.25419568506157,175.26601835554294,173.1950179808643,174.7926483154297,77486800
2016-05-17,174.5222312967896,174.80963281568836,172.6371858618657,173.16128540039062,114924900
2016-05-18,172.81463384148617,174.38690600243459,172.1299369630414,173.21192932128906,120062100
2016-05-19,172.49341286002985,172.89915676962522,171.41142050219796,172.61175537109375,115430500
2016-05-20,173.22034766601115,174.21781685643347,173.16963129839655,173.70217895507812,104990400
2016-05-23,173.7191275679192,173.9980805712717,173.2795769853952,173.46554565429688,58682600
2016-05-24,174.27698484825916,176.02677695323382,174.25162666398688,175.71400451660156,93537800
2016-05-25,176.39027632722886,177.32011953546845,175.71402789381517,176.90591430664062,76621400
2016-05-26,177.04117041438258,177.2694070065147,176.64387493482036,176.95663452148438,55280700
2016-05-27,177.11721817510207,177.7258403964382,177.06650180638476,177.71739196777344,64211200
2016-05-31,177.98792534270186,178.09781943295886,176.82139699495033,177.37930297851562,109879400
2016-06-01,176.77061068625574,177.92022881957107,176.57619367132838,177.7427215576172,69936200
2016-06-02,177.34547607093702,178.30066455955787,176.87210604146725,178.2837677001953,63044700
2016-06-03,177.72584725899813,178.09778450843905,176.5508707110088,177.75120544433594,101757100
2016-06-06,178.10625841860303,179.01074348626975,177.94564795624228,178.6557159423828,64887000
2016-06-07,178.80785566828771,179.4925525310708,178.7824974806562,178.9346466064453,60974800
2016-06-08,179.0699019646455,179.64471765707248,178.94311102429867,179.51791381835938,66170900
2016-06-09,178.79090434598592,179.39107807659389,178.5204127746769,179.27273559570312,73786900
2016-06-10,177.9033539751604,178.2414716862888,177.03267571719513,177.5736846923828,113829200
2016-06-13,176.9735632979286,177.82731915513628,176.11980744072093,176.20433044433594,117751200
2016-06-14,175.8238899219597,176.4494218660545,174.9109566380228,175.85769653320312,125059300
2016-06-15,175.85771277035158,176.97352451986433,175.4266107207843,175.61257934570312,109124500
2016-06-16,175.61263223014856,176.30579056783355,173.78676494384393,176.13671875,149533100
2016-06-17,176.03303010509904,176.05852016671878,174.82645298180685,175.48072814941406,117055700
2016-06-20,177.434991779501,178.10625146398706,176.52580331997765,176.61077880859375,82789600
2016-06-21,176.99322465722165,177.52003662772114,176.5513752493005,177.1121826171875,72461700
2016-06-22,177.29059917623738,178.01285221148314,176.6788117256736,176.82327270507812,95560500
2016-06-23,178.27616683448565,179.176849851496,177.8173329643731,179.12586975097656,102731400
2016-06-24,173.02509410890087,179.1599532196565,172.2518609629972,172.69371032714844,333444400
2016-06-27,171.29170098613423,171.30020631780508,168.79357097849353,169.60079956054688,230775800
2016-06-28,171.1981927237118,172.68517328565127,170.89229906092373,172.65968322753906,159382400
2016-06-29,174.0532194520448,175.8290962229699,173.95125920581162,175.5996856689453,137328600
2016-06-30,176.06700220207614,178.04679920829113,175.51468735402474,177.99581909179688,165021900
2016-07-01,177.99584892144873,178.85405757773114,177.8344032151998,178.36972045898438,106055300
2016-07-05,177.54551930273485,177.65598489147834,176.49189540559277,177.08668518066406,109803700
2016-07-06,176.59384505741852,178.2677616588078,175.93956986140972,178.1488037109375,96021500
2016-07-07,178.32714966850995,178.98991691629715,177.27352633379073,178.0382537841797,85593800
2016-07-08,179.32987466035493,180.93581329457842,179.10045115105365,180.68939208984375,133971000
2016-07-11,181.14826023002234,181.89600333096453,180.9443267573715,181.32669067382812,73633900
2016-07-12,182.2867877865873,182.94106274210645,181.35210927870276,182.64366149902344,101275600
2016-07-13,183.060089723762,183.06858208960585,182.13391619446537,182.6182403564453,87324100
2016-07-14,183.87577903313377,184.10520254210473,183.24700692287342,183.6378631591797,91230900
2016-07-15,184.19861846902998,184.3940465320664,182.94955400032418,183.3914031982422,107155400
2016-07-18,183.51042107944764,184.0457383025507,183.25550749866315,183.88429260253906,58725900
2016-07-19,183.46788793886734,183.73129381985896,183.22147974984168,183.6973114013672,54345700
2016-07-20,183.69733894796877,184.6999825118304,183.69733894796877,184.46206665039062,58159500
2016-07-21,184.35163243052796,184.57255061947964,183.3234857396611,183.7653350830078,67777300
2016-07-22,183.88426812084657,184.6405034317106,183.6208622097674,184.5895233154297,62787500
2016-07-25,184.38558182789097,184.43656194194426,183.51038862880034,184.0881805419922,55873100
2016-07-26,183.98622100908554,184.53003050344367,183.33194595690057,184.17315673828125,70080500
2016-07-27,184.54708292342983,184.6150607510633,183.2130423663321,183.977783203125,84083900
2016-07-28,183.7823338581247,184.47909683608788,183.32349974894834,184.19020080566406,65035700
2016-07-29,183.92680022473132,184.84446846995627,183.64639655212855,184.4875946044922,79519400
2016-08-01,184.54706633314595,184.93792260009536,183.88429878010672,184.3346405029297,73311400
2016-08-02,184.0881843732158,184.24113768399988,182.3208132105284,183.1535186767578,92295500
2016-08-03,183.0940226714311,183.74829769702245,182.79663436193724,183.68881225585938,53993600
2016-08-04,183.79931708712982,184.19867867175537,182.04893037942287,183.88429260253906,46585500
2016-08-05,183.88427924586267,185.4307323835247,183.88427924586267,185.38824462890625,71892200
2016-08-08,185.57522044690774,185.67719367309894,185.01442604735925,185.27783203125,39906500
2016-08-09,185.34576983973014,185.88107405850735,185.06536621777903,185.38824462890625,51251700
2016-08-10,185.49872776314322,185.5751979494322,184.58104663134466,184.92942810058594,57941100
2016-08-11,185.45618346700047,186.03398828440478,185.19277759534364,185.78756713867188,72504300
2016-08-12,185.48171396682633,185.8386007360844,185.22681336798837,185.6261749267578,61313500
2016-08-15,185.99149997148285,186.50981935025376,185.98300760854679,186.16143798828125,49813500
2016-08-16,185.74514932313355,185.81311417855213,185.2013397216797,185.2013397216797,53213600
2016-08-17,185.23529658385354,185.68563824014774,184.40259108274523,185.5496826171875,75134300
2016-08-18,185.52421510752194,186.00004688027445,185.4137624952037,185.966064453125,52989300
2016-08-19,185.49866373311275,185.8725351353982,185.01433975501683,185.694091796875,75443000
2016-08-22,185.45619969450132,185.9150466433893,185.09083357357272,185.6856231689453,61368800
2016-08-23,186.2974251342365,186.59482643807337,186.00002383039967,186.05950927734375,53399200
2016-08-24,185.9150799012492,186.00854778048802,184.6915051059202,185.1078643798828,71728900
2016-08-25,184.72546365361646,185.39673641740734,184.5725233066918,184.98037719726562,69224800
2016-08-26,185.16735155854718,186.1869929804055,183.74834852693238,184.6320343017578,122506300
2016-08-29,184.75948850539226,185.80461993903992,184.72549311258223,185.5412139892578,70502200
2016-08-30,185.45620868334956,185.7366122844962,184.6829886546085,185.23529052734375,58114500
2016-08-31,184.90390893542113,185.0228668616284,183.93524783189295,184.70848083496094,85269500
2016-09-01,184.69995177120478,185.0058453943504,183.56135277161167,184.71694946289062,97844200
2016-09-02,185.566680311418,185.9745342148569,184.98038303216353,185.5496826171875,79293900
2016-09-06,185.83010051851176,186.18697433214592,185.11635289124345,186.11050415039062,56702100
2016-09-07,185.94902736748406,186.27191870150133,185.4901933882222,186.09347534179688,76554900
2016-09-08,185.76213853955875,186.03404982957287,185.36277693575295,185.66867065429688,74102900
2016-09-09,184.36012339300706,184.41110351580465,181.19922612512465,181.22471618652344,221589100
2016-09-12,180.46850328916744,184.224190733881,180.4005254618106,183.8248291015625,168110900
2016-09-13,182.55027395879748,182.8136799363271,180.5619711295948,181.1822509765625,182828800
2016-09-14,181.233215758906,182.4313005540661,180.5619558396386,181.1142578125,134185500
2016-09-15,180.95279811282384,183.3064666278665,180.77435473707862,182.92410278320312,134427900
2016-09-16,182.31095052162055,182.4902953051473,181.53382454216947,182.21701049804688,155236400
2016-09-19,182.86606801299845,183.5065646640157,181.92666771246473,182.25119018554688,80250500
2016-09-20,183.1052107522729,183.2589237146808,182.2255962737668,182.25975036621094,69665300
2016-09-21,182.95996619560697,184.48861211944993,182.27676731793207,184.3092803955078,110284400
2016-09-22,185.3170359558854,185.76965255883255,185.06938297785203,185.4707489013672,76678700
2016-09-23,185.0778960657672,185.21453846600355,184.36054301093114,184.45448303222656,73630900
2016-09-26,183.62606092623957,183.80539263007168,182.76351739041235,182.95994567871094,89827300
2016-09-27,182.7977331719538,184.18973692863324,182.43050834334028,184.09580993652344,78494800
2016-09-28,184.317787450304,185.16324739802008,183.36131698649547,185.009521484375,87411000
2016-09-29,184.8045969886785,185.2059758640299,182.78916734916712,183.33572387695312,128070600
2016-09-30,184.1641333605662,185.41950784937663,183.9164803870787,184.71923828125,117202900
2016-10-03,184.30931360142856,184.49718062147466,183.6431851282554,184.275146484375,83512100
2016-10-04,184.38614758781864,184.6081816978476,182.74647800446056,183.33572387695312,119948100
2016-10-05,183.9591231730412,184.5740008063559,183.89080198812474,184.14700317382812,72816000
2016-10-06,183.9250052047302,184.49718062147466,183.3869969050393,184.275146484375,62927400
2016-10-07,184.54838865985104,184.71918511284747,182.91725451722704,183.6431427001953,89788300
2016-10-10,184.59962463378906,185.06077635582875,184.45444699850003,184.59962463378906,51855000
2016-10-11,184.1726534010862,184.24097459765528,181.54234597238792,182.2682342529297,130367400
2016-10-12,182.4048969321865,183.0283230336126,181.90957797517578,182.50738525390625,73866100
2016-10-13,181.18370325886667,182.40491066911792,180.37241007355325,181.9095916748047,101357000
2016-10-14,182.8830931438124,183.34425791539365,181.92662255228754,182.00347900390625,93346200
2016-10-17,181.97789627449495,182.23409752829875,181.19222198551714,181.37156677246094,58275700
2016-10-18,182.9600018294452,183.01977473875587,182.13162514645416,182.50738525390625,76869700
2016-10-19,182.77203030183733,183.3015030804722,182.41335393267204,182.9940643310547,66519200
2016-10-20,182.64400907845004,183.20764922249205,181.99497720499787,182.65255737304688,73639800
2016-10-21,182.6525538288874,182.8233503153305,181.69607004912004,182.73794555664062,89089100
2016-10-24,183.60901570123647,183.88230049108293,183.16493443320397,183.51507568359375,60146600
2016-10-25,183.33574051636367,183.59194176253314,182.73794629592604,182.90020751953125,66542300
2016-10-26,182.08040340445953,183.11373075926912,181.84127265351864,182.53302001953125,75705500
2016-10-27,183.25029421364545,183.28444828852602,181.9693013952332,182.04615783691406,77220200
2016-10-28,182.02055056559064,182.6952010924593,180.7993435894443,181.50814819335938,140623200
2016-10-31,181.84118716334876,182.06323424962895,181.35441668752745,181.5166778564453,61272500
2016-11-01,181.84122284602958,181.89247351279658,178.9974298098665,180.20155334472656,122781800
2016-11-02,179.89413032457617,180.27843868899564,178.68145838977213,179.11700439453125,103330800
2016-11-03,179.3304897741683,179.5439886134976,178.02387791994784,178.29714965820312,88939300
2016-11-04,178.4081620972983,179.24507384660942,177.95554562862452,178.10072326660156,109122100
2016-11-07,178.1007726184676,182.0633114060624,178.1007726184676,182.02914428710938,109794900
2016-11-08,181.6362965160798,183.41260863701984,181.37156000836592,182.84896850585938,106772100
2016-11-09,181.36300658275826,185.4024143775203,181.33738776215182,184.78753662109375,258429000
2016-11-10,185.57319489302805,186.4357255180889,183.7968829751666,185.24867248535156,172113300
2016-11-11,184.53136094754007,185.06083402133655,183.88232901737217,184.82171630859375,100552700
2016-11-14,185.34260267593842,185.5475662432321,184.22387089519597,184.9668426513672,94580000
2016-11-15,185.35112116725438,186.4100799560547,185.1461706494392,186.4100799560547,91652600
2016-11-16,185.7952000871818,186.29051888411604,185.675641276262,186.0599365234375,65617700
2016-11-17,186.21369124955535,187.07622187385005,186.10266768262042,187.01644897460938,69797200
2016-11-18,187.08479086709053,187.2555873521638,186.4186624227128,186.59800720214844,86265800
2016-11-21,187.17016824377677,188.03269889737496,187.0249905910485,188.007080078125,72402600
2016-11-22,188.31454267353945,188.55366037063234,187.64842722721824,188.37432861328125,67429000
2016-11-23,187.8619440393403,188.52805954926382,187.66552870460347,188.47682189941406,56620200
2016-11-25,188.81838648715674,189.21121707036835,188.74151699832356,189.17706298828125,37872300
2016-11-28,188.8696335841565,189.1429053473451,188.18643462978068,188.28890991210938,76572500
2016-11-29,188.32307024318024,189.10874445158365,188.02416663924018,188.6561279296875,69886700
2016-11-30,189.27106207865867,189.43332333882296,188.14378155390034,188.2035675048828,113291800
2016-12-01,188.50238922501075,188.50238922501075,187.153075013537,187.5117645263672,79040500
2016-12-02,187.59711659494232,188.09243535504885,187.24697544937754,187.60565185546875,74840300
2016-12-05,188.43409807761347,189.07459468974804,188.23768276522122,188.73300170898438,67837800
2016-12-06,188.9208354291371,189.36491661997857,188.44260016096956,189.33074951171875,59877400
2016-12-07,189.17705058798379,191.8671306855542,189.05749176211253,191.80735778808594,110738100
2016-12-08,191.78174798179285,192.74675389633438,191.51699846905584,192.2770538330078,99714400
2016-12-09,192.49913507671366,193.4556058980882,192.46496795827164,193.4385223388672,88005800
2016-12-12,193.34454001164195,193.82278834864064,192.79798351457825,193.21644592285156,102016100
2016-12-13,193.87404841836303,195.00131562296514,193.85696486090256,194.50599670410156,110477500
2016-12-14,194.2070633530282,194.90733268346847,192.46490574191,192.90045166015625,142501800
2016-12-15,193.139610329148,194.54869758176667,192.90902791348702,193.6947021484375,124972600
2016-12-16,194.14908536197703,194.20922366690186,192.9979899692377,193.31582641601562,156420200
2016-12-19,193.49628932607342,194.15774535043042,193.35025596366214,193.73681640625,90341100
2016-12-20,194.26941936776646,194.6302231127799,194.0374909559279,194.4841766357422,89838800
2016-12-21,194.3553387309854,194.52714193372915,193.94300842285156,193.94300842285156,67909000
2016-12-22,193.79695863074062,193.91722217324946,193.21281206159543,193.60797119140625,56219100
2016-12-23,193.65089354617749,193.90001928669471,193.4619192327482,193.8914337158203,36697800
2016-12-27,194.15775554824944,194.76765885225183,194.1405712965506,194.3725128173828,42672500
2016-12-28,194.63021785170486,194.64738899510348,192.65444841818655,192.76611328125,64095000
2016-12-29,192.8348246458455,193.18702967877402,192.28504661472817,192.72315979003906,48696100
2016-12-30,193.04960058020293,193.13550873090074,191.331542428195,192.01876831054688,108998300
2017-01-03,193.3158546351365,193.99449479504997,192.31939108978972,193.4876708984375,91366500
2017-01-04,193.81412033132852,194.78482730354813,193.80553476004727,194.6387939453125,78744400
2017-01-05,194.37251176966032,194.6388086847113,193.69387146252063,194.4841766357422,78379000
2017-01-06,194.59583090323432,195.6438472919025,194.05463845938746,195.1799774169922,71559900
2017-01-09,194.92226597987312,195.05971376040324,194.50133706740283,194.53570556640625,46939700
2017-01-10,194.55287670816617,195.38613585448502,194.14913204519758,194.53570556640625,63771900
2017-01-11,194.44976317657327,195.08544921875,193.78830731855393,195.08544921875,74650000
2017-01-12,194.57000960536502,194.7847667903599,193.24711111320138,194.5957794189453,72113200
2017-01-13,194.76758497681044,195.34313266685308,194.73322959418726,195.04248046875,62717900
2017-01-17,194.40682528050235,194.81056990593012,193.96872526700736,194.35528564453125,61240800
2017-01-18,194.6043882147299,194.82774410273595,194.05461027983333,194.7847900390625,54793300
2017-01-19,194.86212305028965,194.9995708275679,193.63371794868652,194.063232421875,66608800
2017-01-20,194.74187661598043,195.26588484357595,194.11478910024897,194.7762451171875,129168600
2017-01-23,194.77620037162023,194.8363255733062,193.51342695107874,194.2693634033203,75061600
2017-01-24,194.48416931476334,195.92734491726142,194.37250445288487,195.5150146484375,95555300
2017-01-25,196.45991131720925,197.207275390625,196.29669372522488,197.207275390625,84437700
2017-01-26,197.0612543665033,197.32756437647967,196.72623356889608,197.00112915039062,59970700
2017-01-27,197.07839385048746,197.22442717958108,196.51143167324878,196.69183349609375,59711100
2017-01-30,196.0046243681387,196.03039418675976,194.49273820882453,195.47203063964844,79737300
2017-01-31,194.98236549341132,195.51497229583404,194.41541641199498,195.454833984375,75880800
2017-02-01,195.45488657316525,196.36545530561506,194.9480625591026,195.53219604492188,79117700
2017-02-02,195.5321485461528,195.94449184417536,194.84493593159607,195.6610107421875,69657600
2017-02-03,196.56300373030965,197.1900911716279,196.25375279485633,197.0096893310547,80563200
2017-02-06,196.60594632353383,197.00110539735095,196.32246520470133,196.65748596191406,57790100
2017-02-07,197.04405146992943,197.28457851110494,196.47708925526968,196.66607666015625,57931200
2017-02-08,196.6661015444172,197.05266197323664,196.12490907942458,196.92381286621094,51566200
2017-02-09,196.92380686219033,198.39273906846634,196.92380686219033,198.0920867919922,65955200
2017-02-10,198.4356640440478,199.09711992769516,198.1092288870743,198.87376403808594,66015900
2017-02-13,199.36341424492775,200.21385751311638,199.33764442841354,199.95614624023438,55182100
2017-02-14,199.77578860936848,200.76367985599123,199.43218224134307,200.7550811767578,71109000
2017-02-15,200.54032684800453,201.99208802343378,200.48878720282244,201.8031005859375,86785800
2017-02-16,201.82887489338543,202.0092767632744,200.88395079264967,201.6313018798828,84722400
2017-02-17,200.96975872434143,201.9490509033203,200.95257448043301,201.9490509033203,77204100
2017-02-21,202.31850477436353,203.32356708684515,202.30990609578996,203.15176391601562,88946100
2017-02-22,202.74800120272272,203.1946867855585,202.58478361725787,202.97134399414062,62115200
2017-02-23,203.48681584072088,203.50398698501354,202.3528911457067,203.1088409423828,74615900
2017-02-24,202.2669601179496,203.40945707411748,202.22400604937198,203.36651611328125,82381600
2017-02-27,203.28061203070507,203.85615985944892,203.03149940037244,203.68435668945312,56515400
2017-02-28,203.30635514938498,203.54688217733758,202.74799164329642,203.13455200195312,96961900
2017-03-01,204.78394689987707,206.4418798811318,204.7667626476857,205.97799682617188,149158200
2017-03-02,205.78892746481915,205.79752614136422,204.62924650449665,204.6807861328125,70246000
2017-03-03,204.59490464746935,204.97287944797426,204.2169298469644,204.80966186523438,81974300
2017-03-06,204.0193814731179,204.55197524290716,203.59845255676524,204.1997833251953,55391500
2017-03-07,203.89907938791222,204.25128434677137,203.38365685749693,203.58982849121094,65103700
2017-03-08,203.88194037727087,204.13965169965755,203.07445101740572,203.21189880371094,78168800
2017-03-09,203.3321262127252,203.7960091321492,202.50746585690035,203.46957397460938,90683900
2017-03-10,204.42309844281942,204.46605250727922,203.2376344239782,204.1825714111328,81991700
2017-03-13,204.12242695585928,204.328598594417,203.79600491281758,204.28564453125,57256800
2017-03-14,203.74450963623073,203.79606239121486,202.89407924127278,203.5039825439453,59880800
2017-03-15,204.07088879319102,205.6858672041773,203.83894733661026,205.2649383544922,96081800
2017-03-16,205.402413749063,205.47972320907772,204.53479922416713,204.86122131347656,78344000
2017-03-17,205.1226728463593,205.3124824716804,204.50148010253906,204.50148010253906,89002100
2017-03-20,204.501459845826,204.7861742556055,203.88890325050352,204.2771453857422,52537000
2017-03-21,204.88107751431994,205.00186424803397,201.52491773672975,201.65432739257812,131809300
2017-03-22,201.688778331377,202.413498492628,201.06758586037262,202.1287841796875,97569200
2017-03-23,202.12885377022735,203.04338378830042,201.5421791038283,201.9131622314453,100410300
2017-03-24,202.21512154769727,202.78453716514386,200.98999527263658,201.7664794921875,112504900
2017-03-27,200.10135601674352,201.81826547320847,199.82527768177548,201.55943298339844,87454500
2017-03-28,201.25743479982341,203.44885471585678,201.14527100359123,203.02610778808594,93483900
2017-03-29,202.74141628747404,203.44887766371772,202.51708866970682,203.21592712402344,61950400
2017-03-30,203.1555147869635,204.0614217364768,202.98296421676207,203.86297607421875,56737900
2017-03-31,203.52652134276335,204.0528091997113,203.3367117442073,203.38848876953125,73733100
2017-04-03,203.4401842185709,203.63861667223696,201.80955733550564,203.03468322753906,85546500
2017-04-04,202.75001479029498,203.25042066188962,202.3703956349636,203.1641387939453,56466200
2017-04-05,203.83713195325583,204.81206194462604,202.35317307771257,202.56024169921875,108800600
2017-04-06,202.69828610441428,203.64732099263955,202.2582669322238,203.12966918945312,69135800
2017-04-07,202.8794512234158,203.61280770350876,202.4394452342199,202.92259216308594,74412300
2017-04-10,203.06063974628262,203.83712400832349,202.51709286399407,203.0433807373047,67615300
2017-04-11,202.66375784908317,202.90533131132202,201.31784479810486,202.8018035888672,88045300
2017-04-12,202.52573199408363,202.71554160139317,201.68884777042805,201.9131622314453,81864400
2017-04-13,201.5766295339006,202.30998583366744,200.60169982910156,200.60169982910156,92880400
2017-04-17,201.11941448685027,202.37905883789062,200.92098196170755,202.37905883789062,68405400
2017-04-18,201.64570630976806,202.31003993363836,201.09353649850053,201.77511596679688,83225800
2017-04-19,202.33593336497609,202.70691651272165,201.17981664915393,201.40414428710938,68699900
2017-04-20,202.01668692176702,203.48339989525888,201.6974676618917,203.0433807373047,92572200
2017-04-21,202.96574537094554,203.01750923577197,201.99945145480618,202.3963165283203,110389800
2017-04-24,204.63083056216,204.82927621788227,202.37038788801016,204.62220764160156,119209900
2017-04-25,205.26068118771292,206.15795211813352,205.17439931383385,205.81285095214844,76698300
2017-04-26,205.7783001659891,206.65832511330024,205.64026762043648,205.6833953857422,84702500
2017-04-27,206.00270200849974,206.1579936150215,205.32110929604997,205.8560333251953,57410300
2017-04-28,206.1147946570055,206.14067658414115,205.2779105735806,205.40733337402344,63532800
2017-05-01,205.92498779296875,206.34774788302525,205.5108637885809,205.92498779296875,66882500
2017-05-02,206.0630875973694,206.18387434554825,205.59719961575615,206.00270080566406,57375700
2017-05-03,206.00269676199866,206.09760157404546,205.07953057529195,205.7524871826172,73137700
2017-05-04,206.05444902415172,206.13209482106194,205.14854189923076,205.99404907226562,61462700
2017-05-05,206.36500201310355,206.822266940735,205.92498292687233,206.8050079345703,62001300
2017-05-08,206.84818412390703,206.99485278939494,206.34777817795415,206.77053833007812,48385700
2017-05-09,207.0293304725549,207.22776296193527,206.23557418550524,206.5806884765625,51363200
2017-05-10,206.53756665101363,206.95169067382812,206.3304980572237,206.95169067382812,54293800
2017-05-11,206.5030487370718,206.69285831151325,205.4504731569016,206.5289306640625,62358300
2017-05-12,206.27875795356732,206.57209528830768,205.91639774628214,206.18385314941406,53912700
2017-05-15,206.60654982247365,207.44343379337386,206.58929081844894,207.32264709472656,61918900
2017-05-16,207.61602041369477,207.64190234184753,206.7446314480996,207.13287353515625,51241800
2017-05-17,207.13288305142774,207.13288305142774,203.39710432748612,203.45750427246094,172174100
2017-05-18,203.37986121587352,205.12265252811457,203.12102873745883,204.2771453857422,107047700
2017-05-19,204.76029728052126,206.27013808225857,204.7085334165387,205.60580444335938,115011400
2017-05-22,206.1148257964566,206.81367742899408,206.0458160901787,206.64974975585938,61010600
2017-05-23,207.02074326215902,207.27095282784222,206.64112403475502,207.10702514648438,48341700
2017-05-24,207.33993731240122,207.6936613772002,207.0034459246956,207.5901336669922,46927700
2017-05-25,208.09917427224806,208.85841262956913,207.89211884008088,208.5823211669922,64071700
2017-05-26,208.3925180071036,208.7031143297026,208.31487221764533,208.53919982910156,46629900
2017-05-30,208.2199559810207,208.608198071749,208.06466441063546,208.35800170898438,35201900
2017-05-31,208.65134506164196,208.68586307701707,207.6160284014036,208.30624389648438,91796000
2017-06-01,208.76350897391356,209.98001230359506,208.47879458836476,209.96275329589844,68962000
2017-06-02,210.01450080915959,210.81688004503397,209.7211635249752,210.6615753173828,88666100
2017-06-05,210.48902761450537,210.77374198177247,210.3078409572391,210.50628662109375,44698800
2017-06-06,209.9454941438962,210.49766390691767,209.75568455366084,209.83334350585938,50375400
2017-06-07,210.16979376579113,210.44587202815976,209.50546028842197,210.2215576171875,54144300
2017-06-08,210.3164655805347,210.79961242055987,209.79880072921395,210.32508850097656,65950700
2017-06-09,210.5925950973143,211.3863384083461,208.7462759866004,210.00592041015625,132256400
2017-06-12,209.76432078406708,210.01451715422266,209.11724622548317,209.96275329589844,86108100
2017-06-13,210.49764272539258,211.04118951225954,210.1525415950174,210.9894256591797,60067000
2017-06-14,211.25691089926207,211.26553382107394,209.90236178312665,210.7220001220703,78602300
2017-06-15,209.37605754936908,210.43726926369385,209.09997926055743,210.3164825439453,66464900
2017-06-16,210.47515280085526,210.52716909236761,209.48680357522417,210.36244201660156,84553100
2017-06-19,211.18605582964852,212.17440501626334,211.09068822265215,212.1137237548828,65123800
2017-06-20,211.75824877873487,211.76691375013706,210.66586707867998,210.68319702148438,56906400
2017-06-21,211.07335999027543,211.18605754202875,210.1630352304678,210.63119506835938,55977600
2017-06-22,210.63985817920226,211.1340261266323,210.36242034776063,210.5358123779297,44148100
2017-06-23,210.5965114980298,211.11668759998207,210.21504108588627,210.78724670410156,66986800
2017-06-26,211.45480339089076,211.8709601407042,210.71788395073696,210.9259490966797,56700500
2017-06-27,210.70924772268842,211.004028786433,209.20938717140842,209.2267303466797,82247700
2017-06-28,210.24105677624263,211.29876541916607,210.00697024603113,211.099365234375,70042600
2017-06-29,211.24672483100042,211.29874111418312,208.03892615475667,209.2440185546875,106949700
2017-06-30,210.05034463781132,210.42315013272864,209.4434658159337,209.6342010498047,86820700
2017-07-03,210.57055579302573,211.00404260041984,209.98968505859375,209.98968505859375,39153800
2017-07-05,210.3537981814817,210.683239137152,209.54750589512466,210.4751739501953,54427600
2017-07-06,209.71221737814497,209.83359313782432,208.36840582021688,208.55047607421875,65400800
2017-07-07,209.12268324505428,210.0503380087267,208.559142534051,209.9029541015625,57972300
2017-07-10,209.90288762280514,210.50110126351737,209.59944170306483,210.1282958984375,36663300
2017-07-11,210.12832363116158,210.284385711013,208.810533682673,209.97227478027344,50354600
2017-07-12,210.9346576321268,211.71492849955277,210.9346576321268,211.55020141601562,59610400
2017-07-13,211.55887080924606,212.01836569210465,211.3334492394899,211.90565490722656,39471600
2017-07-14,211.90564799352268,213.24945948004287,211.81028038534473,212.8939971923828,60262700
2017-07-17,212.8159799239652,213.1974503695233,212.6946041666481,212.8679962158203,33531900
2017-07-18,212.46050827823697,213.0327139214029,212.12238916708705,212.98069763183594,42742500
2017-07-19,213.29280851214529,214.142438775647,213.2841303112444,214.13377380371094,51034300
2017-07-20,214.3851748339577,214.5065505771419,213.68292851775163,214.2291259765625,47135200
2017-07-21,213.65693594313413,214.06441451686462,213.43151438296377,214.0384063720703,82340800
2017-07-24,213.96038304344285,214.12511012415288,213.518231323352,213.9864044189453,46622300
2017-07-25,214.73196960532394,214.83601541107564,214.2811529532698,214.50656127929688,54915600
2017-07-26,214.79268139600626,214.82735451474008,214.25516206735588,214.51524353027344,47575400
2017-07-27,214.97478059774477,215.0094537211477,212.9980686106262,214.3158721923828,70766600
2017-07-28,213.83897055329027,214.1944328001912,213.38815393811012,214.06439208984375,50088400
2017-07-31,214.4632762492632,214.55864388378268,213.73502152873388,213.94309997558594,65838700
2017-08-01,214.5412671176901,214.57594023678143,213.89970196829188,214.41989135742188,55050400
2017-08-02,214.54993392803271,214.662644716735,213.59625778278055,214.52392578125,47211200
2017-08-03,214.41120560264687,214.4372137482906,213.83033496832851,214.10777282714844,40856000
2017-08-04,214.59329242240065,214.82736575126967,214.11645433383487,214.4979248046875,60191800
2017-08-07,214.56728756399264,214.896728515625,214.46324174282293,214.896728515625,31995000
2017-08-08,214.58463280614788,215.798403793894,213.99509710301749,214.36788940429688,61719400
2017-08-09,213.6829992736717,214.41125397392076,213.32753689772815,214.35923767089844,62632600
2017-08-10,213.52684590777946,213.65689983873887,211.2813882602169,211.33340454101562,120479500
2017-08-11,211.55883367649233,212.2350718091369,211.32474717551133,211.64552307128906,74869900
2017-08-14,212.92004532032038,213.96041100464754,212.8853721967287,213.74366760253906,73291900
2017-08-15,214.12513000605298,214.1424731816764,213.41421855309565,213.7176513671875,55242700
2017-08-16,214.2378227507355,214.63663638266544,213.66561706408348,214.09043884277344,56715500
2017-08-17,213.48356857384485,213.795679576412,210.75259399414062,210.75259399414062,128490400
2017-08-18,210.5878553301835,211.70625853997723,209.98097653326255,210.4231414794922,136748000
2017-08-21,210.36243651498586,210.84793952835773,209.66019014000403,210.5878448486328,65469700
2017-08-22,211.16874181507407,212.94602690749204,211.1513986409579,212.78997802734375,63140100
2017-08-23,211.82766886076746,212.45189093343745,211.68028493096588,212.02706909179688,50203800
2017-08-24,212.40849057565453,212.56453944331724,211.3247737870032,211.53285217285156,50741700
2017-08-25,212.32183695140003,212.93739405018798,211.87968516199533,212.02706909179688,64445900
2017-08-28,212.55589700150568,212.5819051488729,211.61956400938766,212.0357208251953,40565600
2017-08-29,210.72658288232782,212.53855437473308,210.61387209080198,212.27847290039062,51135700
2017-08-30,212.26111158888938,213.55290679326467,212.0790413434407,213.2841339111328,62030800
2017-08-31,213.89973312535645,214.81005807445086,213.3188623859644,214.5673065185547,103803900
2017-09-01,214.9400412213581,215.2955034861434,214.7232978738984,214.8706817626953,62007000
2017-09-05,214.3678802872824,214.59330188215944,212.36517345598844,213.3275146484375,91398800
2017-09-06,214.00372406587485,214.38519450201161,213.4748697301334,214.0557403564453,57916900
2017-09-07,214.35919353648387,214.37653671024327,213.6222607848127,214.0297393798828,58034700
2017-09-08,213.7436492217128,214.23783048592747,213.5355840401203,213.77833557128906,63832800
2017-09-11,215.04411623070544,216.13651138400766,215.026786284343,216.05848693847656,71364800
2017-09-12,216.4225396874498,216.82133997986364,216.24046948163505,216.7866668701172,56896000
2017-09-13,216.5006268937401,216.92544867786958,216.387916103693,216.89076232910156,59228000
2017-09-14,216.56994890171208,217.0207787549535,216.39655687476187,216.8213653564453,95446300
2017-09-15,216.6776584527241,217.200416143231,216.57310957354642,217.11329650878906,95432400
2017-09-18,217.47923233742642,217.92357837152673,217.19170962314323,217.5750732421875,46235200
2017-09-19,217.81899915480582,217.87999485598516,217.4704940740048,217.79286193847656,47108100
2017-09-20,217.8800133835203,217.98456225772762,216.8780379254347,217.8712921142578,59574100
2017-09-21,217.71451254394506,217.80163219174844,217.1133298072337,217.28758239746094,48211400
2017-09-22,216.99131857041976,217.49666031124144,216.965181350603,217.33111572265625,51214000
2017-09-25,217.078415797405,217.42693418335082,216.14615736606112,216.88673400878906,57064400
2017-09-26,217.31368674271752,217.5576429910503,216.78220778143142,217.0174560546875,54082000
2017-09-27,217.714464012296,218.24594293551814,216.83446669168862,217.86257934570312,81001400
2017-09-28,217.58380787903738,218.2024198482277,217.49668823333656,218.12400817871094,44778800
2017-09-29,218.1152660598397,218.96912625058613,217.9323055151218,218.8907012939453,85578000
2017-10-02,219.11718667853842,219.84034729003906,218.9429208582323,219.84034729003906,59023000
2017-10-03,219.84041453441176,220.33703504926606,219.76198957343934,220.31089782714844,66810200
2017-10-04,220.16274955476476,220.81620659924897,220.04947941277652,220.57225036621094,55953600
2017-10-05,220.9033578007519,221.8966121185429,220.60712708895554,221.8791961669922,63522800
2017-10-06,221.4347983118458,221.91400278857896,221.1734261378252,221.62648010253906,80646000
2017-10-09,221.85301843326477,221.91400084179554,220.99915835689742,221.2605438232422,35803100
2017-10-10,221.8268528526845,222.21892435476173,221.28665274607897,221.84426879882812,43057400
2017-10-11,221.74843556013366,222.1927947998047,221.58290429837132,222.1927947998047,47674300
2017-10-12,221.87918461635664,222.22768975390164,221.62650709121053,221.86175537109375,47065100
2017-10-13,222.29738052132967,222.41065066702748,221.86174247740652,222.1318359375,54800400
2017-10-16,222.3583491714976,222.61972133035232,222.01855207037005,222.42803955078125,38221700
2017-10-17,222.37577361386636,222.62845110323354,222.15795461008904,222.5848846435547,31561000
2017-10-18,222.95954242840253,223.00310889110614,222.61103731600934,222.80271911621094,40888300
2017-10-19,222.02729088235253,222.89856698519364,221.60908207548192,222.86370849609375,61903800
2017-10-20,223.65659412906825,224.03995775498825,222.84630041162484,224.0137939453125,89176400
2017-10-23,224.33615704313655,224.3622942599157,223.06407492192818,223.14248657226562,63915300
2017-10-24,223.5694349022459,223.76981137229262,223.1773500525499,223.53457641601562,66935900
2017-10-25,223.20347464282193,223.31674477473658,221.30409938385668,222.42803955078125,103715300
2017-10-26,223.03795734568504,223.30803749521493,222.59359805856283,222.715576171875,69798000
2017-10-27,223.45612544351619,224.69334888925644,222.72425689686983,224.5364990234375,85562500
2017-10-30,223.4561475534119,224.44069364702125,223.40387312270985,223.70010375976562,54285700
2017-10-31,224.0747822391044,224.30132253489603,223.75241433462344,224.04864501953125,60304800
2017-11-01,224.82405109475886,225.16383488509774,223.9789123690431,224.34483337402344,54202700
2017-11-02,224.2751835197542,224.57141420229036,223.21222561689552,224.4320068359375,56449500
2017-11-03,224.58878657471539,225.22482757480614,224.17928582464648,225.1812744140625,59589700
2017-11-06,225.0505674298265,225.66047123100844,224.9808770530326,225.52978515625,49652600
2017-11-07,225.63435801716324,225.96544716792442,224.86763084471306,225.37298583984375,57502200
2017-11-08,225.19865342698256,225.85211026635488,224.9198387941026,225.75625610351562,50469600
2017-11-09,224.553968593793,225.12901393308397,223.36029816253628,224.9373321533203,95085500
2017-11-10,224.55401386828285,225.0419263898298,224.24034062486652,224.86766052246094,59984700
2017-11-13,224.18810522119088,225.30333783453176,224.1532467237994,225.07679748535156,50228600
2017-11-14,224.27515563886934,224.65851920137254,223.4997072454137,224.55397033691406,61315200
2017-11-15,223.58684649448855,224.1096174208197,222.72429174904417,223.43002319335938,80811500
2017-11-16,224.3709977699362,225.69535437682566,224.32744460333475,225.32940673828125,67777000
2017-11-17,224.9809095420741,225.3032774361081,224.58882467194667,224.667236328125,75756800
2017-11-20,224.91123262125976,225.24229521520024,224.66724977956048,225.0506134033203,48075500
2017-11-21,225.8173093322673,226.7060278773804,225.01575029501927,226.52304077148438,69176800
2017-11-22,226.53176008503942,226.66244616724182,226.1571177863148,226.32266235351562,45033400
2017-11-24,226.81062708057902,226.95003446348147,226.67121969767658,226.845458984375,27856500
2017-11-27,226.8890163124573,227.18524700086792,226.53178991457588,226.73219299316406,52274900
2017-11-28,227.19396878868554,229.0584858527543,227.09811458940757,229.0323486328125,98971700
2017-11-29,229.16296142473539,229.6944535125139,228.4485354451206,228.8928680419922,77512100
2017-11-30,229.80772526269257,231.8029278024295,229.729313627392,230.89682006835938,127894400
2017-12-01,230.6790470744156,231.1582382487055,227.19394300180855,230.4176483154297,164390900
2017-12-04,232.02946285459558,232.4563795003404,230.0865081925059,230.13880920410156,94040600
2017-12-05,229.31112670898438,231.018820180373,229.18044063016967,229.31112670898438,77994500
2017-12-06,229.40702603478516,229.78169503018262,228.89297623789216,229.35475158691406,75898600
2017-12-07,230.077880859375,230.39152748538592,229.0933346345588,230.077880859375,77218600
2017-12-08,231.0275523480179,231.34119895197028,230.04300619244404,231.33250427246094,76563900
2017-12-11,232.0294952392578,232.09049093694262,231.30634790275653,232.0294952392578,83077500
2017-12-12,232.81369876950077,232.90955297494608,232.06441402346795,232.43905639648438,85195800
2017-12-13,232.68298102303947,233.11861905035576,232.32575464993192,232.4128875732422,102905400
2017-12-14,232.7091141556158,232.82238429500705,231.41092136555983,231.46319580078125,100666700
2017-12-15,232.46239967150672,233.8548063287974,232.4098580410537,233.3906707763672,144610300
2017-12-18,234.78313396671632,235.2209988093528,234.67805068050743,234.87071228027344,83653600
2017-12-19,235.11587726909698,235.15965305617854,233.89860037655052,233.9686737060547,82382900
2017-12-20,234.93188881791755,234.98443043771155,233.54824828811385,233.8459930419922,76751500
2017-12-21,234.4677871510185,235.03703265605478,234.08246406690523,234.32766723632812,67032300
2017-12-22,234.34521564491334,234.3802523073704,233.73219431505825,234.2664031982422,78720900
2017-12-26,233.86360632707337,234.20515373906832,233.72351309282627,233.98622131347656,45244400
2017-12-27,234.15254773320353,234.45905838981105,233.82853210841412,234.10000610351562,57751000
2017-12-28,234.5991662139045,234.62543702739384,234.2138431326338,234.58163452148438,45116100
2017-12-29,235.15959275762864,235.17709772294378,233.50447824322922,233.69711303710938,96007400
2018-01-02,234.55542038917878,235.40487919746303,234.17009721479332,235.36984252929688,86655700
2018-01-03,235.5361757988972,237.007421526102,235.5361757988972,236.85853576660156,90070400
2018-01-04,237.49795363822133,238.33864683818027,236.91996871163863,237.8569793701172,80636400
2018-01-05,238.64506898392446,239.56457432430008,238.15466257237145,239.44198608398438,83524000
2018-01-08,239.3456281426395,240.037461932517,239.05664916593514,239.8798370361328,57319200
2018-01-09,240.30016031514953,241.04453570686587,240.01992047177401,240.4227752685547,57254000
2018-01-10,239.66963904678204,240.3176970387955,239.00410281126253,240.05496215820312,69574300
2018-01-11,240.6067274035964,241.8064727783203,240.4403366278896,241.8064727783203,62361500
2018-01-12,242.06918758354794,243.54914601914447,241.7714160016743,243.38278198242188,90816100
2018-01-16,244.635113908474,245.28314537911018,241.85903880898815,242.55087280273438,106555100
2018-01-17,243.4790758012206,245.24803979912306,242.55080465403827,244.8627166748047,113258800
2018-01-18,244.74891673015898,245.16924983149102,243.96073871486877,244.451171875,100728000
2018-01-19,245.02914550833063,245.5633544921875,244.45118745715803,245.5633544921875,140920100
2018-01-22,245.35310814296204,247.5599365234375,245.30053979389277,247.5599365234375,91322400
2018-01-23,247.60381235548175,248.37445878471587,247.2797966352697,248.08547973632812,97084700
2018-01-24,248.7247148920054,249.32023133954712,246.8156307510147,247.98910522460938,134816100
2018-01-25,248.84733388077214,248.94365131161933,247.30604118603847,248.0941925048828,84587300
2018-01-26,248.92597851022714,251.0102178921558,248.67200960672318,250.96641540527344,107743100
2018-01-29,250.3973658914226,250.83523070502287,249.1450789385611,249.30270385742188,90118300
2018-01-30,247.48109276549476,249.355139473802,246.27258211778073,246.7454833984375,131796400
2018-01-31,247.59508049350308,248.0942261371767,245.79981848066515,246.8682098388672,108364800
2018-02-01,246.14127154046471,247.88396451331243,245.79972424269462,246.58787536621094,90102500
2018-02-02,245.27431660496606,245.40569741543945,241.1846746392417,241.21971130371094,173174800
2018-02-05,239.4682487852187,241.56999429566028,230.58833859278695,231.13128662109375,294681800
2018-02-06,227.6371032391523,236.18423076768082,226.55120733107026,235.68505859375,355026800
2018-02-07,235.133429601217,238.5137334891997,234.32774650050058,234.40658569335938,167376100
2018-02-08,234.70430506757302,234.8444250144231,225.57919062692255,225.61422729492188,246449500
2018-02-09,228.39030490954536,230.85110333455054,221.48956366279563,229.00332641601562,283565300
2018-02-12,231.04368310322172,233.82852299383882,229.14336521158504,232.3660430908203,143736000
2018-02-13,231.16630106964814,233.4869787378475,230.58831643292163,232.94403076171875,81223600
2018-02-14,231.46407028619402,236.44697345743825,231.45530443883456,236.08792114257812,120735700
2018-02-15,237.82186053714875,239.10918393763797,235.36980196590403,239.1004180908203,111200300
2018-02-16,238.478724986326,241.1059141597869,238.43492246501148,239.1705322265625,160420100
2018-02-20,238.22465688841936,239.6608658678304,236.884792035744,237.67294311523438,86369700
2018-02-21,238.11082745208617,240.58039086681103,236.39440524670226,236.49072265625,98883700
2018-02-22,237.41024722618403,239.1179035321851,236.13168977692354,236.79722595214844,110511300
2018-02-23,238.01457016716648,240.57168579101562,237.5416686709184,240.57168579101562,92766400
2018-02-26,241.640061258888,243.4615937865243,241.05333739504624,243.36524963378906,86491400
2018-02-27,243.5491092997396,244.25847475531668,240.26512379767468,240.32643127441406,99099200
2018-02-28,241.42109545648609,241.8677260411564,237.5766569550853,237.89190673828125,121907800
2018-03-01,237.6817338186659,239.22302620651877,232.94403427544523,234.4327850341797,176855100
2018-03-02,232.76888944879605,236.2017608336842,231.91069164643153,235.6412811279297,139083200
2018-03-05,234.4591362105326,238.9779049395382,234.35402619112688,238.36488342285156,97307400
2018-03-06,239.33690770561606,239.41574689391004,237.4803650844615,238.9691162109375,79213200
2018-03-07,236.8148065071499,239.2318019924513,236.62214492914111,238.8815155029297,87063500
2018-03-08,239.55579306900455,240.16004855957954,238.5662411871151,240.03746032714844,66901200
2018-03-09,241.43868875811225,244.21473693847656,241.1234121693243,244.21473693847656,113625300
2018-03-12,244.50370427918602,245.12546478485694,243.52286472111044,243.90818786621094,71924800
2018-03-13,245.06419683530876,245.56336917996262,241.72766880550603,242.33192443847656,91968900
2018-03-14,243.28643823853065,243.47033397164122,240.53666118934015,241.08834838867188,105895100
2018-03-15,241.59620759633455,242.23547289192678,240.32638940006495,240.8255615234375,83433000
2018-03-16,241.35053707930095,242.13307082578123,241.03402466421792,241.08677673339844,100343700
2018-03-19,240.33939942173015,241.26258738561367,236.18059944247648,237.82476806640625,109208400
2018-03-20,238.22043183337917,238.8622843868566,237.55220324796042,238.22923278808594,59757300
2018-03-21,238.18526083153392,240.26904790379376,237.5610101717847,237.7720184326172,78709600
2018-03-22,235.55630892583875,236.40036864987857,231.55576581760474,231.82835388183594,148785900
2018-03-23,232.26803765167045,232.59335103109134,226.69365175801394,226.8870849609375,183534800
2018-03-26,230.47441888594253,233.37589050211707,228.0828929673783,233.0945281982422,141956100
2018-03-27,234.02649096831001,234.55401162788922,227.5816696445901,229.12913513183594,129941400
2018-03-28,229.26104300814097,230.92281378321843,227.35308695144278,228.45213317871094,146452300
2018-03-29,229.58629004243443,233.22634297453382,228.46086810427252,231.3711395263672,111601600
2018-04-02,230.84363252390713,231.35360494123992,223.91525502005953,226.3771209716797,186286300
2018-04-03,227.60803509251616,229.75337511563475,225.82318539146522,229.27857971191406,119956900
2018-04-04,225.7440582138208,232.43503767325393,225.6121780545231,231.73165893554688,123715300
2018-04-05,233.48134616595655,234.43973799149228,232.399901960335,233.5605010986328,82652600
2018-04-06,231.6085949630932,233.0944806318079,226.84311918035417,228.35540771484375,179521200
2018-04-09,229.8061636069654,232.85711698010886,228.54886117383796,229.48085021972656,105442900
2018-04-10,232.35593638938647,233.9122029452148,231.22174005637157,233.12966918945312,103529000
2018-04-11,231.65251504199753,233.56047065698417,231.58218790589447,231.90750122070312,91140200
2018-04-12,233.22637129322584,234.75623479887636,233.0505131934638,233.81544494628906,68890500
2018-04-13,235.11675325942593,235.2310583547333,232.12735303095369,233.12966918945312,85079200
2018-04-16,234.75623511036522,235.81133004597996,233.93855129296216,235.04637145996094,63405300
2018-04-17,236.80487742177513,238.15890984627407,236.2949317937387,237.56103515625,64682000
2018-04-18,238.00063777761414,238.5369594052971,237.27965708240498,237.73687744140625,57303900
2018-04-19,237.0862163007596,237.2884504401643,235.38929558373255,236.4180145263672,77655900
2018-04-20,236.34763116423247,236.5674403540978,233.53406280108553,234.41329956054688,99953100
2018-04-23,234.9848952967911,235.53881891429748,233.30554936340266,234.3782196044922,65558000
2018-04-24,235.39811619816612,235.61792543371928,229.727027188022,231.22174072265625,112885500
2018-04-25,231.16023737683744,232.23290775015732,229.3490110331939,231.7932891845703,103840900
2018-04-26,232.81312110759345,234.97603613487092,232.37350270509603,234.14955139160156,67731900
2018-04-27,234.7562817142508,235.05521907784504,233.4374261990022,234.36941528320312,57053600
2018-04-30,234.98493407200195,235.53885778091208,232.49667786089591,232.56703186035156,82182300
2018-05-01,232.00422721914586,233.085698222423,230.4567617508169,232.98019409179688,74203400
2018-05-02,232.7867838895088,233.59566685895032,231.02830998632697,231.41517639160156,86368900
2018-05-03,230.58865425399074,231.5557932787328,227.7662847762269,230.90516662597656,136311500
2018-05-04,229.93808620727756,234.5716830878099,229.61277276002255,233.8946533203125,91222100
2018-05-07,234.65955231065522,235.65306748213024,233.97372176043777,234.68592834472656,55304900
2018-05-08,234.3166370355465,235.046391866308,233.12966183797334,234.68592834472656,67499200
2018-05-09,235.35412809761425,237.2796590645592,234.83538154395148,236.954345703125,59666100
2018-05-10,237.6929170304401,239.49536890141917,237.58741288817453,239.17002868652344,72063900
2018-05-11,239.2930742589877,240.16351004485756,238.78310192402338,239.89974975585938,59871500
2018-05-14,240.3306268052169,240.9812535676364,239.46896492705878,240.0141143798828,54790600
2018-05-15,238.79193197053002,238.80950704787915,237.42032463628027,238.36111450195312,87036100
2018-05-16,238.39630995615346,239.82066946496752,238.3699070898157,239.3634490966797,53942600
2018-05-17,239.0997171105429,240.23394037814572,238.3875372716767,239.16127014160156,56536400
2018-05-18,238.81827962528072,239.17876990944694,238.21160412658338,238.56329345703125,64368000
2018-05-21,240.0404974530814,240.8933584003689,239.6536310337644,240.3570098876953,58025900
2018-05-22,240.87575703514577,241.13074327395273,239.3634683467948,239.68878173828125,52966400
2018-05-23,238.42268614855146,240.37459317397244,238.2644031113261,240.3481903076172,64694200
2018-05-24,239.9525191856566,240.22508044807947,238.07974050165714,239.8557891845703,76043800
2018-05-25,239.2843780517578,239.9086288971025,238.7832064510981,239.2843780517578,56374800
2018-05-29,237.66651064654422,238.4226682898626,235.4244674131459,236.53228759765625,115908600
2018-05-30,237.83360457831984,240.12840023103232,237.76327742564035,239.68878173828125,69678400
2018-05-31,239.2842975163006,239.58323481813724,237.62255386312358,238.22042846679688,93519900
2018-06-01,239.51295569565073,240.85818723969737,239.44260170924423,240.5592498779297,71258400
2018-06-04,241.37689612487935,241.95719567720292,241.13951183027507,241.70220947265625,45385200
2018-06-05,241.83408907402762,242.25613242896702,241.06915729434598,241.87806701660156,51135000
2018-06-06,242.48475578039003,244.00581846747923,241.8692792083386,243.9003143310547,62732200
2018-06-07,244.38398076046977,244.67411721877548,242.9683949719898,243.87400817871094,72969400
2018-06-08,243.41675065452628,244.64767699624716,243.24969349041612,244.5949249267578,72139700
2018-06-11,244.81472291664812,245.63240678836053,244.70041782727702,244.92022705078125,58892500
2018-06-12,245.33342801607316,245.59718830684466,244.59487236973686,245.23672485351562,72329000
2018-06-13,245.47414161244484,245.72912781539785,244.25198949499742,244.4542236328125,79070600
2018-06-14,245.31593322081469,245.5972686789798,244.48064730639604,245.0697479248047,77097600
2018-06-15,244.2890235334783,245.09272527289687,243.18504207043173,244.75711059570312,120041600
2018-06-18,243.30863241102696,244.37730569060352,242.8317319063907,244.25364685058594,52917600
2018-06-19,241.99271200356594,243.5382858940997,241.57761393771582,243.31748962402344,97531500
2018-06-20,243.99744281465695,244.39488673588423,243.3968836492707,243.7324981689453,53785500
2018-06-21,243.7236994800423,243.74138042789414,241.71003896943648,242.20462036132812,71061400
2018-06-22,243.4587669902237,243.5735853463572,242.4254287376879,242.64622497558594,54898500
2018-06-25,241.4981440388532,241.65711089356964,237.66512380999848,239.34317016601562,137854200
2018-06-26,239.90845812626557,240.72097347590488,239.15774526109263,239.8731231689453,68547400
2018-06-27,240.45596646380378,241.8778814341139,237.73574146013553,237.88589477539062,105110700
2018-06-28,237.83288561084004,240.0055130673899,237.12632147068877,239.24598693847656,76650500
2018-06-29,240.33232635511777,241.69243896297095,239.47563572553543,239.5904541015625,97592500
2018-07-02,238.0272433258781,240.2617007234997,237.7887660807343,240.1027069091797,63554800
2018-07-03,240.9946359040203,241.09180024895247,238.83084928113527,239.2547607421875,42187100
2018-07-05,240.37651106391488,241.26850972620292,239.30783764014325,241.20668029785156,56925900
2018-07-06,241.23312003921285,243.6177029346698,240.85333007414008,243.2467803955078,66493700
2018-07-09,244.24482851406478,245.49012273882505,244.20068004015275,245.4371337890625,50550400
2018-07-10,245.8875299733104,246.41744634420857,245.5960638406166,246.32028198242188,51966800
2018-07-11,244.7747011260493,245.56074866119906,244.21829030052362,244.51856994628906,77054700
2018-07-12,245.77263769565877,246.78829471201885,245.17207856717812,246.7353057861328,60124700
2018-07-13,246.55873442688798,247.22993660683716,246.1083015139333,246.92965698242188,48216000
2018-07-16,246.97391031741824,247.11519622423071,246.26734601999573,246.7089385986328,48201000
2018-07-17,245.94053910016683,248.09551275339552,245.88755015399468,247.7069091796875,52315500
2018-07-18,247.78646521204053,248.3340357847289,247.34487256275293,248.22805786132812,44593500
2018-07-19,247.56560956155548,247.94537268029526,246.81489684712972,247.2918243408203,61412100
2018-07-20,247.08866921038307,247.71574999539607,246.85021895228073,247.00918579101562,82337700
2018-07-23,246.8061626077586,247.67166702127622,246.46170737592143,247.4685516357422,47047600
2018-07-24,248.872632040719,249.5526745782968,247.84813452195758,248.71363830566406,68026900
2018-07-25,248.46640268548683,251.15129239985026,248.42225422037487,250.83335876464844,78882900
2018-07-26,250.11803679974358,250.92171154070462,250.02087242114126,250.24166870117188,57919500
2018-07-27,250.56841853650917,250.66558290567048,247.6274242314407,248.5459442138672,76768700
2018-07-30,248.62540123873816,248.78436805939725,246.72653205442597,247.2476348876953,63742500
2018-07-31,248.00722984681568,249.07587637479276,247.62746668559606,248.4664764404297,68570500
2018-08-01,248.66954026480906,249.17296213045086,247.4065923164075,248.05130004882812,53853300
2018-08-02,246.75303328578758,249.57036821914787,246.54989106312462,249.402587890625,63426400
2018-08-03,249.52625329547863,250.5242566432012,249.34960551701437,250.4712677001953,53935400
2018-08-06,250.5065551706273,251.69883311496747,250.11795169378726,251.38973999023438,39400900
2018-08-07,252.05214459683614,252.59971490730823,251.91964530335906,252.2199249267578,43196600
2018-08-08,252.05211966798237,252.51136605493642,251.65467573218658,252.11392211914062,42114600
2018-08-09,252.17580404927884,252.56440759328345,251.6370741534844,251.76954650878906,35717000
2018-08-10,250.3388338691097,250.877563856801,249.3761383667904,250.08270263671875,77076000
2018-08-13,250.35641280057763,250.96581250887203,248.85498776076128,249.14645385742188,65732900
2018-08-14,249.8707780696921,250.97475961134043,249.48217441081795,250.7362823486328,43842000
2018-08-15,249.39377745931876,249.5350902895857,247.43310573744802,248.86386108398438,102925400
2018-08-16,250.29461239199935,251.74304866436498,250.25927744683614,250.8775177001953,69967900
2018-08-17,250.67429326908155,252.20221245261408,250.2680358672331,251.7606201171875,65618500
2018-08-20,252.21116035768992,252.56442898598036,251.7607273588351,252.2994842529297,39807500
2018-08-21,252.81159938159115,253.7477729296389,252.3346721364508,252.89108276367188,67272000
2018-08-22,252.48488142791183,253.2620883843199,252.2199098095026,252.7410125732422,44993300
2018-08-23,252.56448445286688,253.42117521476416,252.08755687596667,252.405517578125,49204900
2018-08-24,252.97945479500518,254.06578179563704,252.92646586352663,253.92446899414062,57487400
2018-08-27,255.1167641050527,256.03528390037553,254.95779729989957,255.92930603027344,57072400
2018-08-28,256.38862725312487,256.4946321068167,255.59376604279515,256.05303955078125,46943500
2018-08-29,256.26494502760124,257.66036537146607,256.02649479713034,257.4307556152344,61485500
2018-08-30,256.95392338238366,257.3248461005133,255.7969528404253,256.388671875,61229500
2018-08-31,255.9823019313726,256.8389923415614,255.4965610292986,256.39739990234375,66140800
2018-09-04,255.9822744947037,256.3090485522743,254.95777691120668,255.95578002929688,57594400
2018-09-05,255.60253656022672,255.80567878336433,254.26010526026445,255.2669219970703,72452400
2018-09-06,255.37291010566318,255.6731897392968,253.4740679488441,254.49856567382812,65909900
2018-09-07,253.45647312213768,254.97555259274915,253.2179958922097,254.00404357910156,73524800
2018-09-10,255.0107197495378,255.27569130837347,254.25119391005154,254.44549560546875,50210900
2018-09-11,253.80083230001168,255.7261688519213,253.45640421539017,255.28457641601562,50530500
2018-09-12,255.29338558212135,255.94693368226277,254.56035408758382,255.34637451171875,59810800
2018-09-13,256.40625295326265,257.04214717503464,256.1236273096607,256.8566589355469,51034200
2018-09-14,257.0598457510956,257.2453070700821,256.12367172789,256.90087890625,55079900
2018-09-17,256.84781844031767,256.88312642756125,255.26691004965062,255.5406951904297,68244000
2018-09-18,255.7527169447676,257.519087058753,255.7262224711646,256.9273681640625,61930400
2018-09-19,256.9803451034907,257.6162393929191,256.8566862640088,257.2011413574219,49080600
2018-09-20,258.45526183517813,259.60339151190027,257.2187813185035,259.2854309082031,100360600
2018-09-21,260.02439890895715,260.1397370028223,258.88880602844426,259.0484924316406,105479700
2018-09-24,258.4718933406768,258.61384587039015,257.61132474312956,258.18798828125,53409600
2018-09-25,258.64045746369817,258.74691509115587,257.7089261487671,257.9484558105469,44370000
2018-09-26,258.09037198021355,259.27031328454706,256.75959767511273,257.17657470703125,79739700
2018-09-27,257.64679250455623,258.9775668714285,257.3717679680432,257.89520263671875,59249500
2018-09-28,257.2741911414216,258.4186647996057,257.2387233149633,257.9218444824219,70091400
2018-10-01,259.1550084024449,259.88250494708444,258.1525143734769,258.8179016113281,62078900
2018-10-02,258.6669921875,259.3767275350329,258.29439060617904,258.6669921875,47258200
2018-10-03,259.7139072679814,260.1308843039914,258.45412274194115,258.8089904785156,64694600
2018-10-04,258.3299446701572,258.38317348526033,255.20707019384005,256.7862548828125,111545900
2018-10-05,257.00802678106885,257.52258097086235,253.92950091153634,255.3489990234375,105951700
2018-10-08,254.66585083523077,255.70386678274414,253.29072811491454,255.3489990234375,87742200
2018-10-09,254.9675107173781,256.2716436096142,254.4174345678273,254.9763641357422,74339000
2018-10-10,254.4707793126815,254.54176913998026,246.5305048575364,246.90310668945312,214731000
2018-10-11,245.8206752119577,247.43535491100366,239.85880384790093,241.46463012695312,274840500
2018-10-12,245.5455386731622,245.8294436264582,241.6419403266756,244.8180694580078,183186500
2018-10-15,244.46324812946958,245.78516911999583,243.35426945518478,243.4429931640625,102263700
2018-10-16,245.39482863663616,249.13874206234044,244.9246227192346,248.76611328125,118255800
2018-10-17,248.80162060409677,249.43151299855074,246.2465290481367,248.8105010986328,110626000
2018-10-18,247.87892571901244,248.47335024410975,243.9487115121267,245.21737670898438,134557500
2018-10-19,245.86507610708338,247.79024842316747,244.3923487966821,245.0843505859375,139901600
2018-10-22,245.74966193302623,246.06903477940648,243.45186148376848,243.9841766357422,82415800
2018-10-23,240.3822586323735,243.86000103241318,238.30622646615907,242.7421417236328,146352700
2018-10-24,242.4937072564188,242.87521650709292,234.83734103185068,235.38739013671875,177806700
2018-10-25,237.215004131383,241.14521847687237,236.19474905649375,239.61038208007812,138061500
2018-10-26,235.919686707921,240.42656388937482,232.69920847590527,235.39622497558594,201574600
2018-10-29,238.4748194879425,239.7612458831454,230.53454655364234,234.09213256835938,160749100
2018-10-30,233.92356062912407,237.87150885425123,233.43559371949442,237.5609893798828,157116000
2018-10-31,240.11603102911778,242.40497792574146,239.64582520534188,240.09829711914062,128296300
2018-11-01,240.95893467655137,242.84863900602303,239.87657021470125,242.65345764160156,99495000
2018-11-02,243.75357845494347,244.17943612779212,239.17571000187786,241.21624755859375,122634100
2018-11-05,241.70416230807044,243.09704625212134,240.73713599252275,242.5469970703125,65622500
2018-11-06,242.4848685099263,244.24147355438447,242.42275920086362,244.081787109375,60085900
2018-11-07,246.24651972727324,249.38715523548547,245.82066212583987,249.30731201171875,102752100
2018-11-08,248.5088135200468,249.49360071455664,247.71923474036157,248.85482788085938,65584900
2018-11-09,247.55069347645488,247.7369943421544,245.02221628610278,246.42398071289062,98812600
2018-11-12,245.91831640431604,246.15784612438193,241.3049528775946,241.8195343017578,99673600
2018-11-13,242.2807558502829,244.2680367260355,240.64834269167596,241.36695861816406,98176600
2018-11-14,243.2300950162858,243.62931112227972,238.1642876570456,239.71685791015625,125335900
2018-11-15,238.45702674823613,242.68002615726408,236.8867227096391,242.2186737060547,135101400
2018-11-16,241.12748033076366,243.75353448626663,240.6128990178907,242.84861755371094,126668000
2018-11-19,242.24535460365777,242.53814021262502,237.82719972907734,238.74099731445312,103061700
2018-11-20,235.4228520885428,236.8778451067653,233.46218537100248,234.32275390625,136021300
2018-11-21,235.8664462498529,237.01091983703193,235.11236240158553,235.1212158203125,75563700
2018-11-23,233.48888554647635,234.9438790991789,233.3913083830238,233.55099487304688,42807900
2018-11-26,235.795501037842,237.54325266330042,235.40513834461535,237.3214569091797,79981400
2018-11-27,236.29235423855013,238.1199493408203,235.6890762013248,238.1199493408203,75502400
2018-11-28,239.1845227391462,243.60267639160156,238.0577830930989,243.60267639160156,127629600
2018-11-29,242.83081683141555,244.4632300704117,241.69522383582375,243.07037353515625,82346400
2018-11-30,242.91963386332358,245.11097748673077,242.6002609018633,244.5520477294922,98204200
2018-12-03,248.65965601655134,248.76611364711172,246.20216879552547,247.7902069091797,103176300
2018-12-04,246.9651842740236,247.39104195901646,239.45074144985517,239.76126098632812,177986000
2018-12-06,235.9197036518377,239.5127837949778,232.83229721703475,239.39744567871094,204185400
2018-12-07,239.06030166124987,240.62175226185676,233.0008542401647,233.83480834960938,161018900
2018-12-10,233.657372960395,235.2454380472968,229.4432538802468,234.27841186523438,151445900
2018-12-11,237.46340468272,237.64970553153896,232.86780324734315,234.33164978027344,121504400
2018-12-12,237.2948893350299,238.6522785351608,235.4317992177743,235.5116424560547,97976700
2018-12-13,236.45203311733553,237.3126018184313,234.3227990647864,235.43177795410156,96662700
2018-12-14,233.2936104737999,234.2429026855889,230.53448461905714,231.08453369140625,116961100
2018-12-17,230.13525384256258,231.2442325398327,224.92749421213006,226.55104064941406,165492300
2018-12-18,228.18351077181723,228.84889811612692,224.7057410060324,226.30267333984375,134515100
2018-12-19,226.38247815956686,230.13525835424576,221.21908028326692,222.91358947753906,214992800
2018-12-20,221.67152791499083,223.23296500175658,217.04929888317656,219.28500366210938,252053400
2018-12-21,220.1818309485332,222.83215230759592,214.1494434382455,214.7919464111328,255345600
2018-12-24,213.3106229790265,214.9168804385262,209.05405773183995,209.11651611328125,147311600
2018-12-26,210.5710868788151,219.68211364746094,208.59895689050683,219.68211364746094,218485400
2018-12-27,216.46066729671128,221.56497508769397,213.23923382404874,221.36866760253906,186267300
2018-12-28,222.7161572592034,224.3402522831674,219.9230542277577,221.0831298828125,153100200
2018-12-31,222.69834072493202,223.2605343594227,220.83330337470466,223.01959228515625,144299400
2019-01-02,219.5036313704784,224.1707035858878,219.47686154729473,223.25155639648438,126925200
2019-01-03,221.51144088559573,221.81485489677348,217.44226452889308,217.9241485595703,144140700
2019-01-04,220.94038988695792,225.86624276540294,220.56559865721877,225.22373962402344,142628800
2019-01-07,225.49142984951663,228.40053118136873,224.59906597413217,226.99952697753906,103139100
2019-01-08,229.1768824554094,229.6141320120839,226.66040995079652,229.1322479248047,102512600
2019-01-09,229.83719158120317,231.04188801850194,228.61465767376785,230.20306396484375,95006600
2019-01-10,228.67716310716855,231.26501275988133,227.998957883904,231.01515197753906,96823900
2019-01-11,229.94428092089964,231.13113993995213,229.36424993914574,231.1043701171875,73858100
2019-01-14,229.2125586590983,230.4975647437102,228.81101127814628,229.69444274902344,70908200
2019-01-15,230.06924024283958,232.63925233057913,230.0603078903963,232.32691955566406,85208300
2019-01-16,232.7552380236273,233.77254582759014,232.55001177856187,232.8891143798828,77636700
2019-01-17,232.02347322973696,235.51261824704372,231.97883870913282,234.6559295654297,96118400
2019-01-18,236.45864597060617,238.24337414757653,234.69175527160084,237.77932739257812,127900300
2019-01-22,236.31574853008118,236.52990709177476,232.9604524887355,234.5666961669922,115531200
2019-01-23,235.59296459520885,236.28900723752506,232.6035405576887,235.0575408935547,86030300
2019-01-24,234.8790794198042,235.76253814239962,233.87070392027388,235.18247985839844,59204100
2019-01-25,237.02074100226002,237.99344153026766,235.28064789407634,237.17245483398438,96883400
2019-01-28,235.03970281433,235.43231781289492,233.61191535787162,235.369873046875,85613700
2019-01-29,235.51265512487782,236.07482141719495,234.22764913402008,235.0575408935547,66136300
2019-01-30,236.56564179420482,239.61751064912445,235.80712714019668,238.7786865234375,92473700
2019-01-31,238.71630307962187,241.35769290246475,238.50211720067534,240.8758087158203,104012100
2019-02-01,241.0720544623004,242.0090527116639,240.20646056117508,240.9917449951172,85782500
2019-02-04,241.03633188766523,242.7496820742339,240.36705915167047,242.6872100830078,60744800
2019-02-05,243.11564161573628,244.0080055837186,242.6159199722891,243.70460510253906,79552800
2019-02-06,243.42798109690716,243.91877039958163,242.65162878081327,243.3833465576172,58347800
2019-02-07,241.77706684167765,242.32139572551998,239.41230805498316,241.0631866455078,95482000
2019-02-08,239.82275352737142,241.4557671782695,239.00176690961732,241.3576202392578,75788900
2019-02-11,242.00907184662523,242.26783773930447,240.96499422513187,241.49148559570312,68021400
2019-02-12,243.09771367928155,244.97165552848838,243.02630933805298,244.5968780517578,72270200
2019-02-13,245.42680019751208,246.2299221230905,245.00738814719733,245.39109802246094,65277200
2019-02-14,244.31142366825398,245.97123492934475,243.49936913094467,244.8468475341797,83234400
2019-02-15,246.61367262481926,247.55067105300293,246.4084463582226,247.5149688720703,97088700
2019-02-19,246.72068831877638,248.59463001954094,246.7117559686361,247.94322204589844,59120800
2019-02-20,247.90750856764092,248.89804624089783,247.4077871725329,248.44293212890625,76610800
2019-02-21,247.8094616284365,248.1664017356935,246.60476493775758,247.55960083007812,64214700
2019-02-22,248.17529101841103,249.29074580289446,247.54172032600366,249.09445190429688,78114600
2019-02-25,250.51337387671342,251.03093305220366,249.353284252051,249.43359375,69030700
2019-02-26,249.08554511228368,250.12959564734055,248.88029160707416,249.25509643554688,56844100
2019-02-27,248.5411668870653,249.49600273163364,247.613128101166,249.1479949951172,56921600
2019-02-28,248.93385130668665,249.37112818057676,248.36275251349056,248.68399047851562,69268300
2019-03-01,250.25448603032754,250.64712824922503,248.80886114837762,250.2366485595703,78880500
2019-03-04,251.2896732145433,251.53060165753556,247.04201244545143,249.3264617919922,106494600
2019-03-05,249.45135123100573,249.6476723303093,248.44297591334555,248.9873046875,59114600
2019-03-06,249.1033874649968,249.11231981885473,247.158040619002,247.47927856445312,75039800
2019-03-07,247.0330474088362,247.17582887820254,244.57014195241382,245.40896606445312,94885100
2019-03-08,243.5617839077705,245.08771841916655,243.09776452384176,244.9181671142578,85795800
2019-03-11,245.63210731638674,248.63043708887793,245.60533748744615,248.46981811523438,65098900
2019-03-12,249.0230284007584,249.92432451181233,248.8356396365524,249.40673828125,79667500
2019-03-13,250.29019742497135,251.9856831238809,250.1295512511191,251.0576171875,80639200
2019-03-14,251.08445302283354,251.50386518997368,250.4598145657403,250.89706420898438,67518400
2019-03-15,251.4463989125399,252.94319500655243,251.2581574243086,252.13653564453125,81309000
2019-03-18,252.35164229173583,253.34654316082592,252.1275687228912,253.05075073242188,62199800
2019-03-19,254.10853359914776,254.87036225527248,252.2263091515709,253.11363220214844,90268100
2019-03-20,252.8984383933155,254.09946964121386,251.24925993264608,252.3516845703125,84609200
2019-03-21,251.5360485881354,255.60520506642865,251.4912174609429,255.20188903808594,79550400
2019-03-22,253.84848123456993,254.36831991076338,250.2274444826354,250.29019165039062,122659300
2019-03-25,249.9495619188549,251.13267684048535,248.84713754651028,250.10194396972656,85575200
2019-03-26,251.84980118259705,252.91639390365796,250.56810651871353,251.96632385253906,68125900
2019-03-27,251.9572942642795,252.53990748012842,249.10708476578716,250.64871215820312,72224700
2019-03-28,251.27619351280148,252.0469937300756,250.12893753291758,251.59884643554688,56238500
2019-03-29,253.10454798096015,253.5078639843625,251.98418016140363,253.18521118164062,82186800
2019-04-01,255.1750459210547,256.48362818526266,254.90614116907568,256.1878356933594,77617900
2019-04-02,256.3760406254756,256.54633873826305,255.5245500615383,256.31329345703125,40070400
2019-04-03,257.52333435925203,257.9177061153034,256.1161454730113,256.7166748046875,68243200
2019-04-04,257.03937579809605,257.6488495887163,256.34923877219444,257.39788818359375,48997500
2019-04-05,258.06115177688133,258.69751328043895,257.77433094188007,258.64373779296875,58621700
2019-04-08,258.22240554553275,258.9484017747412,257.5681008285221,258.8408508300781,53566300
2019-04-09,257.8818272500247,258.20448010644867,256.9676168040888,257.51434326171875,66142300
2019-04-10,257.9266096377098,258.4823350989078,257.5143219044501,258.3927001953125,52601500
2019-04-11,258.8767125839089,258.88568428123676,257.756344527357,258.3210144042969,55093100
2019-04-12,259.9253762346362,260.3466356971258,258.36583273010336,260.06878662109375,69727800
2019-04-15,260.140488185737,260.23909479705657,259.10078335831236,259.89849853515625,49596700
2019-04-16,260.7768668564986,260.83064233232835,259.47722903423164,260.06878662109375,52153200
2019-04-17,261.1801918114328,261.2070795502625,259.020118949662,259.43243408203125,58268300
2019-04-18,260.0150477371109,260.2122336271481,258.7243814300919,259.9433288574219,68708500
2019-04-22,259.1814564680707,260.31974047739857,259.09182156001907,260.1673583984375,40160100
2019-04-23,260.5348552038877,262.73975916905067,260.30183725475945,262.5067138671875,52246600
2019-04-24,262.4260254214715,262.7576499482489,261.7806924075933,261.9241027832031,50392900
2019-04-25,261.82556456716753,262.41712226378763,260.5797293423119,261.7628173828125,57770900
2019-04-26,261.8076981238745,263.0535335847613,261.036870426699,262.9818420410156,50916400
2019-04-29,263.071451059731,263.91397021762236,262.98181612432387,263.39410400390625,57197700
2019-04-30,263.053468419192,263.81532422738735,261.6463068189115,263.52850341796875,81111700
2019-05-01,264.1558268173081,264.36198432958724,261.53863572703256,261.547607421875,71671900
2019-05-02,261.4311183473855,262.3453560513314,259.4951193512274,260.98297119140625,65030200
2019-05-03,262.45299727175797,263.81535524757965,261.0906119431951,263.5375061035156,56543700
2019-05-06,259.2531642106628,262.89211741292036,258.9394556892126,262.45294189453125,107198100
2019-05-07,260.0598739928055,260.6514317140308,256.1699586920878,258.0700988769531,144729900
2019-05-08,257.7115478515625,259.41450187392644,257.11999021906496,257.7115478515625,91568300
2019-05-09,255.6500378691589,257.53223405255756,253.92016904937915,256.9317321777344,103471100
2019-05-10,255.99962249136024,258.9753267004435,253.02391828227698,258.2224426269531,112429300
2019-05-13,253.13149035474845,254.09050462722408,250.89969857658744,251.73324584960938,127290500
2019-05-14,252.7460330950823,255.53352272595444,252.62056611045082,254.0098114013672,77003200
2019-05-15,252.38750784139702,256.134011438669,252.18135030607803,255.49765014648438,73956400
2019-05-16,256.1968305524886,259.2173388055751,256.1251390237881,257.86395263671875,76749600
2019-05-17,255.56950947289934,258.6706817865958,255.55156607134714,256.1968994140625,100353000
2019-05-20,254.6013563431719,256.304310040441,253.75883751403418,254.50277709960938,62877600
2019-05-21,256.1877708565927,257.17369999218766,255.93680956323482,256.7972717285156,46847100
2019-05-22,255.84724901110678,256.95864532113876,255.5335404986103,256.0085754394531,49482500
2019-05-23,253.7947494674691,253.83955325059122,251.4733500353622,252.8805389404297,98733800
2019-05-24,254.31458236521192,254.72689751246438,252.83570197072484,253.4541473388672,55268100
2019-05-28,253.73197043431873,254.68204028022222,251.07894675251654,251.09686279296875,70029400
2019-05-29,249.98547626642363,250.38879233781626,248.01361763049988,249.41183471679688,104972900
2019-05-30,250.16473961902375,250.998314274955,248.9995677340899,250.09304809570312,62523800
2019-05-31,247.5565513560174,248.38112697686873,246.6960889437325,246.7229766845703,86862800
2019-06-03,246.7587690149791,247.8701651376711,244.76899467590567,246.09552001953125,96428000
2019-06-04,248.3811324117829,251.57193870713078,247.93298515285497,251.4375,77231900
2019-06-05,253.0508086165342,253.64236625592756,251.24927531078833,253.615478515625,71169700
2019-06-06,253.91121688409606,255.93682337813306,253.2658839016666,255.2646026611328,69430400
2019-06-07,256.277403586193,258.8945947828686,256.1071054936321,257.81903076171875,74272200
2019-06-10,259.36077067943074,260.66040882386903,258.9126233679336,259.00225830078125,60799100
2019-06-11,260.8127666619331,261.18025074401487,258.2941809298953,258.93951416015625,58641300
2019-06-12,258.70643444478026,259.26213260858515,257.97146645593216,258.48236083984375,47096300
2019-06-13,259.3875322535689,259.9073981995692,258.688423881801,259.5488586425781,48945200
2019-06-14,259.2621154785156,259.8626173825372,258.50025980152225,259.2621154785156,52324700
2019-06-17,259.4951564689148,260.1225735181229,259.19041964158777,259.3607177734375,39205700
2019-06-18,261.1712991311088,263.1252148132128,260.8127594054737,262.0765380859375,85434800
2019-06-19,262.21091089679237,263.19684018898215,261.24292499801845,262.66802978515625,78674400
2019-06-20,265.33905767145455,265.58104736339334,262.7308371362649,265.1777038574219,116570000
2019-06-21,264.9092951972342,266.1611896327849,264.57605770329127,264.7922058105469,83309500
2019-06-24,264.99933890935563,265.3145457048724,264.3148333255094,264.46795654296875,47582700
2019-06-25,264.52194695651394,264.5489654623911,261.7659494139915,261.8740234375,82028700
2019-06-26,262.76575082413854,263.27011476224845,261.5048409788637,261.6129150390625,51584900
2019-06-27,262.3694009589699,263.0448911665439,261.99114183475797,262.54052734375,40355200
2019-06-28,263.51325387039157,264.3868890801006,262.99990213807325,263.89154052734375,59350900
2019-07-01,267.2059187927584,267.42209435949115,265.0893772140861,266.2872619628906,78705600
2019-07-02,266.24217041717526,267.0347499022663,265.40456925097106,266.980712890625,61504500
2019-07-03,267.6562712698563,269.1333565933882,267.51216337347967,269.1153259277344,40898900
2019-07-05,267.8904556118029,268.97125111423253,266.6025273362104,268.8091125488281,51677300
2019-07-08,267.5031576476492,268.6289747449363,266.7916335461484,267.33203125,45841800
2019-07-09,266.17921005141125,267.96248683915957,266.12517302667766,267.665283203125,41101300
2019-07-10,268.727974274822,269.8898249593652,268.1965920202201,268.9441223144531,58448500
2019-07-11,269.5837223653779,269.8178736807302,268.5749944309455,269.57470703125,50826100
2019-07-12,270.0610735778993,270.8536533963706,269.75485455454003,270.7815856933594,40326000
2019-07-15,271.2139264803352,271.2139264803352,270.36730957434435,270.8716735839844,33900000
2019-07-16,270.7815196152054,270.98867985359067,269.6917363736322,269.9979553222656,36650100
2019-07-17,269.9710288505612,270.133139969381,268.16070556640625,268.16070556640625,36036300
2019-07-18,267.6652155038027,269.52055951244586,267.2239040848407,269.14227294921875,51392600
2019-07-19,270.2321804207565,270.25919893598274,267.4761819245853,267.6473083496094,58678600
2019-07-22,268.0435207619146,268.8451157071079,267.53016906834114,268.3047180175781,43638100
2019-07-23,269.42160741038407,270.2231750488281,268.59299376994335,270.2231750488281,44564500
2019-07-24,269.4665409634946,271.4930114746094,269.37647011029196,271.4930114746094,47213200
2019-07-25,271.0427226212248,271.09675964355466,269.39451098285616,270.19610595703125,55394100
2019-07-26,270.88065244844626,272.2046146669419,270.75454772012597,272.0064697265625,45084100
2019-07-29,271.8892728778087,272.0063622261813,270.96160090669963,271.510986328125,38126500
2019-07-30,270.1149553913158,271.2497874325233,269.73666888232674,270.844482421875,45849000
2019-07-31,271.08782613710844,271.27698325812787,265.87305950785264,267.8815002441406,104245200
2019-08-01,268.03454960744455,270.9796773444244,264.75615690970017,265.5487365722656,142646600
2019-08-02,264.65716114556676,264.90032781024166,262.00022107464287,263.5493469238281,116749700
2019-08-05,259.46937844496574,259.5774525151134,253.73221750649435,255.62359619140625,178745400
2019-08-06,257.5059692772363,259.4243665522127,256.037898968751,259.20819091796875,120711700
2019-08-07,256.1459566755456,260.12685889869357,254.02042672269945,259.3612976074219,140572300
2019-08-08,260.847336151514,264.449951171875,260.2979505540792,264.449951171875,87713900
2019-08-09,263.5132098204003,264.1076444758025,260.87430145284293,262.6485900878906,93730000
2019-08-12,261.1534842703851,262.6395570659091,258.5055607500272,259.4512634277344,65527600
2019-08-13,259.1540643328322,264.9272573466739,258.8118115588366,263.4862060546875,94299800
2019-08-14,259.45130980415513,260.0547323721658,255.56949467797537,255.69557189941406,135622100
2019-08-15,256.5781929304247,257.2626984377654,254.33557434084287,256.37103271484375,99556600
2019-08-16,258.019294138563,260.5861353169893,256.42511942287445,260.1538391113281,83018300
2019-08-19,263.1620087111855,263.9635762174009,262.4865184312846,263.2880859375,53571800
2019-08-20,262.78372151003504,263.3151038974845,261.1445526567622,261.2706298828125,51596400
2019-08-21,263.4232587515526,263.76548414054434,262.73875300201854,263.396240234375,49524700
2019-08-22,264.09871638415376,264.72915753530043,261.54985080842727,263.31512451171875,51666400
2019-08-23,262.0182764819208,263.6754765607559,255.30839311825704,256.5513000488281,149161500
2019-08-26,258.7308184666326,259.3883056640625,257.20871127967257,259.3883056640625,72423800
2019-08-27,260.77533291189644,261.1446043021233,257.614028987942,258.3705749511719,66668900
2019-08-28,257.713142961908,260.35205252602015,256.9115477267474,260.18994140625,59696700
2019-08-29,262.73872607625174,264.035669739417,261.7389860715827,263.5132751464844,57899400
2019-08-30,264.99038771940667,265.0083909022667,262.4685678302421,263.396240234375,62901200
2019-09-03,261.70292234690453,262.61256378979675,260.5320561790313,261.85601806640625,69101400
2019-09-04,264.01763373547163,264.8462197315112,263.2700757868123,264.8282165527344,46887300
2019-09-05,267.304963480264,269.1422768547037,264.7921324861671,268.2326354980469,83258100
2019-09-06,268.5479208659887,269.07930324088835,267.8724306034567,268.4398193359375,49584300
2019-09-09,269.42159848406766,269.51164187797576,267.63829401515704,268.5749816894531,51260300
2019-09-10,267.81841132882255,268.57498473811705,266.5665167900906,268.5119323730469,57947100
2019-09-11,268.8181022138992,270.50232018051446,268.1696304715146,270.4212646484375,68821100
2019-09-12,271.3219983730847,272.411781940242,270.565452364711,271.3580322265625,72908700
2019-09-13,271.7991874323901,272.15045545863717,270.80846317526374,271.177734375,62104800
2019-09-16,270.0519941888065,271.2228604559255,269.7007535487089,270.3402099609375,58191200
2019-09-17,270.142038313085,271.1147320905333,269.9709119331818,271.0246887207031,41475500
2019-09-18,270.6373546642417,271.2948415977052,268.61088433982394,271.186767578125,73375800
2019-09-19,271.5740673040189,272.56479171883785,270.83552478699335,271.16876220703125,76560500
2019-09-20,271.7696332635808,272.0501507115491,269.100451345295,269.88763427734375,89565000
2019-09-23,269.2270389853923,270.53902859724644,268.97369250459167,269.82421875,43476800
2019-09-24,270.91016980952116,271.29923292494135,266.7480228558923,267.7071228027344,94869400
2019-09-25,267.78841257718466,269.73375474914366,266.31356316285877,269.2904052734375,71854000
2019-09-26,269.2994676970623,269.507556991821,267.3269822031937,268.72943115234375,56179700
2019-09-27,269.4804578779437,269.5890586383506,265.7345462186397,267.2817687988281,84746600
2019-09-30,267.7974924652988,269.2270847903198,267.75226286244816,268.5213317871094,51662400
2019-10-01,269.39902066453936,270.05048714568625,265.1102157710653,265.3273620605469,88242400
2019-10-02,263.7529700767548,263.7620270421523,259.35559247468234,260.6404113769531,122539500
2019-10-03,260.4142414543203,262.80296115805885,257.70885927355687,262.77581787109375,85278800
2019-10-04,263.42725373830876,266.5850420764219,263.37293955799163,266.3316955566406,65091200
2019-10-07,265.5354464421896,267.1550692865488,264.9020663585836,265.18255615234375,59610500
2019-10-08,263.33682468669383,264.06972112299644,261.0295346060289,261.06573486328125,95708100
2019-10-09,263.0743071151631,264.47675583286633,262.4499841085226,263.5447998046875,62359400
2019-10-10,263.4634494419576,266.2050317974711,263.3005897248464,265.3273620605469,55296300
2019-10-11,268.06894596333944,270.3038352478275,267.9513434643262,268.0780029296875,98720400
2019-10-14,267.7613050131464,268.4308854111592,267.4355855865738,267.7794189453125,40394800
2019-10-15,268.8198544458258,271.17237295120003,268.7022243786533,270.430419921875,46754500
2019-10-16,269.9689199600439,270.68372961624937,269.5617708743734,269.9960632324219,48928200
2019-10-17,271.154277975475,271.66097090586624,270.1046918731806,270.7923583984375,45736600
2019-10-18,270.2585831298609,270.9009925949094,268.7565903144165,269.60711669921875,64304000
2019-10-21,270.9190616234861,271.6338438567144,270.4847415374763,271.4347839355469,39048600
2019-10-22,271.9686001962502,272.2581468989858,270.4575783893553,270.5480651855469,48594700
2019-10-23,270.29476731931624,271.38958319579564,270.0866504119283,271.3352966308594,34352200
2019-10-24,272.2672015758795,272.41197492603146,270.95521207385355,271.7785949707031,35453100
2019-10-25,271.2086350532512,273.43449487557064,271.1543484832142,272.8916015625,45205400
2019-10-28,274.104059618288,274.9274427834081,274.0769163320841,274.4297790527344,42147000
2019-10-29,274.1583856411072,275.2713157610166,274.0316985454579,274.348388671875,44284900
2019-10-30,274.5474127172058,275.56079889886877,273.24447973715274,275.1898498535156,49643900
2019-10-31,275.1807761315872,275.1807761315872,273.00923050128966,274.4569091796875,69053800
2019-11-01,275.8955169845089,277.0446192410411,275.7326297032093,276.9993896484375,71141500
2019-11-04,278.5466859006218,278.6824023272669,277.74138908135876,278.11236572265625,60606900
2019-11-05,278.3113499124113,278.6099535824334,277.515110275944,277.8046569824219,42933200
2019-11-06,277.80466795268586,278.13944426471744,276.92699844774336,277.8680114746094,46487100
2019-11-07,279.19813566220006,280.17532148829997,278.37475257286513,278.8452453613281,54272300
2019-11-08,278.50139799497526,279.5871845138949,277.80470200649904,279.53289794921875,49032100
2019-11-11,278.1575846131219,279.17097060937425,278.0218405924795,278.9990539550781,35797300
2019-11-12,279.3609854935828,280.482944664036,278.81809222595433,279.5871887207031,46484600
2019-11-13,278.6010045783601,280.0758543475074,278.3748013036493,279.677734375,53917700
2019-11-14,279.3971693561255,280.16626580577037,278.76378931225406,280.0848083496094,51219900
2019-11-15,281.41494010951646,282.156893425013,280.7273009797878,282.1116638183594,62023600
2019-11-18,281.8763526775857,282.554962331027,281.42394624195816,282.3197021484375,49228000
2019-11-19,282.9168297430437,282.92588670614794,281.5958109263683,282.23822021484375,67804700
2019-11-20,281.65021472804375,282.165964811224,279.64152858386626,281.1887512207031,79406200
2019-11-21,281.2972742396407,281.40584736131234,279.9400549933533,280.73626708984375,54664700
2019-11-22,281.4782868521623,281.6140032863701,280.3563275124406,281.36065673828125,44850200
2019-11-25,282.2835536082596,283.5412292480469,282.2835536082596,283.5412292480469,48647200
2019-11-26,283.5773237285766,284.36450628212054,283.2606337921869,284.18353271484375,37569000
2019-11-27,284.66322888151734,285.450439453125,284.44608257911733,285.450439453125,44444600
2019-11-29,284.8893902243896,285.13370739133796,284.1655509144457,284.3917541503906,36592700
2019-12-02,284.6450724653287,284.70841599216465,281.5506279673351,281.97589111328125,75767800
2019-12-03,279.27048230227246,280.16626580577037,277.8951767026078,280.0848083496094,73941700
2019-12-04,281.1253797697638,282.4101986278276,280.7815464488824,281.8130187988281,49080000
2019-12-05,282.5097327325432,282.52781904939724,281.0167694048144,282.3197021484375,40709000
2019-12-06,284.21985826013315,285.296587950962,284.2108012939693,284.8984680175781,48927000
2019-12-09,284.5093785762691,285.17893130524726,283.9302850497049,284.002685546875,34838500
2019-12-10,283.9483470355303,284.6088426783579,283.03447731165807,283.6859436035156,52649800
2019-12-11,284.13844266213465,284.744679558798,283.6046062730117,284.4913330078125,53429100
2019-12-12,284.5003229017807,287.72145472298655,284.2650903166584,286.9433288574219,96389600
2019-12-13,286.70805752730325,288.3367373053921,285.9389610442639,287.115234375,81503900
2019-12-16,288.83433053350143,289.6757997737845,287.0518482906718,289.0876770019531,82749700
2019-12-17,289.4678131479023,289.7663893151713,289.0696931830743,289.151123046875,61097700
2019-12-18,289.5401661044706,289.7663693592397,289.11490288099657,289.169189453125,48133000
2019-12-19,289.35910110545524,290.4268011165482,289.10575464460294,290.3544006347656,85310500
2019-12-20,291.38186206644457,292.75485547897176,290.4089735855106,291.62738037109375,147142100
2019-12-23,292.40942038274756,292.4639738562155,291.92751286814024,292.072998046875,52990000
2019-12-24,292.3002756332288,292.3457276057537,291.7819899538515,292.0820617675781,20270000
2019-12-26,292.4639163918748,293.64597283116717,292.45484264705334,293.6368713378906,30911200
2019-12-27,294.3643024909242,294.418855959817,293.0367885004356,293.56414794921875,42528800
2019-12-30,293.64599037883215,293.7823740438549,291.4637407446412,291.9456481933594,49729100
2019-12-31,291.4455407994425,292.9003645160912,291.10001704503725,292.65484619140625,57077300
2020-01-02,294.1825094519957,295.4100181767864,293.2641463451921,295.3918151855469,59151200
2020-01-03,292.01845232203294,294.27343102956564,291.96389884711743,293.155029296875,77709700
2020-01-06,291.4091808205573,294.35520666204394,291.29097239733835,294.27337646484375,55653900
2020-01-07,293.70964975181556,294.182483506946,293.0004268675797,293.44598388671875,40496400
2020-01-08,293.63695478138766,296.21925449633176,293.3914641292551,295.00994873046875,68296000
2020-01-09,296.56469419323554,297.08297983800134,295.9827535924202,297.0102233886719,48473300
2020-01-10,297.59219676942917,297.74675568148257,295.69184361108466,296.1555480957031,53029300
2020-01-13,296.77381530405864,298.20133448643156,296.34646137408055,298.1922607421875,47086800
2020-01-14,297.7558156184295,298.8014606220253,297.1829765277459,297.7376403808594,62832800
2020-01-15,297.64680703898097,299.1652584571871,297.56497682019716,298.41058349609375,72056600
2020-01-16,299.7834613359126,300.89276123046875,299.5561460111958,300.89276123046875,54050300
2020-01-17,301.6021218272131,302.03854969119607,300.8292438201229,301.8294372558594,95846000
2020-01-21,300.8746127318583,302.0384662952364,300.80188402409743,301.2383117675781,77742400
2020-01-22,302.09295728378254,302.7385527682541,301.1200688078495,301.2746276855469,48914900
2020-01-23,300.62911709140155,302.02938749135257,299.51981701453644,301.6202087402344,51963000
2020-01-24,302.27492953861935,302.3567597530786,297.6558650559744,298.93792724609375,87578400
2020-01-27,293.7186422228721,295.61899478745056,293.38222002103305,294.14599609375,84062500
2020-01-28,295.5645211349526,298.1013683192747,294.23700720360983,297.2284851074219,63834000
2020-01-29,298.5832802273967,298.8105955905337,296.78293256190744,296.98297119140625,53888900
2020-01-30,294.9280227504924,298.1559174611264,294.18244947017035,297.94677734375,75491800
2020-01-31,297.3285728012533,297.4831594979668,291.62751199111693,292.5367736816406,113845600
2020-02-03,294.0096870424728,296.5647094244046,293.8914786175827,294.7098083496094,69083000
2020-02-04,298.30146950480867,300.0654392862416,297.9832223847323,299.2016296386719,62573200
2020-02-05,302.12027738152585,302.8658783940737,300.6654813306938,302.65673828125,65951100
2020-02-06,303.611485421549,303.866077510334,302.6021908116986,303.6751403808594,50359700
2020-02-07,302.6204088136821,303.6842291934215,301.5111087114118,302.0566711425781,64139400
2020-02-10,301.1747098442984,304.3753004752346,301.1383316131343,304.3116455078125,42070000
2020-02-11,305.65731897728693,306.4392704707863,304.31160210077036,304.8389892578125,54864500
2020-02-12,306.2664594334923,307.01206032981906,305.90276047747614,306.8029479980469,43992700
2020-02-13,305.3844613693343,307.4394006150512,305.1116941015181,306.4755859375,54501900
2020-02-14,306.88484460300674,307.084883234379,305.6937143088903,306.9666748046875,64582200
2020-02-18,305.97562052387593,307.0303672773859,304.79356383100367,306.1756591796875,57226200
2020-02-19,307.13941318370024,308.31234039976835,306.8575443722306,307.6394958496094,48814700
2020-02-20,307.0939373986902,307.9122948602321,303.4023383220383,306.3756408691406,74163400
2020-02-21,305.02997213526146,305.33911773127744,302.40219294643487,303.2205505371094,113788200
2020-02-24,293.81879296639795,303.2932828550101,292.0911738086347,293.16412353515625,161088400
2020-02-25,294.5461478579809,295.15533747281677,283.40769541596455,284.28057861328125,218913200
2020-02-26,285.6717381934317,289.24512881329986,282.5075263003692,283.23492431640625,194773800
2020-02-27,277.7429540817692,283.28945366437136,270.51434326171875,270.51434326171875,284353500
2020-02-28,262.5037634964114,270.8598775435434,259.63049429346006,269.3777770996094,384975800
2020-03-02,271.15087035057456,281.1072951028056,267.7411396475447,281.04364013671875,238703600
2020-03-03,281.41641279396447,285.36260407327984,270.5689305856393,272.99664306640625,300139100
2020-03-04,278.3430838776504,284.6897381780031,275.8062369064446,284.47149658203125,176613400
2020-03-05,277.3064927178907,280.47980544872934,272.7874634121353,275.01513671875,186366800
2020-03-06,266.5500781925707,271.6692263180458,263.8950494044823,270.468994140625,228667200
2020-03-09,250.31958328715822,258.4029282231817,248.63747235981762,249.34669494628906,309417300
2020-03-10,258.8121691635351,262.34007996344667,248.68298420253547,262.2491760253906,276444100
2020-03-11,255.22967678750464,256.357152002952,246.30072350494223,249.46493530273438,255316300
2020-03-12,232.77095094586227,242.46368215490747,225.20588838049142,225.5968780517578,392220700
2020-03-13,239.21764465584525,246.8463632341434,225.96970960296665,244.88235473632812,329566100
2020-03-16,219.29568561096787,233.5892777421095,215.8223138369543,218.0863800048828,297240000
2020-03-17,222.80541986754847,232.92551813203102,215.55861886674538,229.86129760742188,262070500
2020-03-18,214.81298732757568,225.83323011072352,207.32977053212235,218.22271728515625,327597100
2020-03-19,217.5408131695705,224.93311358035257,211.14870595523684,218.6864776611328,289322000
2020-03-20,221.81991016314782,223.59425218036205,208.98795912832034,209.26234436035156,347158800
2020-03-23,208.70444775234532,210.0672050409845,199.62238105359475,203.91189575195312,326025200
2020-03-24,214.40242305268706,223.25583646686758,213.83537051261308,222.38694763183594,235494500
2020-03-25,223.96009476171582,234.45980644396235,219.27730546743715,225.7161407470703,299430300
2020-03-26,228.21304450745478,240.35902646613818,227.78317753221316,238.8956756591797,257632800
2020-03-27,231.64281313729845,238.53895253940948,229.6123819008434,231.77999877929688,224341200
2020-03-30,233.8653195877224,240.02062901450944,231.88062142056566,239.30723571777344,171369500
2020-03-31,238.31031171628476,240.8437663965274,234.34091545507368,235.74026489257812,194881100
2020-04-01,226.80454835925843,235.6579634150699,223.0729450503608,225.1308135986328,189554600
2020-04-02,224.25279236456615,231.1031990211072,223.70402184860143,230.32579040527344,177660400
2020-04-03,229.34714837779504,231.68855710462185,224.2802250645069,226.99661254882812,135561200
2020-04-06,235.8225935231229,244.2004086447503,226.97833320682912,242.24313354492188,188061200
2020-04-07,250.79469636061012,251.5446817524612,242.27056950109602,242.4900665283203,201427200
2020-04-08,245.07838784415037,252.4318450589487,242.5998076155295,250.63006591796875,153774500
2020-04-09,253.87696541582113,257.18787098300805,251.94715525644546,254.4440460205078,189999200
2020-04-13,253.4744488428698,253.81284930273347,248.23373548552388,252.12081909179688,114839100
2020-04-14,256.9866545266391,260.5719034927361,251.9837459245979,259.55670166015625,134143400
2020-04-15,253.86781765923317,259.6938677231057,251.9379797452276,254.04159545898438,121775000
2020-04-16,255.31294643126998,256.11780634320706,252.21243826100684,255.26722717285156,131798300
2020-04-17,261.01079318295785,262.7668246277095,258.2852517367208,262.1632080078125,146684800
2020-04-20,258.4774461101888,262.3005301330581,257.32505859712245,257.5445556640625,100109300
2020-04-21,253.09959290216938,254.2977276747629,248.79176723631318,249.7246856689453,126385700
2020-04-22,254.58127082676452,257.00497766727835,253.2642324093466,255.26722717285156,92951600
2020-04-23,256.5383798804853,259.6937885331083,254.9469709487033,255.248779296875,104709700
2020-04-24,256.75795780388637,259.47434514496024,254.71837156685336,258.8066711425781,85063200
2020-04-27,260.77311225237196,263.6541227954052,260.3158081054895,262.5382995605469,77896600
2020-04-28,266.1692816947441,266.5168372940742,261.02918781823894,261.3310241699219,105270000
2020-04-29,266.63576694119143,269.69971044755005,265.61141007125656,268.17230224609375,118745600
2020-04-30,266.8003959721668,268.27292994080307,263.9468223645414,265.6754455566406,122901700
2020-05-01,260.9469235088545,265.8400840900195,257.48054981591537,258.6421203613281,125180000
2020-05-04,256.7671117660128,259.6572771920801,255.2946058776954,259.35546875,80873200
2020-05-05,262.16329381700166,264.5504076936841,259.4834707215646,261.751708984375,79569900
2020-05-06,263.44375944285997,263.82787926465915,259.54751949484415,259.9773864746094,73632600
2020-05-07,263.1785312311904,265.03518491368027,262.6114785663358,263.114501953125,75250400
2020-05-08,266.2332909565574,267.9344766802259,265.1083128503956,267.468017578125,76452400
2020-05-11,265.5473311983813,268.89480043068914,265.12661925786074,267.52288818359375,79514200
2020-05-12,268.70274053027424,269.11429745742555,262.0535213092714,262.19073486328125,95870800
2020-05-13,261.6328252672218,262.6663370220257,255.13910132073806,257.5536804199219,144721100
2020-05-14,255.1300233129989,260.7639864719799,249.67893717466515,260.6359558105469,121977900
2020-05-15,258.2578937473351,261.8797341345246,257.3158484879118,261.8340148925781,111146300
2020-05-18,268.0259508942396,271.4100127656581,267.70586031884966,269.8094482421875,119703800
2020-05-19,269.21494963691697,270.9161076201453,267.01989537303587,267.0381774902344,95189300
2020-05-20,270.55938333564245,272.4343188348608,270.3307313034634,271.5745849609375,85861700
2020-05-21,271.4464894183946,272.2513488450365,268.6111993151311,269.6995849609375,78293900
2020-05-22,269.4161179191645,270.3856002837618,268.18139138715867,270.2118225097656,63958200
2020-05-26,276.1476546483194,276.385461718517,270.2301383166859,273.541015625,88951400
2020-05-27,276.32145242701677,277.6476456136954,271.5197588989895,277.6110534667969,104817400
2020-05-28,278.6354121938182,280.6384065978622,276.4312028479003,277.098876953125,90405200
2020-05-29,276.63240179778086,278.91892240887853,273.89773207862925,278.3335876464844,119090800
2020-06-01,277.6933091449905,280.06214079412035,277.18113083769884,279.45849609375,55758300
2020-06-02,280.37317234448284,281.8182691361264,279.0470070132092,281.77252197265625,74267200
2020-06-03,283.74802731711804,286.47356968873544,283.47365603310084,285.5223693847656,92567600
2020-06-04,284.54374784901324,286.27237076977303,282.6870942924348,284.77239990234375,75794400
2020-06-05,290.14111331971145,293.83610963798606,290.0770840592824,292.0709228515625,150524700
2020-06-08,292.8757764564875,295.7933782251572,292.3361610829709,295.601318359375,73641200
2020-06-09,292.9490092600261,295.6745518741366,292.089275278113,293.3971862792969,77479200
2020-06-10,293.97343534314683,294.8606065808559,291.04667738676187,291.76007080078125,95000800
2020-06-11,284.86387360342525,285.49495551971415,274.3916260395954,274.94036865234375,209243600
2020-06-12,281.91887228767274,282.68713996158436,273.10206220090726,278.2330017089844,194678900
2020-06-15,272.571533180231,281.95542250093104,271.4008357686363,280.8304443359375,135782700
2020-06-16,288.54060937107715,288.68695003469736,281.39752145340583,286.23577880859375,137627500
2020-06-17,287.2509617160601,287.5436429956931,284.3150497306048,285.0467529296875,83398900
2020-06-18,283.53767829923845,285.63211084262696,283.08037422942215,285.1565246582031,80828700
2020-06-19,288.60695612206905,288.7998612118977,281.5885862007756,283.52691650390625,135549600
2020-06-22,282.9297852607961,285.74080016258773,281.79068924514235,285.3457946777344,74649400
2020-06-23,287.9822576249924,288.91008594994315,286.25522305494576,286.659423828125,68471200
2020-06-24,284.6292467086996,285.2447431567849,277.5190362259304,279.34710693359375,132813500
2020-06-25,278.77749712311356,282.60820823682303,276.76568904701736,282.341796875,89468000
2020-06-26,281.2487273580822,281.4600230740783,275.0571489247479,275.6358642578125,127961000
2020-06-29,276.88519211835774,279.82480106993296,274.6069720524608,279.68701171875,79773300
2020-06-30,279.25523166814565,284.95996268018115,279.09907976025323,283.2696533203125,113394800
2020-07-01,284.3811913050776,286.5124263442875,283.921874858754,285.2538757324219,72396500
2020-07-02,288.6712318949843,290.012456292064,286.1633816866912,286.8247985839844,69344200
2020-07-06,290.62796070760163,291.83136787282604,289.8838701103089,291.25262451171875,61713800
2020-07-07,289.71850628424903,291.68436650450917,287.87204481586895,288.2486877441406,82910000
2020-07-08,289.01107826646074,290.5635700836482,287.2565141278047,290.4533386230469,54638600
2020-07-09,291.0597259556873,291.298579547416,285.400942347233,288.7998962402344,83354200
2020-07-10,288.7355118423281,292.0150381063535,287.31164202517806,291.7486267089844,57550400
2020-07-13,294.0819264978031,296.45198681685406,288.5701296275512,289.22235107421875,102997500
2020-07-14,287.80771779411623,293.742107367341,286.61350606595687,292.970458984375,93657000
2020-07-15,296.176480597415,296.75522389579646,293.2919594068963,295.66204833984375,87196500
2020-07-16,293.7696908622151,295.1384452286561,293.12663646975597,294.6883239746094,54622500
2020-07-17,295.68955664678975,296.32341557834684,293.7236688220878,295.5425720214844,62774900
2020-07-20,295.2762584601807,298.6752124646105,294.5321678217421,297.9311218261719,56308800
2020-07-21,299.88780591530656,300.3287318894932,297.582027715605,298.5649719238281,57292200
2020-07-22,298.2066144886055,300.5767031253431,298.09638302353903,300.26434326171875,57792900
2020-07-23,299.9061124158589,300.6042824570707,295.32214278131715,296.68170166015625,75738000
2020-07-24,294.83524609108844,295.7906041405015,293.27355891752757,294.77093505859375,73766600
2020-07-27,295.4598485193683,297.0950136523208,294.66980979610577,296.92047119140625,48293000
2020-07-28,296.1948119559722,297.3063779975777,294.74338424671515,295.037353515625,57495000
2020-07-29,295.910055607234,299.2263352942239,295.8733024378187,298.66595458984375,48454200
2020-07-30,295.70792971724495,298.0137073048075,293.63183839287296,297.6003112792969,61861700
2020-07-31,299.382539332281,300.0531516272195,295.18437908952166,299.95208740234375,84986800
2020-08-03,301.60553393405814,302.79974538526255,301.0635439348531,302.03729248046875,53077900
2020-08-04,301.1830061675054,303.2040100097656,301.1830061675054,303.2040100097656,41917900
2020-08-05,304.49927818527294,305.344432870868,304.2328667686408,305.0871887207031,42697700
2020-08-06,304.5085050498795,307.2460137006027,304.1869778632997,307.1265869140625,43679400
2020-08-07,306.16203189273534,307.631850428163,305.2617613816024,307.3470764160156,57308300
2020-08-10,307.7971742288162,308.4493958165676,305.8680393000417,308.26568603515625,44282100
2020-08-11,309.4414882495584,310.0753471733993,304.99530851738695,305.72100830078125,69601100
2020-08-12,308.1462545152505,310.755168860554,308.11869664674026,309.9835205078125,53774400
2020-08-13,309.22102584901387,310.72759735332505,308.50449326474353,309.4231262207031,41816100
2020-08-14,309.0373370596852,309.96516537922156,308.31160912555913,309.4323425292969,47260400
2020-08-17,310.4428410719962,310.8102886684304,309.4415344570698,310.415283203125,35481000
2020-08-18,310.8103002489864,311.5084703323429,309.22105499298743,311.0859069824219,38733900
2020-08-19,311.46254034452477,311.97697263612196,309.2302686469379,309.7906494140625,68054200
2020-08-20,308.0727368847193,311.2328365188577,307.9441428478694,310.7551574707031,42207800
2020-08-21,310.42453944890786,312.0780679747212,310.08462162015525,311.85760498046875,55106600
2020-08-24,314.2827159430647,315.0911174646383,311.8299815443107,315.01763916015625,48588700
2020-08-25,315.577913595594,316.20257714942005,314.42042733716255,316.1199035644531,38463400
2020-08-26,316.70798019703517,319.5557205923027,316.16598999166297,319.2893371582031,50790200
2020-08-27,320.1528325405538,321.42971797916806,318.33392889941973,319.9874572753906,58034100
2020-08-28,321.0071551601329,322.1830044157413,319.8221106024278,322.05438232421875,48588900
2020-08-31,321.84305088658607,322.715735344681,320.65800656366764,320.8876647949219,66099200
2020-09-01,321.7144876310069,324.01107036337214,320.82341240947085,323.9100341796875,54908700
2020-09-02,325.81160515901706,329.55961577116307,324.6724810821894,328.5950622558594,69540000
2020-09-03,326.91390709312424,327.38241887389745,314.71446250184243,317.2866516113281,148011100
2020-09-04,317.9664062807728,319.52806537103726,307.6225909820258,314.6960754394531,139156300
2020-09-08,309.31290219076556,314.76041705680797,305.79455021998007,306.0976867675781,114465300
2020-09-09,310.0845465588693,314.5950377875089,309.2210293277964,312.1423034667969,91462300
2020-09-10,314.0071344529514,314.6593560242993,305.76699543534016,306.7223815917969,90569500
2020-09-11,308.49534310221514,309.5517654532482,304.0675252807341,306.8785400390625,84680200
2020-09-14,310.0294570524929,312.6843200062255,307.02553709097856,310.9205322265625,65605700
2020-09-15,313.36404795300973,314.1908119497624,310.929676393618,312.4913635253906,52920900
2020-09-16,313.72237632422525,315.1462463127431,310.9756444899073,311.2512512207031,82096000
2020-09-17,306.41915965970395,310.222312971966,305.89553222666234,308.5136413574219,91523300
2020-09-18,309.3151581691173,309.42583088639304,302.49006851927624,304.96185302734375,105877900
2020-09-21,300.3965164700501,301.7154136216698,296.73494295950627,301.5678405761719,99450800
2020-09-22,303.04352022017224,305.1924909636533,300.5440388915025,304.63909912109375,63612100
2020-09-23,305.19242034775965,305.4691302783531,297.07610235711314,297.57415771484375,93112200
2020-09-24,296.2645346304888,301.4110140489383,294.95484153622937,298.3674011230469,76681300
2020-09-25,297.51886972503877,303.9750423791619,296.6519238635727,303.19110107421875,71069400
2020-09-28,307.33225602777424,308.9370670302283,306.34537719783094,308.2268981933594,64584600
2020-09-29,308.0240422897534,308.7618794394136,305.8566069609374,306.54833984375,51304000
2020-09-30,307.2123525503483,312.00837765160077,307.01867525700635,308.8725280761719,104081100
2020-10-01,311.454934234135,312.4233486871583,308.9831496490162,310.8554382324219,88698700
2020-10-02,305.9302627773023,310.8277270180738,305.4598756326697,307.90399169921875,89431100
2020-10-05,309.95151622947265,313.5485198308616,309.9054119851824,313.36407470703125,45713100
2020-10-06,313.5024469624945,315.58687691174333,308.402072950753,308.9093322753906,90128900
2020-10-07,311.85149522821865,315.0888127766719,311.8238270503118,314.2864074707031,56999600
2020-10-08,316.2140965427438,317.13640685603946,315.30099019284074,317.07183837890625,45242500
2020-10-09,318.713623404534,320.36456712865646,318.0956911136912,319.9034118652344,59528600
2020-10-12,322.43044687423406,326.5162746526731,321.9416235525097,325.0498046875,80388500
2020-10-13,324.911520163135,325.08676139819215,321.9693476124568,322.9285583496094,73255500
2020-10-14,323.50033584861643,324.5886552411015,320.1708091953333,320.8994140625,57727900
2020-10-15,317.00718356557996,320.9823376815257,316.47225611409266,320.50274658203125,60357700
2020-10-16,321.8493854624627,323.500328734651,320.1339018625422,320.30914306640625,89501900
2020-10-19,321.5635185712875,322.19068289440474,314.5447498669606,315.43939208984375,68425600
2020-10-20,316.77665329081066,319.9309665581509,316.0203803185693,316.702880859375,60051900
2020-10-21,316.6566960303583,318.81492630925965,315.7989544419074,316.10333251953125,63575000
2020-10-22,316.31550456028447,318.41837073196325,314.184970207926,317.8373107910156,55399300
2020-10-23,319.0547837817538,319.1101201460179,316.47232629384683,318.91644287109375,49143900
2020-10-26,315.5500092529845,316.3339785921289,309.54576053915537,313.02288818359375,91473000
2020-10-27,313.3642136582386,313.6962319163576,311.731706115775,311.94384765625,65994100
2020-10-28,306.2992612343689,311.9714640421637,300.79306752806804,301.2818908691406,127094300
2020-10-29,301.5124642403669,307.49824909412393,299.83385273532434,304.3439636230469,90597700
2020-10-30,302.77601447703177,304.07647533605143,297.5372988957393,301.17120361328125,120287300
2020-11-02,304.546875,306.5390404964642,301.8168162223565,304.546875,86068300
2020-11-03,307.76574732319943,311.97148032731906,304.6298977179073,309.9239501953125,93294200
2020-11-04,314.3786207831499,320.90859233592846,313.2072970382518,316.8504333496094,126959700
2020-11-05,322.107657910906,324.8284847044749,321.75717547412864,323.02996826171875,82039700
2020-11-06,322.74409625190555,324.20136255773104,320.641229504609,322.95623779296875,74973000
2020-11-09,335.69328670949596,336.0714373165098,326.55318810389855,327.01434326171875,172304200
2020-11-10,326.0274414780705,327.5861480533205,323.2789749451511,326.53472900390625,85552000
2020-11-11,328.7114074071208,329.78129080470626,327.47551489956834,328.96044921875,58649000
2020-11-12,327.9550970682561,329.0065443622718,323.9707378060497,325.76922607421875,67546200
2020-11-13,327.6691129022936,331.01710320984637,327.1526214762621,330.2792663574219,62892200
2020-11-16,332.9355686346887,334.59571584824243,331.65354385962263,334.40203857421875,74541100
2020-11-17,332.0040195958482,333.8025358299785,330.5006493949441,332.603515625,66111000
2020-11-18,332.87100914114745,333.41516883301097,328.56380771525403,328.6007080078125,70591300
2020-11-19,327.9735317794911,330.3530798490243,326.63617065322336,329.9841613769531,59940900
2020-11-20,329.7259129229104,329.9288223028838,327.65071486954946,327.7244873046875,70417300
2020-11-23,329.52304728538064,330.94341313374053,327.30027592000744,329.6890563964844,63230600
2020-11-24,332.2253327900278,335.5456549747492,331.376823210232,335.0014953613281,62415900
2020-11-25,334.918533340122,334.9462015223956,333.3967270217236,334.48504638671875,45330900
2020-11-27,335.5732808505766,335.8868628858985,334.41116119575486,335.41650390625,28514100
2020-11-30,334.6418093714301,334.90928722000234,331.2661786885653,333.931640625,83872700
2020-12-01,337.16899213449574,339.11505340908474,336.5787000163199,337.5840148925781,74231400
2020-12-02,336.4772371080401,338.45096643579234,335.90540924809943,338.294189453125,45927000
2020-12-03,338.1927027053722,339.5854001362347,337.1043834074392,338.2019348144531,62882000
2020-12-04,338.7830112476437,341.116455078125,338.690774592366,341.116455078125,50749900
2020-12-07,340.3509588633568,340.9043507086095,339.151966654208,340.41552734375,48944300
2020-12-08,339.1519192516688,341.9741863066491,339.105814998791,341.4115905761719,42458900
2020-12-09,342.0664578235537,342.22323481665705,337.51947467671783,338.34954833984375,74098300
2020-12-10,336.984534864023,339.28107867484596,336.11756086582494,338.2388916015625,57735400
2020-12-11,336.5509954355729,338.2480428717824,335.03842130301246,337.84222412109375,57698600
2020-12-14,340.0003631645478,341.0702179679605,336.1543181789462,336.3295593261719,69216200
2020-12-15,338.8567862142581,340.87664794921875,337.49178503398645,340.87664794921875,63865300
2020-12-16,341.08877636600363,342.32466869787885,340.2125703879291,341.4115905761719,58420500
2020-12-17,343.0440579448397,343.52364911590456,342.2231883566635,343.32073974609375,64119500
2020-12-18,343.6078706270574,343.7745873422909,339.94920475396054,341.94989013671875,136542300
2020-12-21,338.0505313746445,350.5455264474356,335.32737773397275,340.72735595703125,96386700
2020-12-22,341.0514401770329,341.1625846556748,339.03224010396457,340.1529846191406,47949000
2020-12-23,341.11633348883834,342.35749412526934,340.13451942917413,340.4587097167969,46201400
2020-12-24,340.93110916719627,341.81105028673863,340.34760050896585,341.78326416015625,26457900
2020-12-28,344.32120737903944,345.1085187674578,343.7006410407155,344.7195129394531,39000400
2020-12-29,346.23841072844647,346.4143989143609,343.4782002616362,344.0617370605469,53680500
2020-12-30,344.8768330723695,345.580785813549,344.1636371354638,344.5526428222656,49455300
2020-12-31,344.35813994007736,347.0257205730323,343.8487183090097,346.3032531738281,78520700
2021-01-04,347.6277697833951,347.7574571892461,337.91150340640877,341.58868408203125,110210800
2021-01-05,340.949602377982,345.0250605268472,340.9032733293273,343.94134521484375,66426200
2021-01-06,342.44076383002215,349.1745581522752,341.89428469428384,345.9975280761719,107997700
2021-01-07,348.35951944577056,351.879226704414,348.18353125617296,351.13824462890625,68766800
2021-01-08,352.5183216455743,353.3519335138123,349.28574719059816,353.138916015625,71677200
2021-01-11,349.9804746734245,352.5090967320955,349.86005871507695,350.7585144042969,51034700
2021-01-12,350.9437227941285,351.8421500854146,348.600304213812,350.8325500488281,52547700
2021-01-13,350.7585330833306,352.7684620951219,349.98049331102504,351.77740478515625,45303600
2021-01-14,352.51837079015854,353.0185492874925,350.2120377042884,350.54547119140625,49989100
2021-01-15,348.93383121899916,349.7303856428167,346.13659100513945,347.98907470703125,107160000
2021-01-19,350.43430286360933,351.25867159512734,348.9615818623468,350.721435546875,51233300
2021-01-20,352.99994173082,356.40853248612547,352.6109360670709,355.5749206542969,61836100
2021-01-21,356.13069985378786,356.55679143284385,354.98216906964274,355.8991394042969,47840100
2021-01-22,354.0558066052128,355.7971451145808,353.67604420547644,354.63934326171875,52860500
2021-01-25,355.3711907354322,356.3900340645269,350.5454507834374,356.0380859375,70402000
2021-01-26,356.98283743956097,357.3903860722406,355.25076988400014,355.4823303222656,42665300
2021-01-27,352.1756209612476,352.268250784751,344.57118450473314,346.7941589355469,123351100
2021-01-28,348.6003576792307,353.7595313987344,348.1650511599813,349.7767028808594,94198100
2021-01-29,347.9242248487391,348.8875242713741,341.1070702475137,342.7743225097656,126765100
2021-02-01,346.1550437581806,349.508034136275,343.061399921302,348.47991943359375,75817600
2021-02-02,351.64767805001776,354.95436791269526,348.563305430762,353.40753173828125,64450700
2021-02-03,354.2319040558715,355.3989777290151,352.41647810504685,353.6854248046875,52427100
2021-02-04,354.7134905571275,357.7515620058104,353.79652037881107,357.70526123046875,47142600
2021-02-05,359.5670979432602,359.8171730670878,357.6590419911168,359.11322021484375,48669800
2021-02-08,360.55816692019795,361.75302686161535,359.7060402188195,361.70672607421875,38365200
2021-02-09,360.8730120616109,362.0586285633891,360.46549172244113,361.4658203125,35551100
2021-02-10,363.197890590525,363.34609265440474,358.9186584626159,361.308349609375,59154400
2021-02-11,362.3827831768322,362.7996032364326,359.4743990216484,361.8918762207031,42913300
2021-02-12,361.09531279474186,363.920338519712,361.0211976334396,363.6795349121094,50593300
2021-02-16,364.90221935362916,365.09675048774824,362.6514585158837,363.3646545410156,50972400
2021-02-17,361.6232703836871,363.6980425939292,360.61364213020715,363.4479675292969,52290600
2021-02-18,360.8545263633819,362.6421661884554,359.14097344228867,361.90118408203125,59712800
2021-02-19,363.1515647766669,363.4386974223099,360.817417764793,361.26202392578125,83241000
2021-02-22,358.5110930037713,360.88226938109636,358.21468888994264,358.4833068847656,67414200
2021-02-23,356.28823841279075,360.2618243658254,352.15720715469894,358.91876220703125,107284100
2021-02-24,357.83496090759934,363.2998098164091,356.85314691923423,362.87371826171875,72433900
2021-02-25,361.6140854057681,362.9756620610373,352.6943718341732,354.1300354003906,146670500
2021-02-26,356.00102164898425,357.1402809088511,350.33242667147107,352.3052978515625,152701600
2021-03-01,357.1495196515627,362.08640354754476,352.4997966765975,360.84521484375,105348800
2021-03-02,361.0675208946455,361.2990813033666,357.5292710653906,358.0294494628906,79595300
2021-03-03,357.3348118079067,358.29808287365273,353.18523860165686,353.2871398925781,119940200
2021-03-04,353.10191667693744,355.6768678709619,344.45082125144995,348.9153137207031,183433000
2021-03-05,352.3978775655479,356.3807334772414,345.15468960580324,355.3340759277344,152039600
2021-03-08,356.28821695684354,359.0854573526908,353.2872022098644,353.5650634765625,123149200
2021-03-09,357.39039119381505,361.15093050380403,356.89021272533046,358.613037109375,113633600
2021-03-10,360.9471161253984,362.5309814553855,359.53923897281567,360.84521484375,109899400
2021-03-11,363.29983372649673,366.46756487354185,362.8459560202513,364.5039367675781,86245000
2021-03-12,363.15166075062507,365.1338036755719,362.345834837524,364.994873046875,64653600
2021-03-15,365.24491005005603,367.4308553577761,363.11456525466946,367.1715087890625,73427200
2021-03-16,367.78278723665204,368.48671168557286,365.9395470892931,366.7083435058594,73722500
2021-03-17,365.43015115301284,368.75535559488856,364.2908636411773,367.95880126953125,97959300
2021-03-18,365.38379682361085,367.4585689638705,361.92890547697283,362.6050720214844,115349100
2021-03-19,362.305939150035,363.87641702535865,359.76900680699566,361.9342346191406,113624500
2021-03-22,362.44521540409215,366.19949525918395,362.3894611592487,364.82415771484375,73778600
2021-03-23,364.1923772601294,365.6327429914725,361.1722317802097,361.95281982421875,90686600
2021-03-24,363.3467123632342,364.97294445181643,360.0663710560635,360.1128234863281,97588600
2021-03-25,358.6817356717282,362.928502774503,356.7488269231494,362.1386413574219,116128600
2021-03-26,363.28159933715943,368.3740383743186,362.68687787049055,367.9744567871094,114409100
2021-03-29,366.50620018848747,368.69000297943103,365.02865575356833,367.7886047363281,108107600
2021-03-30,366.5247931234567,367.48194559201005,365.2237849563697,366.8128662109375,76262200
2021-03-31,367.3798004306039,369.85167684984475,367.35192329787424,368.2997741699219,112734200
2021-04-01,370.22331734295256,372.3327906716872,370.01887561856495,372.2770080566406,99682900
2021-04-05,374.92549847279105,378.1593875358287,374.85116890824196,377.6203918457031,91684800
2021-04-06,377.0627218481214,378.4380310220128,376.72816802256057,377.3972473144531,62021000
2021-04-07,377.2300830672533,378.17793382855064,376.7747471661256,377.8341064453125,55836300
2021-04-08,379.0792639385405,379.6832872078952,378.1499886443853,379.6275329589844,57863100
2021-04-09,379.50675096516443,382.5547727954049,379.3859406394559,382.3874816894531,61104600
2021-04-12,381.7928419590288,382.79644701337315,381.1888185604451,382.5269775390625,56704900
2021-04-13,382.42465983562346,384.2832104198822,382.0436535627427,383.66058349609375,56551000
2021-04-14,383.6327179168514,384.68280356603617,381.81134623004976,382.350341796875,61659900
2021-04-15,384.47840249341357,386.7272614837685,384.43195006619254,386.457763671875,60229800
2021-04-16,387.7402404054597,388.3535656987246,386.32775171624513,387.7495422363281,82037300
2021-04-19,386.82014695346464,387.26618094928665,384.52483581919165,385.8443908691406,78498500
2021-04-20,384.6364310503438,385.73296934964173,381.55122954047414,383.0195007324219,81851800
2021-04-21,382.40615242461456,386.84808797516496,382.2667384186611,386.6436462402344,66793000
2021-04-22,386.4764281229823,387.3034686285627,382.05306736111277,383.1124267578125,97582800
2021-04-23,383.6699137247093,388.66941970392514,383.5955841738986,387.2662048339844,73209200
2021-04-26,387.9166850756221,388.6415186781956,387.33123709676823,388.07464599609375,52182400
2021-04-27,388.3720952177508,388.567263487537,386.85737164526927,387.9910888671875,51303100
2021-04-28,388.2604617944002,389.3756033572718,387.41481797508106,387.87945556640625,51238900
2021-04-29,390.5930916563602,390.96479619087927,386.98749811712497,390.3514709472656,78544300
2021-04-30,388.093206238124,388.9388500730673,386.8944332897728,387.7865295410156,85527000
2021-05-03,389.7659458311173,390.1469521204787,388.13044053050237,388.6229553222656,68128300
2021-05-04,386.6436491697438,387.13616403136706,382.55484279938787,386.2254638671875,101591200
2021-05-05,387.8610371745142,388.0933560641573,385.78874246957105,386.3463134765625,60162200
2021-05-06,386.420555589309,389.56151080390845,384.42261926239445,389.4314270019531,74321400
2021-05-07,390.1934809738354,392.9162512267745,389.5150996883385,392.2657470703125,67733800
2021-05-10,392.6188718952487,392.84188892503846,388.2605678296134,388.3813781738281,81852400
2021-05-11,383.88370947193107,385.9002213981806,381.0587040499787,384.9151916503906,116888000
2021-05-12,382.14593854145664,383.4097394915113,375.42726709184967,376.737548828125,134811000
2021-05-13,378.2801260879357,383.1866988347354,378.2336453045816,381.2630920410156,106394000
2021-05-14,383.9858697174596,387.9631671876168,383.95799259058225,387.1175231933594,82201600
2021-05-17,386.0117863590001,386.94106191389204,384.1253297576997,386.132568359375,65129200
2021-05-18,386.3927762726599,386.6343969993249,382.647796805553,382.8057861328125,59810200
2021-05-19,378.1407743642917,381.9786581081242,376.66320145918377,381.8020935058594,106467100
2021-05-20,382.6756265415183,387.16404293504047,382.5548445523857,385.9095153808594,78022200
2021-05-21,387.3869697719797,388.62292173833475,385.1381395432608,385.5934753417969,76578700
2021-05-24,387.8237936745519,390.5930445875986,387.582172994574,389.5243835449219,51376700
2021-05-25,390.60221586266044,390.9553449612423,388.08388811746545,388.6600341796875,57451400
2021-05-26,389.2455605886077,389.93321527136624,388.21407856446984,389.4314270019531,43088600
2021-05-27,390.4536616740374,390.96475180607416,389.3570951367238,389.6358947753906,56707700
2021-05-28,391.19713572899053,391.4573317528187,390.10059736851764,390.3329162597656,58520200
2021-06-01,392.68390661909086,392.8232922551266,389.55225310614026,389.989013671875,54216600
2021-06-02,390.6395043968989,391.43869600618797,389.6358994197464,390.6023254394531,49097100
2021-06-03,388.2977314392226,390.2863660477926,386.8387622554671,389.15264892578125,58138800
2021-06-04,390.99265720434005,393.00919746881766,389.2177376389968,392.7118225097656,55938800
2021-06-07,392.7025150607527,392.87907966771104,391.4015350825624,392.330810546875,51555000
2021-06-08,393.18568426469994,393.2786174726193,390.5930264269201,392.4143981933594,47134300
2021-06-09,393.2508310227257,393.3251889499002,391.6060234643003,391.82904052734375,48436300
2021-06-10,393.0463367362392,394.5982392171646,391.7360549474813,393.6503601074219,51020100
2021-06-11,394.1985745843624,394.4122897431429,392.91617019475893,394.30078125,45570800
2021-06-14,394.41227942721866,395.28580041296436,393.1763558482373,395.18359375,42358500
2021-06-15,395.33241410169114,395.36956470477037,393.5853715428401,394.4588928222656,51508500
2021-06-16,394.59823144884797,394.82124847769757,390.22135210226025,392.2564392089844,80386100
2021-06-17,391.84760199223103,393.10210119599844,389.66379895429577,392.1263732910156,90949700
2021-06-18,388.85956550548985,389.54947004298504,386.6313456995703,386.8364562988281,118676300
2021-06-21,388.5891597876732,392.5608336456239,387.7780497072785,392.3743591308594,72822000
2021-06-22,392.3650319575485,395.3018204521082,391.64713072526837,394.4720458984375,57700300
2021-06-23,394.54667538647084,395.3484532153009,393.9127075517657,393.9966125488281,49445400
2021-06-24,396.13155325117157,396.74685645396283,395.8798098525635,396.32733154296875,45110300
2021-06-25,397.0731713740786,398.1826291109268,396.7468552540623,397.735107421875,58129500
2021-06-28,398.25724298746064,398.70473623877365,397.0638802306052,398.53692626953125,53159600
2021-06-29,398.91921379244826,399.553181588353,398.2199770743729,398.75140380859375,35970500
2021-06-30,398.29450122342985,399.7582434032112,398.26653289619884,399.08697509765625,64827900
2021-07-01,399.8421598624358,401.45507598441856,399.7768909463528,401.29656982421875,53441000
2021-07-02,402.45271689824966,404.7182371428583,401.38053111850644,404.36395263671875,57697700
2021-07-06,404.4198237331857,404.6342665447706,400.9050044776281,403.6273498535156,68710400
2021-07-07,404.30802236006286,405.333575301401,402.3035493327299,405.0538635253906,63549500
2021-07-08,399.7582794572034,402.5086218416847,398.5835527035313,401.7534484863281,97595200
2021-07-09,403.25449948236826,406.3404621035636,401.55767811817753,406.0421142578125,76238600
2021-07-12,405.9582362315906,407.74829497300664,405.52937895734175,407.4965515136719,52889600
2021-07-13,406.7133297443053,408.20504032687353,405.84628310421715,406.1073303222656,52911300
2021-07-14,407.79489909676516,408.2797214909891,405.4734420081782,406.7134094238281,64130400
2021-07-15,405.3801859332363,406.0514543731517,403.4316495407636,405.3242492675781,55126400
2021-07-16,406.4989768804911,406.5455812846176,401.7534933885176,402.1450500488281,75874700
2021-07-19,397.3436641815824,402.2103536866974,393.4092904555928,396.20623779296875,147987000
2021-07-20,396.86813967571476,403.1519668304495,396.0756656416528,401.8840026855469,99608200
2021-07-21,403.0773163550678,405.2775959293525,401.83734914667167,405.1377258300781,64724400
2021-07-22,405.31487664645783,406.2285561812566,404.33595664289896,405.98614501953125,47878500
2021-07-23,407.90668669595885,410.4985227710104,407.2261145579136,410.16290283203125,63766600
2021-07-26,409.57557855601476,411.1791625832427,409.5289741551596,411.1698303222656,43719200
2021-07-27,410.1349768235407,410.16294515467484,406.48028699392114,409.2958984375,67397100
2021-07-28,409.9204951499821,410.49852624000596,407.7109118436593,409.1280212402344,52472400
2021-07-29,410.0510501972417,411.8970168587412,410.0417179366842,410.8248596191406,47435300
2021-07-30,408.2703168786377,410.27478967456426,408.1397790411661,408.8297119140625,68951200
2021-08-02,410.5358220845451,411.0858848397279,407.61766988765027,407.9719543457031,58783300
2021-08-03,408.76444835011597,411.4122212036647,406.5828332901923,411.291015625,58053900
2021-08-04,410.0137854934574,411.2630850809124,409.0348654177105,409.2679443359375,46732200
2021-08-05,410.4239672459952,411.9436461991985,410.10698336189347,411.8597412109375,38969700
2021-08-06,412.17675592861804,412.9598976629853,411.89704416147674,412.54034423828125,46930000
2021-08-09,412.51236355148603,412.8293474498061,411.44020627292963,412.2047119140625,41222600
2021-08-10,412.6521993404,413.42603723143196,411.9716271529787,412.71746826171875,43339300
2021-08-11,413.78028154445127,413.83621819957546,412.66149153794436,413.74298095703125,44034300
2021-08-12,413.5938605071988,415.1228718168817,412.6988454575395,414.9830017089844,38909400
2021-08-13,415.43050961256574,415.75682576675683,414.9457157376628,415.7381896972656,39470300
2021-08-16,414.44228007699377,416.8476419659867,412.8946326638833,416.7171325683594,73740000
2021-08-17,414.17185863996565,414.8431269867084,411.0113236608944,413.98541259765625,92673900
2021-08-18,412.978558984422,414.5355387391959,409.2120240010242,409.45440673828125,89351900
2021-08-19,406.74133861748237,411.28173973529556,406.6014969603048,410.0883483886719,92812200
2021-08-20,410.4332861309736,413.67772604605483,409.948463834136,413.3514099121094,72008700
2021-08-23,415.02968007503,417.8918962380203,413.4260958570307,416.987548828125,54973000
2021-08-24,417.6494140625,418.18084077483024,417.1366518711725,417.6494140625,38744700
2021-08-25,417.83588293403466,419.03854953793854,417.4629339431671,418.5257873535156,40529700
2021-08-26,418.24606403832706,418.4791429251638,415.9619080185347,416.0551452636719,57829600
2021-08-27,416.85693316240236,420.14800598686645,416.80099650435585,419.77508544921875,77235100
2021-08-30,420.4463974226872,422.4042660135,420.203986244658,421.6211242675781,48357400
2021-08-31,421.5278867191652,421.8635067020357,420.3997927296068,420.9964599609375,59300200
2021-09-01,421.9287227307321,422.4414849020611,420.98707492126005,421.22015380859375,48721400
2021-09-02,422.6373493891215,423.31792162382027,421.3227808707356,422.5161437988281,42501000
2021-09-03,421.38804973614276,422.92636491207014,420.98713237168766,422.41357421875,47170500
2021-09-07,422.0685927572297,422.161830008836,420.23192986344264,420.9031982421875,51671500
2021-09-08,420.3717753085308,421.0989803051799,418.47914741318687,420.3904113769531,56181900
2021-09-09,420.19452587039814,421.9379509655047,418.34853129510594,418.5909423828125,57970400
2021-09-10,420.51168409438407,420.931209090967,415.169504855089,415.29071044921875,89948200
2021-09-13,418.2740814053361,418.535128633361,414.0506644540541,416.3534851074219,83738600
2021-09-14,417.789288718798,417.99439930193716,413.2209476783512,414.1066589355469,78197100
2021-09-15,414.5261632376649,418.05964737696985,413.4260376429731,417.5655212402344,78792200
2021-09-16,417.04343662553293,418.01302440036307,413.9667779592012,416.9035949707031,77786700
2021-09-17,416.13475093436307,416.5556198829702,412.48704878745247,412.84246826171875,118425000
2021-09-20,406.744360400567,408.3156617681073,401.11382101879656,405.9587097167969,166445500
2021-09-21,408.2875666376567,409.5782885516768,405.05142823770416,405.5751953125,92526100
2021-09-22,407.83859908430554,411.561112902549,405.68741498694294,409.531494140625,102350100
2021-09-23,411.3927493965041,416.1066812903445,411.1589238061392,414.5072937011719,76396000
2021-09-24,412.8799566078013,415.9009940953473,412.6648267475049,415.1901550292969,62094800
2021-09-27,414.1613047794656,415.3210707653603,413.31017606482214,414.0023193359375,61371100
2021-09-28,411.24321214063417,411.5705737669604,404.9299194422877,405.6594543457031,130436300
2021-09-29,407.03430833854253,408.7646237192778,405.78100637960586,406.3421936035156,82329200
2021-09-30,407.81055870084094,408.5120355292715,401.0389781842043,401.3757019042969,140506000
2021-10-01,403.0966246093554,407.8198901478323,399.58924073132897,406.14569091796875,129240100
2021-10-04,404.9858938081727,405.8837760194499,398.7754728675334,400.9079895019531,128570000
2021-10-05,402.40454874779994,407.3148869982612,401.60956443702145,405.07952880859375,90682500
2021-10-06,401.4973037523077,406.96882922021376,399.8792486552272,406.7630615234375,113032200
2021-10-07,410.0272637647416,413.10438834176847,409.8495540118839,410.27978515625,72437500
2021-10-08,411.04670800109915,411.4301854093212,408.90485751836167,409.531494140625,74557400
2021-10-11,408.8767873502811,411.7762304048919,406.5011113392327,406.56658935546875,65233300
2021-10-12,407.48321348221907,407.8853866681187,404.78017581687527,405.5658264160156,71181200
2021-10-13,406.58527857778154,407.8385803077712,403.6203860978582,407.0248718261719,72974000
2021-10-14,410.67253036010317,414.02092865194055,410.2048791998145,413.87127685546875,70236800
2021-10-15,415.9758116517781,417.3881276447134,415.3585085398296,417.0233459472656,66260200
2021-10-18,415.24616843242967,418.5945381490445,414.59144539702993,418.2578430175781,62213200
2021-10-19,419.87601973520236,421.55019069451413,419.26805026281613,421.4847412109375,46996800
2021-10-20,421.9429812918315,423.4394708582434,421.8307495694043,423.1401672363281,49571600
2021-10-21,422.54160853266404,424.46832943743675,422.1113773662151,424.2438659667969,41305400
2021-10-22,423.8135918943795,425.2539656192229,421.86814686856104,423.8042297363281,58845100
2021-10-25,424.88920251258514,426.40438793845834,423.12149569678843,426.0770263671875,45214500
2021-10-26,427.6203353375782,428.826855070524,426.0864254618151,426.4605407714844,56075100
2021-10-27,426.91878511269175,427.58284181405264,424.496326817205,424.5711669921875,72438000
2021-10-28,425.9928060452543,428.7425972745419,425.9834724309799,428.66778564453125,51437900
2021-10-29,426.37645295262337,429.82772232592106,426.08651138842106,429.53778076171875,70162400
2021-11-01,430.5196789876019,430.893822778383,428.55556680181957,430.2765197753906,48433600
2021-11-02,430.4449035360186,432.3248706330071,430.3139474896051,432.0162048339844,48908400
2021-11-03,431.45500068055804,435.05592075419565,431.0154073955712,434.65374755859375,52509800
2021-11-04,435.252290589815,436.7862001540291,434.90623328507866,436.7020263671875,52847100
2021-11-05,438.91873147438207,440.20009126070624,436.71143139873345,438.2172546386719,66390600
2021-11-08,439.3116319161153,439.807341140291,437.90867805035356,438.5914306640625,50405200
2021-11-09,438.9562129182513,439.190038562837,435.7387697652981,437.1417236328125,51149100
2021-11-10,435.45809321974474,437.14165472126496,432.1471431654352,433.6249084472656,69429700
2021-11-11,435.11203553677166,435.1868757153558,433.7465019808427,433.76519775390625,34848500
2021-11-12,435.0279843117805,437.5907045586144,434.0833194573608,437.03887939453125,53466700
2021-11-15,438.32018263477465,438.4791680775358,436.06610015716393,437.1884460449219,46980500
2021-11-16,436.92650252909095,440.05040906326917,436.85169089743965,438.918701171875,48857500
2021-11-17,438.65688553568276,438.8345952994172,437.23523596897536,437.8525390625,47858300
2021-11-18,438.8813734885716,439.6015747427725,436.16900171530943,439.3396911621094,50625600
2021-11-19,439.2274065320901,440.4713748786704,438.18923442659184,438.55401611328125,57315600
2021-11-22,440.42460812441726,442.90315404190204,437.11362928083673,437.31939697265625,72762000
2021-11-23,436.99207785446634,438.7504512930399,434.40129995207354,437.8993225097656,73206500
2021-11-24,435.9070933030563,439.1900143055321,435.09338467174774,439.06842041015625,61858800
2021-11-26,432.4277829370123,433.88685264976294,428.153443379823,429.27581787109375,112669600
2021-11-29,434.0458252551393,436.37471927780655,431.8572208947111,434.5415344238281,86268800
2021-11-30,432.10968361693193,434.00834623655254,425.84314648487594,426.0863342285156,148559600
2021-12-01,431.77301163649753,434.6069767536424,421.1573237370427,421.3537292480469,131939200
2021-12-02,421.56892113358685,429.3693408365679,421.17608151058477,427.807373046875,127637800
2021-12-03,429.4628587252186,430.51972656716913,419.8760081618024,424.0848693847656,137331600
2021-12-06,426.6194835756699,430.9779961367995,424.21574958381035,429.1073913574219,98977500
2021-12-07,434.36381305031244,438.5446161321875,428.976461819127,437.9834289550781,95484700
2021-12-08,438.3762317093102,439.5921133715834,436.62719230325564,439.1431579589844,72238800
2021-12-09,437.8618472439546,439.24610518022257,435.9819086816433,436.1783142089844,61272600
2021-12-10,438.8719230944773,440.4338620032325,436.32789961217685,440.2842102050781,77159800
2021-12-13,439.7698232123747,440.115880522037,436.10342536649597,436.384033203125,87724700
2021-12-14,433.12925348994673,435.60779953329444,430.47299767904116,433.38177490234375,97264100
2021-12-15,433.4378558520737,440.39647953000116,430.9312236978613,440.1533203125,116899300
2021-12-16,441.9958662441794,442.2764455495963,434.72854825907325,436.2718200683594,116568600
2021-12-17,433.20548381703225,436.19958323758465,429.9298193213432,431.628662109375,135511600
2021-12-20,426.56961576775086,427.4331009530433,423.43473432064894,427.0389099121094,107134800
2021-12-21,430.4460118667737,434.76352423036354,428.2872700067012,434.62274169921875,69806300
2021-12-22,434.36936703944747,439.0810708579234,434.1722428370173,438.96844482421875,58890200
2021-12-23,439.96331276152887,443.19205915092374,439.860081786321,441.69970703125,56439700
2021-12-27,443.0699825475692,447.9975710329418,443.0230645907993,447.9506530761719,56808600
2021-12-28,448.3824616482978,449.4055195900255,446.8244014321464,447.58465576171875,47274600
2021-12-29,447.6878713629644,449.1708283192884,446.6929700259556,448.15716552734375,54503000
2021-12-30,448.57950388680786,449.5838002524032,446.4583137848695,446.918212890625,55329000
2021-12-31,446.43022358419387,447.57527399414477,445.5197916430219,445.7919616699219,65237400
2022-01-03,447.0496642498278,448.5044935235423,444.7501397489699,448.3730773925781,72668200
2022-01-04,449.790263823777,450.5036000620775,446.37378883343314,448.2228088378906,71178700
2022-01-05,447.8568948012044,448.62654425027876,439.5222242879312,439.6160888671875,104538900
2022-01-06,439.1561765159226,441.90623388075556,436.847228237835,439.2030944824219,86858900
2022-01-07,439.2123416092649,440.3855768110811,436.1149834904078,437.466552734375,85111600
2022-01-10,434.2848710913376,437.13815924974546,428.55947603097115,436.92230224609375,119362000
2022-01-11,436.65950709740383,440.9957810759172,433.6747741107534,440.90191650390625,74303100
2022-01-12,442.62887430153415,444.140016431985,440.1416209152974,442.0938720703125,67605400
2022-01-13,443.1920935855011,443.83972192368026,434.97944444252323,436.00250244140625,91173100
2022-01-14,432.8675400643002,436.52802870303964,431.6567531379873,436.1807556152344,95890900
2022-01-18,431.50661955919577,431.71311015183727,427.34867984369737,428.4562072753906,109709100
2022-01-19,429.9954611015999,431.38455344940263,423.7350645572912,424.00726318359375,109357600
2022-01-20,425.8844802762519,430.5680271579056,417.2025377031272,419.3143615722656,122379700
2022-01-21,418.1974651021742,420.5439362137734,411.0548207873205,411.0829772949219,202271200
2022-01-24,405.4983919140663,413.3356116835618,394.92050974188936,412.8287658691406,251783900
2022-01-25,406.4651000702844,412.7161024030997,400.9180390545414,407.78851318359375,167997300
2022-01-26,413.6546462199283,416.7707663219055,402.52297383173703,406.7654113769531,186391100
2022-01-27,411.3457755828655,414.4712624598946,403.07681378422694,404.7568664550781,149878300
2022-01-28,406.1083507585733,414.85599998563714,401.54682568405286,414.80908203125,164457400
2022-01-31,414.1427300497246,422.62757707476004,412.800555532894,422.2803039550781,152251400
2022-02-01,423.0030224285111,425.77186972605006,419.49271090214194,425.1336364746094,123155400
2022-02-02,427.52700300171256,429.986099950846,425.22745003532464,429.2633972167969,117361000
2022-02-03,423.25641842670075,425.1523565396717,418.338196105121,419.1735534667969,118024400
2022-02-04,418.9389039958587,424.97402004258834,416.5736430884237,421.14459228515625,118454400
2022-02-07,421.904914890702,423.2940075029743,418.4696776323214,419.7930908203125,84472900
2022-02-08,419.29565126198895,424.16692787247695,417.8783734599183,423.2471008300781,81012000
2022-02-09,427.26417963134577,429.7608280199488,427.0670841027158,429.44171142578125,92589900
2022-02-10,423.6224395175612,429.6012424004276,419.73669885351933,421.72650146484375,140103700
2022-02-11,421.81105342594435,423.87593090171083,411.9840308668378,413.4106750488281,153214600
2022-02-14,412.90386511274687,414.48068691675223,408.60511374668846,412.0591125488281,123006300
2022-02-15,416.47986513184117,418.87325423289116,415.96362429591613,418.7043151855469,88482700
2022-02-16,416.667510025212,420.54388440699483,414.79972841637374,419.1735534667969,84863600
2022-02-17,416.0011909472556,419.14546811188006,409.6188006839309,410.219482421875,102259100
2022-02-18,410.4728334127503,411.72117196742954,405.3012310451236,407.563232421875,132642900
2022-02-22,405.36692386987266,408.7552139612039,399.70720879424357,403.18939208984375,124391800
2022-02-23,406.08965770586263,406.6528164705641,395.47422526850164,396.0373840332031,132578000
2022-02-24,385.77862865421275,402.42920784966424,385.4219890905369,401.9974365234375,213942900
2022-02-25,403.22691227876925,410.95150442325064,401.58438272743587,410.8670349121094,121804500
2022-02-28,405.4983445727152,411.2894475933548,404.2500346060891,409.81585693359375,145615000
2022-03-01,408.32350426508583,410.3227021337157,400.8804765076019,403.5742492675781,137785900
2022-03-02,405.81744799908034,412.716078231037,405.0665887622246,410.99847412109375,117726500
2022-03-03,413.42005221055416,414.020733918867,407.1596546990393,408.9523620605469,105501700
2022-03-04,405.2356324754983,406.75614144115127,401.6032991367824,405.6298522949219,113978200
2022-03-07,405.04774297619673,405.751684155261,393.6063500543305,393.67205810546875,137896600
2022-03-08,393.85044666663845,400.97432894741854,389.62679900774907,390.6874084472656,164772700
2022-03-09,399.03143275089025,403.1330589273105,396.8539010797275,401.1620178222656,116990800
2022-03-10,396.57234376713836,400.2422276939095,394.620092580412,399.3505859375,93972700
2022-03-11,401.82845214023683,402.4385288577548,393.76598140373204,394.2728271484375,95636300
2022-03-14,395.0424799965583,398.4776882871235,390.255673493645,391.391357421875,95729200
2022-03-15,393.9912112622118,400.627037600933,392.7241399369661,399.9981994628906,106219100
2022-03-16,403.4897960044395,408.9242024189119,398.71235566484523,408.8678894042969,144954800
2022-03-17,406.9624734004391,413.9831237792969,406.58704383141486,413.9831237792969,102676900
2022-03-18,412.37891886952593,418.83762513148514,411.64454660165836,418.51751708984375,106345500
2022-03-21,418.34801862936644,420.34400315492985,414.90210943181734,418.3951110839844,88349800
2022-03-22,419.77904208379323,424.22294298577435,419.77904208379323,423.2908630371094,74650400
2022-03-23,420.76772367403294,422.2552879442442,417.75489818109617,417.8396301269531,79426100
2022-03-24,419.8544419508937,424.14769938413417,418.74347374063234,424.1382751464844,64736900
2022-03-25,424.7690638457169,426.48260848847235,422.1987468815837,426.2095642089844,77101300
2022-03-28,425.6164137873708,429.2412109375,423.73340526599765,429.2412109375,68529800
2022-03-29,433.110769196489,435.04087012373685,430.43690060861235,434.55126953125,86581500
2022-03-30,433.4120635055574,434.2217721023706,429.76844665097167,431.8680114746094,79666900
2022-03-31,431.10541007140074,431.9245142006821,424.7690759011227,425.22100830078125,121699900
2022-04-01,426.79325811561665,426.9344779963225,422.86720176985517,426.42608642578125,89048800
2022-04-04,426.6237972828837,430.1826819640368,425.80469323655575,430.0791015625,59601000
2022-04-05,428.59157264929064,431.04888498929796,423.5074553649345,424.64666748046875,74214500
2022-04-06,420.74883235488153,422.6694802657768,417.5288752979102,420.40045166015625,106898000
2022-04-07,419.52485288651064,424.3265300513527,417.58535653376873,422.5188293457031,78097200
2022-04-08,421.76563401623116,424.2700386147041,419.85438165587385,421.3890380859375,79272700
2022-04-11,418.131430249241,418.9693828064198,413.6875578619317,414.1865539550781,89770500
2022-04-12,417.1616704401845,419.6754993093874,411.1078052988178,412.6518859863281,84363600
2022-04-13,412.407184176684,418.13151846677334,412.22829603645295,417.3783264160156,74070400
2022-04-14,417.6041663493815,418.7151631152427,412.0775414258065,412.1811218261719,97869500
2022-04-18,411.25843764326237,414.0264622248378,410.1286211368297,412.3505859375,66002500
2022-04-19,412.24699734346973,419.72254266588925,412.0775334906012,419.00701904296875,77821000
2022-04-20,420.77709519303664,421.3890672136186,417.53831825026737,418.69635009765625,65224400
2022-04-21,422.30230774795746,423.68632009037725,411.53149725254485,412.4353332519531,85417300
2022-04-22,411.3526468930056,412.45419083312686,400.55359142974106,401.1184997558594,132471800
2022-04-25,398.8871230668873,403.6134641154083,394.33964139419555,403.4440002441406,119647700
2022-04-26,400.9207984996888,401.1185351073373,391.7317352658733,391.7599792480469,103996300
2022-04-27,392.83317570300943,398.1809410211438,390.7336398727966,392.8614196777344,122030000
2022-04-28,397.58781923542455,404.5078808966821,393.17216221026155,402.784912109375,105449100
2022-04-29,398.81181190653876,400.95844060924014,387.1559838147255,387.8997802734375,145491100
2022-05-02,387.96565155346553,391.5904485536996,381.328029550651,390.23468017578125,158312500
2022-05-03,390.73364246013386,394.42432259994985,389.1801376426985,392.02349853515625,100028200
2022-05-04,392.6825909354839,404.52673082205837,389.5097261213919,403.9618225097656,144247900
2022-05-05,399.7156285575717,400.13931697439904,385.4895127503543,389.6038818359375,172929100
2022-05-06,387.0523380071947,390.53588590849546,381.99646562982656,387.2782897949219,151770800
2022-05-09,381.4034642570452,382.6368328067565,373.3065201170976,374.87884521484375,155586100
2022-05-10,380.8290513721074,382.32603970720356,371.72472120975783,375.74493408203125,132497200
2022-05-11,374.78453490481894,380.4053153949704,369.0319300522965,369.7757263183594,142361000
2022-05-12,366.59347147586817,372.64733635025226,362.6203227573482,369.3897399902344,125090800
2022-05-13,373.50412408755506,379.59565742635624,372.46846371843355,378.2210693359375,104174400
2022-05-16,376.5828191904679,380.33941134440613,374.3420348416539,376.6863708496094,78622400
2022-05-17,382.74972739807595,384.6704041422355,379.0307740612988,384.4350280761719,83029700
2022-05-18,379.8969587790726,380.17939855656863,367.7044674442447,368.9378356933594,117674500
2022-05-19,365.88736256542336,371.0844842086102,364.4656820097794,366.67822265625,98510700
2022-05-20,370.24646637027627,373.8053505175582,358.27995798162,366.8382263183594,131432200
2022-05-23,369.851096171746,374.46448991142154,367.5444280343373,373.7018737792969,76414900
2022-05-24,369.5968435278684,372.0353356747669,364.32441487373063,370.84906005859375,91448800
2022-05-25,369.36150985252755,376.08386362206704,368.966094179277,374.1255187988281,91472900
2022-05-26,375.34950112064234,383.2298868677585,375.14236904234315,381.60107421875,82168300
2022-05-27,384.0489633714319,391.08200055963175,383.85125554393176,390.9690246582031,84768700
2022-05-31,389.359088170834,392.0988691063854,386.04500340916127,388.7753601074219,95937000
2022-06-01,390.8842854474684,391.89167303805095,383.1262718156382,385.63067626953125,86585800
2022-06-02,385.47069700399817,393.0215510259649,383.2299122085265,392.9744873046875,79609600
2022-06-03,388.2762385561864,389.8203188866827,385.555306974168,386.5250549316406,71874300
2022-06-06,390.517114758432,392.2400548190691,386.5345416096812,387.7020263671875,57508900
2022-06-07,384.22785213796186,391.8728612940174,383.7664955630781,391.4209289550781,59272400
2022-06-08,389.7168124827089,391.4962691477678,386.37448418684187,387.16534423828125,64350000
2022-06-09,385.3953050112038,387.6549092229484,377.9574279785156,377.9574279785156,86289800
2022-06-10,371.78124073607813,372.6285889009698,366.95131884403355,366.9983825683594,132893900
2022-06-13,357.6303263600916,359.4756662902733,351.46345746861897,353.06402587890625,170004900
2022-06-14,354.80584530354247,355.8320813809722,348.9120201197082,352.0001525878906,104011800
2022-06-15,355.2860698359292,361.44351636660457,350.3525962069875,357.0184631347656,125666800
2022-06-16,348.8368283754164,349.24166839941216,342.7829328313507,345.2026062011719,134473300
2022-06-17,345.61578942511153,349.2751458907682,342.45758461496894,345.94671630859375,111113900
2022-06-21,351.6484860292675,356.035921374524,351.57282417390246,354.6553955078125,76811900
2022-06-22,350.4476289196659,358.10676218449237,350.03157524112396,354.012451171875,90059400
2022-06-23,356.13997099447135,358.2107454929241,352.5940787916053,357.482666015625,79292100
2022-06-24,360.6408975327615,368.8579146543749,360.6125315472774,368.84844970703125,98050300
2022-06-27,369.76567268561445,370.0587975017824,366.3521738911523,367.4395751953125,66009600
2022-06-28,368.99019681776815,371.76071303557137,359.81814619982475,359.9316101074219,86548900
2022-06-29,360.48015261997824,361.4635259830783,357.82309960843037,359.6385803222656,65676000
2022-06-30,355.7616996920369,359.9411371004125,352.2820045953657,356.71673583984375,112508300
2022-07-01,356.0643267434046,360.9245770809683,353.4545407189356,360.4895935058594,74839700
2022-07-05,355.42134927768956,361.1893400506747,352.60353638031745,361.17041015625,81438000
2022-07-06,361.31217177600075,364.8675284701395,358.93880785464154,362.39013671875,70426200
2022-07-07,364.15842313963157,368.61205598920736,362.4091104215268,367.8177795410156,64525900
2022-07-08,366.191344484654,369.3779436355089,364.6689887193885,367.5151672363281,72397800
2022-07-11,364.84868487322194,365.81315719235283,362.6265865895648,363.3168640136719,58366900
2022-07-12,362.76841613095786,365.14180928001315,358.36205049936086,360.1018981933594,62219200
2022-07-13,354.68379199729,361.1325950360605,354.2677383266244,358.21075439453125,84224600
2022-07-14,353.27487695591316,358.4187870987838,350.84478066367626,357.3408508300781,89704800
2022-07-15,361.7282567851243,364.2813106084498,359.82767826526884,364.1678466796875,79060400
2022-07-18,367.2409348746152,367.9122823241178,359.9411243028026,361.1609191894531,63203600
2022-07-19,365.06610164986904,371.4865379218226,364.41368409588983,370.919189453125,78506000
2022-07-20,371.1083094752707,374.6920322047229,369.74668471412105,373.2831115722656,71843800
2022-07-21,372.70638143368456,377.1316481251823,370.3140872351293,377.0843811035156,64903900
2022-07-22,377.2072777513435,378.3986778470548,371.37309072029717,373.5857238769531,72197300
2022-07-25,374.2097771777864,374.8905895501605,371.808018411836,374.0395812988281,53631500
2022-07-26,372.4037671603326,372.61179398374196,368.7255101067166,369.6143493652344,52946400
2022-07-27,372.89547598359957,380.9517617542331,372.602351195438,379.2119140625,82342100
2022-07-28,380.0156585921788,384.6583882201372,376.4792023544064,383.9681396484375,73966600
2022-07-29,385.39597518556786,390.54935081366597,384.63006466670873,389.5659484863281,87003700
2022-08-01,386.880471670519,390.90861443486426,386.17129323209457,388.41229248046875,69997500
2022-08-02,386.85209567230385,390.52091664915406,384.67729339338854,385.84979248046875,63435400
2022-08-03,387.96788490865407,393.05506301560587,387.6842250670768,391.89202880859375,67820600
2022-08-04,391.81635523733325,392.4971676933185,389.9914096457841,391.62725830078125,45656600
2022-08-05,387.36267776862576,391.608282965117,387.3059458085889,390.9653015136719,56814900
2022-08-08,392.64844425670384,394.8894434033857,389.4145780273554,390.5114440917969,53886100
2022-08-09,389.7833356323287,390.2844871811707,387.892193356466,388.960693359375,44931800
2022-08-10,395.9862990766892,397.27229089166696,394.0384247471789,397.13043212890625,68665700
2022-08-11,399.9671456794408,401.82048597583395,396.392887760029,397.13043212890625,59489700
2022-08-12,399.0594018073081,403.9574535679473,398.1138306323642,403.85345458984375,61694500
2022-08-15,401.65031698074415,406.03778173235645,401.59358501038247,405.5177001953125,54048300
2022-08-16,404.44920466821014,408.2314897011034,403.6454633274114,406.3119812011719,59289000
2022-08-17,402.7283259358478,406.12292386227153,401.432897710774,403.42803955078125,63563400
2022-08-18,403.6265587430193,405.28130854866936,402.34059560234215,404.60052490234375,49023200
2022-08-19,401.8488709739081,402.1136297635589,398.29351392155985,399.1634521484375,68016900
2022-08-22,394.3504022775096,394.52062700068063,389.95350258361276,390.851806640625,77695600
2022-08-23,390.42636368047374,392.8092217006566,389.3578635500323,389.90631103515625,49105200
2022-08-24,389.6793622511617,392.51607606132626,388.99857863900553,391.15447998046875,49177800
2022-08-25,392.6389975097295,396.7238722445992,391.551596341063,396.6766052246094,50942300
2022-08-26,396.5631405668187,397.102094248587,383.1927492346699,383.2494812011719,103087000
2022-08-29,380.3088043159643,383.75066898657906,379.36323297639854,380.71539306640625,65370800
2022-08-30,381.8689239380466,382.10531673126604,374.44618445964664,376.535888671875,85652400
2022-08-31,378.16230081283413,379.4009968343616,373.53847243354284,373.67083740234375,76029700
2022-09-01,371.50548804103204,375.18374505731157,368.8106043103933,374.8433532714844,78740100
2022-09-02,378.4932391584454,379.70356914138836,369.08479416646423,370.8908386230469,99632100
2022-09-06,371.7324544703169,372.66856083501824,367.2788216710287,369.491455078125,76637400
2022-09-07,369.1793490313916,376.8952133261025,368.9618861280906,376.1293029785156,70964200
2022-09-08,373.86940805077325,379.0416547769603,372.6685141668355,378.5877990722656,80821700
2022-09-09,380.81934883699086,385.329742082949,380.5545900462263,384.4692687988281,76706900
2022-09-12,386.5305458980339,389.31999213364895,386.22795622610516,388.6013488769531,69256300
2022-09-13,379.95888974243803,381.1597837204144,370.5883038747845,371.7040710449219,122947100
2022-09-14,372.9995076387831,374.6353563576037,369.8318380483669,373.1224365234375,85023700
2022-09-15,371.57167994308946,374.40839376655435,367.6191989412992,368.8862609863281,87633800
2022-09-16,364.72387185360486,366.7272091723702,362.7964492553366,366.07208251953125,103084800
2022-09-19,362.9388349935968,368.910888671875,362.8628623346067,368.910888671875,73278500
2022-09-20,365.59739527124015,366.60381595599796,361.9325103201576,364.6764221191406,77274900
2022-09-21,366.5942260628629,369.6324950611645,358.3054986149796,358.31500244140625,106746600
2022-09-22,357.5459378785754,359.1790024904426,354.5646626886457,355.30523681640625,89472600
2022-09-23,351.8492165492308,351.8872028833452,344.92770661744225,349.3521728515625,122346900
2022-09-26,347.88994974224795,351.4978686011886,344.68078591741266,345.8960876464844,92581200
2022-09-27,349.4185498276247,351.6782582118454,342.6299498244517,345.0130920410156,108294100
2022-09-28,345.9625820630532,353.4822530130937,344.2725525183402,351.8017272949219,110802200
2022-09-29,348.26971141788147,348.5545364302352,341.51909784939903,344.4529113769531,112952300
2022-09-30,343.51297496490554,347.4152519853497,338.9935866635343,339.1264953613281,153711200
2022-10-03,342.8294669545768,349.92190251422846,341.0539893510715,348.0799560546875,89756500
2022-10-04,353.57721811383504,358.8941746443229,348.04190536505,358.8656921386719,103602800
2022-10-05,354.517213813191,360.2803868520497,352.2005400048697,358.0301818847656,88065700
2022-10-06,356.63442728157884,359.5777447717773,353.8430261300766,354.3367614746094,82333500
2022-10-07,350.32053843206126,354.42219246042094,342.69641320056473,344.4529113769531,107789500
2022-10-10,345.56382461416007,345.8011884953058,339.5917702265936,341.8229675292969,76042800
2022-10-11,340.1329308775536,344.68083086003986,337.7308096086358,339.658203125,92482800
2022-10-12,340.0665108338142,341.6331067135325,338.2910045967103,338.5378723144531,76991800
2022-10-13,331.5593747401117,348.9344292266556,330.5149678078465,347.4722595214844,147254500
2022-10-14,349.9218726099101,351.54546265385306,338.91768496528886,339.5538330078125,123737000
2022-10-17,345.61126849106756,349.38060757787383,339.221423235325,348.27923583984375,93168200
2022-10-18,356.1692206517508,356.4730533438476,348.94384975105197,352.37139892578125,97162900
2022-10-19,350.33955250549025,353.05501012296355,347.0734234834684,349.87432861328125,79746900
2022-10-20,349.4280898959749,353.83357711460013,346.18093949129155,346.9405212402344,88283100
2022-10-21,346.6652142635387,355.8559372584329,345.1650872068647,355.3717346191406,131038400
2022-10-24,356.8908558861546,360.85006925134127,354.2513416759188,359.72021484375,85436900
2022-10-25,359.64424976923016,365.77772406360737,359.53031974752065,365.46441650390625,78846300
2022-10-26,362.3312221104294,367.9899690715865,362.0748795431326,362.71099853515625,104087300
2022-10-27,363.7078921191661,365.54033411277726,360.15690917044486,360.7740783691406,81971800
2022-10-28,360.6697250792135,369.83196661025994,360.48932618172955,369.35723876953125,100302000
2022-10-31,366.90762472118575,368.7685495858821,365.7872740661706,366.6892395019531,96631300
2022-11-01,370.42055862920466,370.65792248879427,363.91678308143315,365.0845947265625,85407600
2022-11-02,364.4959449170633,368.9868796691869,355.8179370887984,355.92236328125,126990400
2022-11-03,352.69418764648026,355.28621123903116,350.1496542075025,352.2574462890625,87100100
2022-11-04,357.94474652084614,359.72022378402096,351.29855759340336,357.3276062011719,103505200
2022-11-07,358.61886625865293,361.33432433939305,356.5490600064299,360.74566650390625,68286900
2022-11-08,361.8469872621732,365.6543132529755,358.628348045763,362.6920166015625,84641100
2022-11-09,360.72664884786775,361.8755109531058,354.72608267328593,355.2198181152344,78495500
2022-11-10,368.43614203225036,375.07285472285605,366.14798010542626,374.74053955078125,141455800
2022-11-11,375.59513065911824,379.1650929237687,373.7151981734616,378.3675537109375,93839900
2022-11-14,376.61106501327595,379.9531383229995,374.8735450242789,375.1488952636719,71903500
2022-11-15,380.8740965559295,381.9754684954277,374.55071897532395,378.3485412597656,93194500
2022-11-16,376.7249517855088,377.67440728463805,374.8355446142679,375.4621887207031,68508500
2022-11-17,370.7243833730803,374.9874582361336,370.42057963663734,374.3133239746094,74496300
2022-11-18,377.63640863793864,377.7028774747301,373.1739853225882,376.0128479003906,92922500
2022-11-21,374.693120041292,375.81347054023524,372.81318778240984,374.6456298828125,51243200
2022-11-22,376.58251647845884,379.84864551592176,375.1773119937102,379.6872253417969,60429000
2022-11-23,379.3549636956731,382.5641281776776,379.12710362952333,382.0799255371094,68261600
2022-11-25,381.51962657797867,382.5450545713694,381.2443053913949,381.9943542480469,30545400
2022-11-28,378.9181872794732,380.5512518780544,375.13934400569946,375.89892578125,67881600
2022-11-29,376.0317967820062,377.21861602317534,373.420794451434,375.2532653808594,52310000
2022-11-30,375.50014044810706,387.0740051269531,373.5917546265289,387.0740051269531,144566700
2022-12-01,388.10894326432475,389.2767840474977,384.29214230054805,386.7892150878906,76398200
2022-12-02,381.91846008966655,387.2448913304231,381.81403389674875,386.3429260253906,85342700
2022-12-05,383.5325856510467,384.46303355724604,378.044733664679,379.3929443359375,77289800
2022-12-06,379.2315543699302,379.7727220207001,371.84479123618274,373.924072265625,77972200
2022-12-07,373.0790519775326,375.64259345528575,372.15807896997796,373.2879333496094,65927900
2022-12-08,375.16787185342383,377.27563531293924,373.3923656741001,376.2122497558594,60737900
2022-12-09,374.977955065578,377.52248883512004,373.2784216185342,373.40185546875,81447700
2022-12-12,374.1898882628355,378.7852783203125,373.52528680664847,378.7852783203125,75405800
2022-12-13,389.48562607620295,389.74196862339903,378.89920332598314,381.6526184082031,123782500
2022-12-14,381.31081297545614,385.00420881267286,376.27871036892407,379.2125244140625,108111300
2022-12-15,374.37025027855924,375.2722444929256,368.28426670085497,369.9363098144531,117705900
2022-12-16,367.39066938127985,368.72600533989504,363.44188811022207,365.5688781738281,119858000
2022-12-19,365.759577222778,366.0934184203677,360.8092731762787,362.4689025878906,79878100
2022-12-20,361.71534816874436,364.576793763949,360.3990785376495,362.96484375,74427200
2022-12-21,365.5497098013311,369.51758489971746,365.01557556771496,368.39208984375,78167400
2022-12-22,365.35903514093155,368.3730957748509,357.461443543547,363.13665771484375,100120900
2022-12-23,362.1160163012456,365.36853035773834,360.57083998702353,365.2254638671875,59857300
2022-12-27,365.11100414194533,365.45436371312377,362.1160098220325,363.7851867675781,51638200
2022-12-28,363.7184005781533,365.6832870108895,359.0351927479394,359.26409912109375,70911500
2022-12-29,362.0969229072174,366.5989324853657,361.57230700428545,365.73095703125,66970900
2022-12-30,363.0602696961742,364.9106445983467,360.9523169257117,364.767578125,84022200
2023-01-03,366.6180893251683,368.5829470886259,360.38012729023234,363.2320556640625,74850700
2023-01-04,365.48293416385536,368.05824707832414,362.4498085414863,366.0361633300781,85934100
2023-01-05,364.0903838205467,364.20483700123856,361.26709863365966,361.85845947265625,76970500
2023-01-06,364.93930570815047,371.27265410068173,361.8871138136949,370.15667724609375,104189600
2023-01-09,372.3408629905399,375.51708414614757,369.7655792215918,369.94677734375,73978100
2023-01-10,369.3649760616946,372.607942270048,368.4302265858901,372.5411682128906,65358100
2023-01-11,374.1150200893582,377.32937328940335,373.3042711879849,377.2530517578125,68881100
2023-01-12,378.3499708858858,380.08589280712,374.2962553998828,378.6265563964844,90157700
2023-01-13,375.44083490462947,380.6677540792538,375.1737677414377,380.095458984375,63903900
2023-01-17,380.0763692929868,381.7455462351786,378.7219386237428,379.3991394042969,62677300
2023-01-18,380.58192119114887,381.6406423942581,373.20891710602956,373.4092102050781,99632300
2023-01-19,371.3775455516614,373.01810918357603,369.37455652309,370.6908264160156,86958900
2023-01-20,372.08338384027553,377.749049499946,370.44282022993093,377.596435546875,91806400
2023-01-23,378.3976534216192,384.05377185885095,377.443838004556,382.1270751953125,84178800
2023-01-24,380.45784526648146,382.622995482958,379.2751236285282,381.7168884277344,59524900
2023-01-25,377.66320358749766,382.19382654932406,375.383570904274,381.8599853515625,84800300
2023-01-26,384.51164727734886,386.2189851730942,381.55481340491326,386.05682373046875,72287400
2023-01-27,385.01715091180836,389.3093204688235,384.80731034691763,386.94384765625,68346200
2023-01-30,384.196790848311,386.4191967958499,381.79318677341877,382.0888671875,74202000
2023-01-31,382.6040510036584,387.75464935092873,382.26066225616484,387.70697021484375,86811800
2023-02-01,386.495567469355,394.56486749175457,383.7676691333913,391.827392578125,101459200
2023-02-02,395.69982017672226,398.9904947612399,393.8112844222463,397.5311584472656,101654500
2023-02-03,392.5808161913244,397.71234690587056,392.1039085651864,393.30572509765625,94736800
2023-02-06,390.8640289856019,392.294752115139,389.2520785976726,390.90216064453125,60295300
2023-02-07,389.98649761106446,397.25456629561944,388.74654923536696,396.0146179199219,90990700
2023-02-08,394.0497376684334,395.3850733282182,390.99751692481027,391.68426513671875,76227500
2023-02-09,395.27060073163324,395.4232146721326,387.0677833556222,388.2886657714844,78694900
2023-02-10,387.1155453391367,389.57640563275254,386.30482544964053,389.19488525390625,70769700
2023-02-13,389.84338297011766,393.8970979159843,389.38554115612743,393.7635498046875,64913500
2023-02-14,392.24703262517374,395.8810669412816,389.6431352333331,393.5823974609375,88389300
2023-02-15,391.3981496403728,394.9367965737248,390.55878744301873,394.8605041503906,61555700
2023-02-16,389.91022227936105,393.8399372390062,389.2902480643342,389.42376708984375,76431500
2023-02-17,387.30627658309317,388.6893205477336,385.3890983264304,388.45086669921875,89257800
2023-02-21,384.4448207915137,385.4940235203808,380.40065293639157,380.6581726074219,82655900
2023-02-22,381.06829584759197,382.60395368803114,378.68375748701857,380.1335754394531,83742300
2023-02-23,383.0140675924474,383.6245233532482,377.94931070384274,382.1556396484375,96242400
2023-02-24,377.1577095966057,378.90317902341906,375.45991929796907,378.0733642578125,108194400
2023-02-27,381.4021728412389,382.7566035647617,378.4262733452024,379.36102294921875,80444700
2023-02-28,378.8840643154278,380.8393740486185,377.85392748484423,377.9588623046875,96438600
2023-03-01,377.1481633851746,378.3690459735666,375.2119192229247,376.50909423828125,99706800
2023-03-02,374.54423904245056,380.27667913690243,374.2103978176706,379.43731689453125,85127800
2023-03-03,381.2495104460485,385.7706148212673,380.6009230194376,385.5226135253906,90120000
2023-03-06,386.34296459812265,388.63214513183675,385.3510174155289,385.7897644042969,72795900
2023-03-07,385.74202541995913,385.9804792628776,379.2656108960152,379.87603759765625,108310600
2023-03-08,379.9905117430244,381.2495258844479,378.2736266459541,380.49603271484375,74746600
2023-03-09,381.2782485257293,382.9379075063435,372.49361477199795,373.4760437011719,111945300
2023-03-10,372.9322836127058,375.0020758920174,366.5703510301064,368.0869140625,189253000
2023-03-13,364.17622313398334,372.3599748381927,363.06979387547824,367.562255859375,157790000
2023-03-14,372.46485827708165,375.27862493164645,369.1741839934809,373.6380615234375,149752400
2023-03-15,368.0678201070447,371.501532087288,365.9884805177744,371.3012390136719,172996900
2023-03-16,368.9549315868622,378.1592456618237,368.4494105185253,377.81585693359375,143254200
2023-03-17,376.49066315741425,377.62045366564536,372.01933299388344,373.3980712890625,140553400
2023-03-20,374.17363412671835,377.40028401988184,373.47471024400215,376.9885559082031,93055800
2023-03-21,380.3396653906553,382.41735696574256,378.75028553737957,381.9386291503906,91524200
2023-03-22,381.7662673371417,385.3662803866766,375.3896097781942,375.4278869628906,111746600
2023-03-23,378.2811390116393,382.30246432046795,373.74280870365055,376.4428405761719,119351300
2023-03-24,375.169400500622,378.9992229180059,372.8332064884797,378.9130554199219,107682400
2023-03-27,381.18223941875726,381.94822147173227,378.7311552876925,379.62158203125,74010400
2023-03-28,378.9321907858517,379.6215599838787,376.9406960022324,378.7694396972656,62871700
2023-03-29,382.9152413925595,384.5142052275328,381.7184217978642,384.27484130859375,77497900
2023-03-30,386.8982032553057,387.14715104431514,384.66734471738545,386.5248107910156,69840000
2023-03-31,387.44397246110736,392.2695566903632,387.3386371549544,391.9727478027344,112062600
2023-04-03,391.4557374933837,393.86851514556844,391.06317718146,393.4664001464844,67391100
2023-04-04,394.10789340859714,394.3951476376342,389.9142329500153,391.2834167480469,66601500
2023-04-05,390.5557200333499,391.31211814402246,388.6120863205277,390.2589111328125,65200200
2023-04-06,389.4642553207361,392.05898137720516,388.4206320852357,391.78131103515625,63743300
2023-04-10,389.311073872341,392.26005398593924,388.6983173778572,392.1834411621094,63681000
2023-04-11,392.8057915925013,393.68663448889265,391.52280443872803,392.28875732421875,59297900
2023-04-12,394.3472458215589,394.63450004221784,390.1057243914606,390.68975830078125,86420400
2023-04-13,391.7716880699347,396.2334348165877,390.6323135315357,395.8791809082031,85814800
2023-04-14,395.2472246625358,397.43022215552446,392.614221890679,394.912109375,78161500
2023-04-17,394.82598073584927,396.348331709265,393.600438675659,396.3291931152344,66436400
2023-04-18,397.89935588402477,398.03341368331184,395.21849209052334,396.587646484375,63560000
2023-04-19,394.68236324131743,397.42067233366515,394.62491824072464,396.52069091796875,55227300
2023-04-20,393.7153643600863,396.09944900781187,392.81535363221457,394.35687255859375,75840400
2023-04-21,394.6536851353828,395.12282909940683,392.7196350530014,394.66326904296875,73457400
2023-04-24,394.4621654970849,395.49623401848584,393.13131726469595,395.074951171875,64332100
2023-04-25,393.11213941820307,393.667480074213,388.74614386404556,388.8035888671875,97766700
2023-04-26,389.4163794213185,390.48872511908525,386.6014573550663,387.1567687988281,80447000
2023-04-27,389.6844497545518,395.1323747434497,389.4355019352683,394.8642883300781,92968400
2023-04-28,393.9834220992783,398.2441114946902,393.9259770969372,398.2345275878906,89433100
2023-05-01,397.7940910544224,399.85261481140054,397.6025882410736,397.8323974609375,62122300
2023-05-02,397.1238469456253,397.1717372569502,390.4695480864417,393.3610534667969,103998500
2023-05-03,393.8589703711037,396.26219357490066,390.421707847698,390.66107177734375,91531800
2023-05-04,389.6174209347764,389.94295234971383,386.56313507144216,387.8940124511719,94901900
2023-05-05,391.5132147900382,396.1185743812244,391.25471226930256,395.074951171875,87891800
2023-05-08,395.40043160090397,395.6589340882948,393.78232933496844,395.1802062988281,50046800
2023-05-09,393.63876845358556,394.557917748492,393.2174856060807,393.447265625,49220100
2023-05-10,396.2717616781344,396.9036859335044,391.4748993691881,395.28558349609375,96142900
2023-05-11,394.4238259021145,394.8833858662675,392.5280533923099,394.5961608886719,70157100
2023-05-12,395.83138408475986,396.042025526545,391.6664455699177,394.0792236328125,70481500
2023-05-15,394.6824140250921,395.84092731174917,392.7770864154088,395.4388122558594,54289400
2023-05-16,394.3376320009185,395.2568103742265,392.7865586723953,392.796142578125,57705500
2023-05-17,394.80685403141115,398.16750358670436,393.16961300605146,397.5643310546875,87287000
2023-05-18,397.24833527836256,401.81541733647197,397.02813918363745,401.3941345214844,97177200
2023-05-19,402.2941323052739,402.8207211975793,399.594100500681,400.81005859375,103793300
2023-05-22,400.8292573658007,402.5048047952054,399.59413136502695,400.9728698730469,60745400
2023-05-23,399.33559189738094,400.9058331974647,396.0802485128697,396.4728088378906,86383500
2023-05-24,394.87383509017286,395.256811470501,392.44188978529047,393.60040283203125,89213700
2023-05-25,397.09513966858555,398.4547395231807,394.86428090134467,397.00897216796875,90961600
2023-05-26,397.66007352379233,402.8686350068501,397.58348992223114,402.1505432128906,93830000
2023-05-30,404.0750403987033,404.60162936229705,400.92500286690074,402.3037414550781,72216000
2023-05-31,400.48451382304125,401.38452439451896,398.5121576904561,400.07281494140625,110811800
2023-06-01,400.302672440745,404.92720009252923,399.0579916489923,403.8739929199219,88865000
2023-06-02,406.4399357427851,410.4995384716648,405.9133468070171,409.7144470214844,91426200
2023-06-05,410.05908136180767,411.34206835375164,408.23033766769487,408.9292907714844,65460200
2023-06-06,408.5176982946163,410.3464132458736,407.866606113316,409.81982421875,64022200
2023-06-07,410.2123458801246,411.34213665805225,407.98145760891026,408.4027404785156,85373300
2023-06-08,408.4697625854569,411.32299120581996,407.7038096821584,410.87298583984375,61952800
2023-06-09,411.6676134571485,413.6112472123868,410.62399032938276,411.61016845703125,85742800
2023-06-12,412.5868209414102,415.4208816171955,411.86872917016797,415.3442687988281,76104300
2023-06-13,416.7996543712614,418.7241206070974,416.13900754994665,418.0826416015625,95899700
2023-06-14,418.4177237476961,420.3804962400345,415.14321240552647,418.5804748535156,100612100
2023-06-15,417.7666315386717,425.0145781797127,417.6709093443267,423.7698974609375,110303100
2023-06-16,425.7475863594146,426.3145800008913,421.85549893581907,422.3263854980469,114165800
2023-06-20,420.39477647392715,421.278891227802,418.0691141682308,420.1352844238281,76160400
2023-06-21,419.1551327247259,419.9527600379521,417.3964637735576,417.9826965332031,76982300
2023-06-22,417.0312661321085,419.59715234538584,416.69490598831976,419.491455078125,70637200
2023-06-23,416.051016626355,418.0979773634387,415.60895921346514,416.3200988769531,92074500
2023-06-26,415.75312807727073,417.6655331304873,414.37888755488666,414.619140625,72823600
2023-06-27,415.493629733563,419.77973592551575,415.0419528273242,419.1647033691406,72813700
2023-06-28,418.0883469905335,420.3851802319676,417.47331443133595,419.3761291503906,75636000
2023-06-29,418.96288231167824,421.1924377171977,418.559273599848,421.029052734375,67882300
2023-06-30,424.22920819454237,426.97768888145606,423.9120577597363,425.9974670410156,104964000
2023-07-03,425.6515034890419,426.76625174608176,425.37280176090064,426.4875793457031,32793400
2023-07-05,424.6809269189928,426.5837417319984,424.6713074116075,425.8533630371094,58418400
2023-07-06,422.28804318773945,422.94152452145863,420.02003888020397,422.5186767578125,80658300
2023-07-07,421.52880169929125,425.3824701498979,421.21165123791485,421.451904296875,86134200
2023-07-10,421.0963679775693,422.6916519353673,420.5293742326275,422.5186767578125,62443500
2023-07-11,423.27782759435644,425.69956773672544,422.3071959049608,425.2094421386719,64463800
2023-07-12,428.98627543991233,430.03377528061355,427.5639667416878,428.63067626953125,91924500
2023-07-13,430.4374003996056,432.8207214455181,430.00496246418476,432.0326843261719,72425200
2023-07-14,432.9168067475371,433.76247288793445,431.00437243683245,431.7635803222656,69815800
2023-07-17,431.6194032211896,434.3102255823968,431.5713350157398,433.2627258300781,52680200
2023-07-18,432.9359794712025,437.1259784249401,432.5035122667073,436.48211669921875,80668200
2023-07-19,437.2701641275052,438.6347850080483,436.4052296979119,437.4527587890625,65891700
2023-07-20,436.4629408876448,437.35667523001575,433.8393669208048,434.5505065917969,70591600
2023-07-21,436.26110720174216,436.4629408876448,434.54091641230104,434.5505065917969,71275600
2023-07-24,435.6941036910491,437.29900699604326,434.6658135812287,436.49176025390625,54023400
2023-07-25,436.22271303443887,438.9327454121648,436.1746448231181,437.6834411621094,55191200
2023-07-26,436.7512409467643,439.1729812727202,435.70374110756154,437.7507019042969,71052900
2023-07-27,441.12379698695344,441.5274350037331,433.94503488324995,434.848388671875,92194400
2023-07-28,438.1063433225387,439.9322610408161,434.8484971666877,439.1058044433594,80011800
2023-07-31,439.57655264920487,440.2973117315323,438.2695609294814,439.9417419433594,62040400
2023-08-01,438.48102764934566,439.42283016702106,437.7314393035273,438.682861328125,55291500
2023-08-02,435.57876710355214,435.8382298320832,431.83082549706114,432.5804138183594,93933400
2023-08-03,430.5719916279562,433.2147756525846,429.9281004341006,431.3407897949219,64276100
2023-08-04,433.14742331097347,435.2424228845315,428.87090725675444,429.3898620605469,100128900
2023-08-07,431.21576252551705,433.29155233174345,430.5238325901082,433.1377868652344,58357500
2023-08-08,430.610350839472,433.1282275391779,427.90990879603123,431.2542419433594,71361300
2023-08-09,431.52333486681067,431.6867198555809,427.6120079214979,428.3712158203125,78789600
2023-08-10,430.71607007168745,434.08923235537964,427.3621468022029,428.52496337890625,93005500
2023-08-11,426.6605919753528,429.28416586620887,426.06476909769503,428.27508544921875,68690900
2023-08-14,427.3621646686425,430.6391906738281,427.05463370611966,430.6391906738281,47867400
2023-08-15,428.87093856214887,429.2265377401817,425.0557186470054,425.62274169921875,75707500
2023-08-16,425.20945229682616,426.8623944636419,422.3936935729571,422.4994201660156,80107200
2023-08-17,423.9601232533812,424.2195859756661,418.7610440069637,419.2799987792969,95711300
2023-08-18,416.4738387437825,420.5101015823301,416.12788844047134,419.4818115234375,98852000
2023-08-21,420.4908700639508,422.9510589127824,418.3478316599045,422.2110900878906,68719000
2023-08-22,423.9793093243941,423.9793093243941,420.5100697363889,421.06744384765625,64994200
2023-08-23,422.1246379899384,426.3723251113796,421.98049201554073,425.75726318359375,68441000
2023-08-24,427.35254280721006,427.861878130185,419.82780041318796,419.8566589355469,88517300
2023-08-25,421.576814401286,424.09466161039535,418.0402966316632,422.8165283203125,102325100
2023-08-28,424.99802710166506,426.1128047760357,422.8165399597136,425.4977722167969,61595400
2023-08-29,425.3920554264297,431.92695615148733,425.2094607575032,431.64825439453125,83081900
2023-08-30,431.9846290752829,434.0604190699575,431.2830795696017,433.4261474609375,69053900
2023-08-31,434.04117430376084,435.17516171345255,432.6092754445361,432.7918701171875,66084600
2023-09-01,435.5018439595685,435.98234998496224,432.1478919594432,433.5990295410156,58944100
2023-09-05,433.15708696932927,433.4742081258921,431.6579101191323,431.72515869140625,55166200
2023-09-06,430.9179062539162,431.0236328565703,426.50686334901025,428.8229064941406,70758500
2023-09-07,425.83410543618885,428.17897757007677,425.4881551186145,427.50628662109375,70355400
2023-09-08,427.5543540855631,429.67818299559536,427.1987842372508,428.1501770019531,61659700
2023-09-11,430.7640781970579,431.2734134651807,429.0630972437641,430.9659118652344,60180100
2023-09-12,429.5244606027526,431.0428471374366,428.02528375613423,428.60186767578125,67565400
2023-09-13,428.82283025526624,430.2547289321733,427.72726235885176,429.1015319824219,60199300
2023-09-14,431.56179840958094,433.4934131798962,430.26442594561126,432.8014831542969,83430800
2023-09-15,431.22275924982887,431.5506524245771,427.15298130374185,427.5869445800781,111848900
2023-09-18,427.2783378211123,429.1300027993312,426.8057902109989,427.83770751953125,55752200
2023-09-19,426.92147805226983,427.5097785871883,424.27902594225344,426.9504089355469,66514600
2023-09-20,428.204102110049,428.61878786847143,422.82272296281644,423.0252685546875,82562600
2023-09-21,420.1899872517448,420.45036521142913,415.8791088874586,416.0334167480469,104095800
2023-09-22,417.05566583396023,418.64692328267273,414.6832156713709,415.0979309082031,100829700
2023-09-25,413.89246826227424,416.88209127104136,413.45847553843805,416.8435363769531,70874500
2023-09-26,413.8152657492611,414.5192898301892,409.8901424025337,410.71954345703125,96168400
2023-09-27,411.8864702649676,412.44583993852024,407.257352172029,410.88348388671875,104705800
2023-09-28,410.33377256481566,414.93395949847536,409.7454720420047,413.2655334472656,92258300
2023-09-29,416.30348156781014,416.47706688820205,410.74851586552904,412.26263427734375,115111300
2023-10-02,411.4331625829839,413.34268907348576,409.350050801858,412.0986022949219,83798600
2023-10-03,409.92869029746174,412.15645644629615,405.22240407493666,406.58221435546875,103760600
2023-10-04,407.0452013606301,410.28557828924926,405.58894477181923,409.5429992675781,87453000
2023-10-05,409.2535499379355,410.22760521251934,406.1771351507414,409.3885803222656,70142700
2023-10-06,406.9487669268842,415.78269394671395,405.6275407211765,414.2492980957031,113273300
2023-10-09,412.35898219183764,417.47033030159264,411.80929543558074,416.9013366699219,80374400
2023-10-10,417.52823984465374,421.6558795794434,417.1328314591845,419.0712890625,78607300
2023-10-11,420.1321774519797,421.0386884193442,417.7597269120865,420.7879638671875,62451700
2023-10-12,421.39548619007036,421.7715876841516,415.8791053042313,418.22259521484375,81154200
2023-10-13,419.7174193113071,420.9132978989336,414.5771691952751,416.1394958496094,95143100
2023-10-16,418.3769399083744,421.57876204965237,418.13583937540864,420.5179138183594,75433200
2023-10-17,417.40278278927536,422.543061383034,417.05561223325043,420.4985046386719,75324700
2023-10-18,418.733716385894,419.68846496991176,413.8152601862858,414.8953857421875,93559800
2023-10-19,415.60908569425885,417.4125128642148,410.5749056891377,411.2499694824219,121323000
2023-10-20,410.81602762056735,411.3560904558305,406.0904336651891,406.196533203125,123919900
2023-10-23,404.6727145608842,409.3404462034215,402.9271492717955,405.4924621582031,92035100
2023-10-24,407.6044970323164,409.6972623098232,405.76248569133276,408.54962158203125,78564200
2023-10-25,406.8715656507854,406.9004965329498,402.1749032838704,402.68603515625,94223200
2023-10-26,401.62526644318154,402.4739155692253,396.9479103704744,397.86407470703125,115156800
2023-10-27,399.4456683619361,399.8410767152927,394.64293578713176,396.06060791015625,107367700
2023-10-30,398.8381328209202,401.84706268429056,397.54583752991965,400.7958679199219,86562700
2023-10-31,401.3648771149318,403.6312280389458,399.4650037145309,403.31298828125,79665200
2023-11-01,404.27737373849845,408.42429101289605,403.74693492260894,407.61419677734375,98068100
2023-11-02,411.3946192920617,415.5801501470598,411.3753418460295,415.42584228515625,94938900
2023-11-03,417.72110052299064,420.75896096668146,417.59572355276106,419.2159118652344,100167800
2023-11-06,419.96818924465083,420.6239756178728,418.2419012219719,420.18035888671875,67831700
2023-11-07,420.1803714654247,422.01272964838347,419.0423840017281,421.376220703125,64256100
2023-11-08,421.97409276953505,422.4948781019278,419.38950241519393,421.6847839355469,61746000
2023-11-09,422.82275020857907,422.86133452826135,417.97180945877307,418.3961486816406,83174400
2023-11-10,420.460074546332,425.2338476957981,418.38658630688724,424.92523193359375,89462200
2023-11-13,423.5942934214088,425.61951403994044,422.81313016998365,424.5201110839844,52236100
2023-11-14,430.43192160638574,434.0387757848984,430.2100985439841,432.7561340332031,97176900
2023-11-15,434.08695751300667,435.31176685348777,432.82359328411655,433.6722717285156,77327600
2023-11-16,433.22867282179436,434.52096798557363,432.1678247228073,434.2027282714844,66665800
2023-11-17,434.2123590781554,435.3503758373704,433.29619481153003,434.7427978515625,83133200
2023-11-20,434.4920338445369,438.92828895080976,434.482380406505,438.0892639160156,69936200
2023-11-21,437.0477288286672,437.9639225798321,435.8711571103787,437.134521484375,49244600
2023-11-22,438.7836191839142,440.1337760565273,437.7324245676935,438.8221740722656,59394900
2023-11-24,438.87043049439643,439.2851162959046,438.54253734218906,439.09222412109375,29737400
2023-11-27,438.4653845031241,439.2754786903425,437.9156682731926,438.30145263671875,50506000
2023-11-28,437.91563451759527,440.02767719087626,437.3562943235412,438.7353820800781,62115000
2023-11-29,440.8763777024274,442.0047410159344,438.0314094012158,438.4267883300781,63146000
2023-11-30,439.2658732507552,440.5003067450598,437.2020386572685,440.1531066894531,79752700
2023-12-01,439.54548291042204,443.2873673280454,438.9572118254806,442.7569580078125,89183400
2023-12-04,439.3815446393366,442.77622898793436,438.1663887357716,440.4327392578125,72430900
2023-12-05,439.05368258007826,441.3007263857532,438.67755165712543,440.3459777832031,69793500
2023-12-06,442.4773193670441,442.5062502524176,438.1375099737289,438.5715026855469,69124700
2023-12-07,440.6448901016337,442.5640405275411,440.04696561303206,441.91790771484375,66995400
2023-12-08,441.17532857795476,444.3482193835821,440.9342280791031,443.81781005859375,83194400
2023-12-11,443.3258938398287,445.71762105035606,443.11372425315926,445.54400634765625,65002200
2023-12-12,445.19696605648693,447.6754866279034,444.20363302627965,447.57904052734375,68327600
2023-12-13,447.9550638637653,454.00188308183056,447.5982398420778,453.7511291503906,93278000
2023-12-14,455.6799755722313,456.8662007070536,452.54566886194607,455.2074279785156,119026000
2023-12-15,454.61284974570634,455.7845286924067,452.6181291338484,454.4579162597656,141553700
2023-12-18,456.0556626634462,457.9922869448393,455.00020597615196,457.0142822265625,70375300
2023-12-19,457.5565059029809,459.87078595804843,457.47905393883144,459.7933044433594,55761800
2023-12-20,458.9411749679152,460.81970272542947,452.9957542950649,453.42181396484375,102921000
2023-12-21,456.39451800386655,457.99225657048584,453.98343038961036,457.72113037109375,86667500
2023-12-22,458.84435899601766,460.3162123050925,456.7528308577729,458.6410217285156,67160400
2023-12-26,459.0477470448917,461.4781904417408,458.97026552475677,460.5776672363281,55387000
2023-12-27,460.3742993690924,461.5556412930502,459.8417395433534,461.410400390625,68000300
2023-12-28,461.76866793794215,462.4174204811319,461.16831917837936,461.5846862792969,77158100
2023-12-29,461.39101424995863,461.9139110481109,458.3020963459827,460.2484130859375,122283100
2024-01-02,457.19826599724024,458.66042679258095,455.58117171261154,457.6727294921875,123623700
2024-01-03,455.5230751447963,456.2590018309508,453.3347097921151,453.93505859375,103585900
2024-01-04,453.4605375615008,456.03625125353045,452.2501474553143,452.4728698730469,84232200
2024-01-05,452.67622417899463,455.53275675735284,451.6498156943496,453.0926208496094,86118900
2024-01-08,453.58644474883687,459.7061845131588,453.4605594436324,459.5609436035156,74879100
2024-01-09,456.917483028303,459.8805160607343,456.4139713115423,458.8638000488281,65931400
2024-01-10,459.1349189215174,462.3206743518726,458.8541001077607,461.4588623046875,67310600
2024-01-11,462.4561601628175,462.9693643803347,457.2950698074294,461.2554626464844,77940700
2024-01-12,462.6982272154343,463.4341538308624,460.1709469448806,461.5749816894531,58026400
2024-01-16,460.1999916518418,461.5071892712775,458.0696933340662,459.88043212890625,85014900
2024-01-17,456.8690193310164,457.80828324431627,454.9807989273028,457.3241271972656,68843900
2024-01-18,458.9895962811143,461.94293616195193,457.4499836944988,461.3909912109375,91856200
2024-01-19,462.514291382207,467.42364106257526,461.4394790826515,467.142822265625,110834500
2024-01-22,468.67274557207963,469.8443949304159,467.4817110595385,468.1304931640625,75844900
2024-01-23,468.6727773973201,469.7378971314764,467.5882725076425,469.4958190917969,49945300
2024-01-24,472.3523626504235,473.28193407003323,469.5152150522186,470.0090637207031,81765000
2024-01-25,472.1296163726771,472.8364948673133,470.0090399898508,472.56536865234375,72525000
2024-01-26,472.1393159497028,473.6208323517754,471.12260001612924,471.96502685546875,76641600
2024-01-29,472.27489403038163,475.8479682163698,471.7326415921786,475.70269775390625,61322800
2024-01-30,475.0151877688741,476.0415962445669,474.5794354978266,475.3347473144531,58618400
2024-01-31,473.1366851322255,473.5821004537836,467.5591976080332,467.5785827636719,126011100
2024-02-01,469.27310972065493,473.72735140437555,468.4693941088524,473.69830322265625,91891600
2024-02-02,474.1340709086256,480.33126318424115,473.79515572273505,478.6851501464844,99228200
2024-02-05,478.05572128716557,478.71416645842936,474.6956769375314,476.942138671875,75757100
2024-02-06,477.8813679101815,478.6560353058455,476.4579479680973,478.3268127441406,55918600
2024-02-07,480.56361115879434,482.73262076498764,479.6630584646698,482.3162536621094,70556500
2024-02-08,482.3162670291635,482.9069232309363,481.5028884042988,482.529296875,52343600
2024-02-09,483.03279181896556,485.7537463849515,482.69387668269746,485.3180236816406,63979400
2024-02-12,485.2889926510743,487.5451468627196,484.38843993132826,485.1050109863281,56502300
2024-02-13,478.8593972990049,481.3382739920692,475.1701304413372,478.42364501953125,113099200
2024-02-14,481.0477983876243,483.25554889436194,478.73351817874396,482.7713928222656,68387800
2024-02-15,483.4686066260898,486.28639867423624,482.99411355370677,486.1024169921875,61683000
2024-02-16,485.8022467252244,486.9351554606331,482.9457138905167,483.681640625,75532900
2024-02-20,481.9483091532552,482.6164468795506,478.78193916164605,481.01873779296875,71736700
2024-02-21,479.7212103303219,481.6094012609107,477.92013439516916,481.4544677734375,59293400
2024-02-22,488.0390264949041,492.3770461062639,487.08037735176976,491.4184265136719,76402500
2024-02-23,493.1322803007743,493.9650440524054,491.03105964418,491.7572937011719,61321800
2024-02-26,492.1930670722987,492.6288193715667,489.8303829996231,489.9562683105469,50386700
2024-02-27,490.64382321070997,491.08923856639694,488.75560252486866,490.86651611328125,48854500
2024-02-28,489.3171901171775,490.7987065984109,488.9589193319282,490.2177429199219,56506600
2024-02-29,491.9703174424767,493.5873820410347,489.33650744640795,491.97998046875,83924800
2024-03-01,492.85151281479995,497.02490613181874,492.4448087227075,496.5988464355469,76844800
2024-03-04,495.80491059914067,497.90613146747353,495.775832865413,496.0663146972656,49799300
2024-03-05,494.0715838516931,494.5170287187888,488.910493074669,491.1085510253906,72855600
2024-03-06,494.3717142498123,495.84356750478094,492.3092343684573,493.5970764160156,68382400
2024-03-07,496.8797004283906,499.54255878511856,493.65520448812254,498.49676513671875,58652100
2024-03-08,499.1262072798715,501.7986991966138,494.93339907868494,495.50469970703125,86532500
2024-03-11,494.30394494541804,495.6595759026315,492.38667645201275,495.0785827636719,62557200
2024-03-12,497.17989237365043,500.9853520856395,494.67193786467755,500.4043884277344,73114400
2024-03-13,500.7238851600706,500.89817425614416,498.1869120376378,499.6199951171875,55104100
2024-03-14,500.5882744583001,500.7432374898184,495.60150263891603,498.63232421875,110171800
2024-03-15,495.5775416790132,497.02482972446626,493.5474849090623,495.20843505859375,107646300
2024-03-18,499.2588090158661,500.6963445921207,497.7435511886848,498.1514892578125,88893300
2024-03-19,497.461870313395,501.2014309193572,496.46138163610317,500.9197692871094,60755300
2024-03-20,500.9780959649054,505.6889776418347,500.30788231111256,505.552978515625,69594600
2024-03-21,508.37953729329536,509.07885971572495,506.941942394898,507.2236633300781,60256100
2024-03-22,507.13620745255224,507.621867774784,506.028887689534,506.2620544433594,79070800
2024-03-25,504.89254263399073,506.00958527374246,504.7079893096331,504.8634338378906,48512100
2024-03-26,506.2815184422617,506.6215162909625,503.5327232804724,503.9309387207031,65463700
2024-03-27,506.7477422439313,508.2047232896313,504.5913794682458,508.16583251953125,82999800
2024-03-28,508.2047857637415,509.56459933606504,507.7871249267959,508.06878662109375,96294900
2024-04-01,508.8069627833215,509.3411773364756,506.0289403944362,507.184814453125,62477500
2024-04-02,503.3772245058647,504.0959923303483,501.6676906072498,503.9600524902344,74230300
2024-04-03,502.87207664118336,506.0094825181492,502.8235224677317,504.51361083984375,59155800
2024-04-04,508.50587432277524,508.8458128822942,498.05445323196415,498.3555603027344,96858100
2024-04-05,499.7056226929599,505.5141009734885,499.2685165612303,503.5617370605469,74546500
2024-04-08,504.26113435269997,505.2615637846118,503.0372608598177,503.8434143066406,48401800
2024-04-09,505.57242083511636,505.81525100842816,499.5987748577626,504.42626953125,68049200
2024-04-10,498.7537372482173,501.35686962666665,497.40364652298035,499.3753967285156,82652800
2024-04-11,500.8906025681321,504.5816090108978,497.3938721033446,503.1440734863281,70099000
2024-04-12,499.61819571598176,501.026622508991,494.4799012010891,496.19915771484375,92561100
2024-04-15,500.3564559239092,500.5215638494566,489.13768362770764,489.9827575683594,92101400
2024-04-16,490.45864647041304,491.97390429784934,487.8069304512228,489.0890808105469,73484000
2024-04-17,491.53681324608516,491.7019508026377,484.805568116472,486.1945495605469,75910300
2024-04-18,487.58356199441425,489.6718955124249,484.26163225086344,485.194091796875,74548100
2024-04-19,485.1164497249613,486.107186243166,479.6964632064661,480.9591979980469,102212600
2024-04-22,483.55258680560587,487.972113920127,481.2214229780645,485.3883972167969,67961000
2024-04-23,487.38924842347393,491.575637828991,485.2037770782218,491.14825439453125,64633600
2024-04-24,492.032173924217,492.8189412598712,488.70055129127593,490.9151611328125,55928100
2024-04-25,484.8638724968989,489.8078914311426,483.222338099903,489.0502624511719,69122400
2024-04-26,491.8282151706386,495.25697586630093,491.19686267902955,493.6834411621094,64306100
2024-04-29,495.4609621651781,496.1020373711397,492.70241499072074,495.43182373046875,46415400
2024-04-30,493.9748340493992,494.94615471248864,487.58355712890625,487.58355712890625,77483600
2024-05-01,487.00079486473084,493.6154866987963,485.5340910693037,486.0003356933594,80242800
2024-05-02,489.6914059955059,491.381524449936,485.2233241077949,490.5461730957031,62550200
2024-05-03,496.5003104757314,497.8504308833997,493.9748706361785,496.6265869140625,72756700
2024-05-06,499.0159955422608,501.7939584375333,498.57888938265427,501.755126953125,47264700
2024-05-07,502.7166843877577,503.69772767350116,501.63853275647114,502.3087463378906,52561300
2024-05-08,500.4826581745873,502.89151427383246,500.3661044462176,502.3572998046875,42047200
2024-05-09,502.54186786336425,505.2907218217569,501.8910996467172,505.2518310546875,43643700
2024-05-10,506.8448931772194,507.65110602328485,504.68858950510435,505.9027404785156,52233200
2024-05-13,507.57331435188917,507.6801453946088,504.8341830162767,505.9706115722656,36716400
2024-05-14,506.1648587577762,508.80688159235103,505.63064428986746,508.29205322265625,57535900
2024-05-15,510.7495751277046,514.8776880610556,510.11819296519036,514.5863037109375,59504900
2024-05-16,514.683461995483,516.2764423102767,513.3818660590745,513.527587890625,50244800
2024-05-17,513.6440876053468,514.3337466322346,512.1968292743588,514.2657470703125,59187600
2024-05-20,514.3822777046638,516.3151962899514,513.9937257353356,514.8582153320312,37764200
2024-05-21,514.1006064390205,516.2763551432357,513.8966077662355,516.1209106445312,33437000
2024-05-22,515.4313166919542,516.1403617816678,512.4687413388463,514.6348266601562,48390000
2024-05-23,517.6750684388743,517.7818994806975,509.6713365846429,510.8758239746094,57211200
2024-05-24,512.7115556042107,515.062194143986,511.7694030777515,514.2559814453125,41291100
2024-05-28,515.0622463447778,515.2953538271266,511.992839734623,514.6154174804688,36269600
2024-05-29,510.6038721974795,512.1871297238472,510.30276514376794,511.0118103027344,45190300
2024-05-30,509.4771735375275,510.13766452658996,506.3786580054075,507.6219177246094,46377600
2024-05-31,508.5738001358681,512.3716377541396,503.49375287353905,512.245361328125,90785800
2024-06-03,513.8480669180504,514.1297285627861,507.61214568816797,512.6630249023438,46835700
2024-06-04,511.36150323340104,513.974358217118,509.90452222280885,513.2361450195312,34632700
2024-06-05,515.5479441376007,519.355504956824,513.5664118243003,519.3360595703125,47610400
2024-06-06,519.637123680227,520.0645071551455,517.4030979505338,519.3262939453125,30808500
2024-06-07,518.3550094881825,521.4924158492759,517.2671349822953,518.6950073242188,43224500
2024-06-10,517.8888118681492,520.6182209175571,517.2963204143864,520.2976684570312,35686100
2024-06-11,518.7532508345464,521.608936050015,516.791164059003,521.5506591796875,36383400
2024-06-12,526.096381978746,528.5149607902181,524.804508979413,525.8341064453125,63251300
2024-06-13,527.572819593174,527.7476501909825,524.1149205499801,526.8928833007812,44760900
2024-06-14,525.3678462092569,527.2424876937291,524.3673576196502,527.21337890625,40089900
2024-06-17,526.5334956885656,532.7985255135613,526.0769441713737,531.4094848632812,55839500
2024-06-18,531.4678314025467,532.8859810291509,531.0501705974204,532.7597045898438,41376400
2024-06-20,533.6824026084769,534.3428935144076,529.5445672911499,531.3123779296875,70328200
2024-06-21,530.4929829849066,531.7110509477889,529.1482311958065,530.6001586914062,64338600
2024-06-24,530.4247136467889,532.9777790963483,528.7583754205319,528.8753051757812,45528700
2024-06-25,530.0935413523518,531.2726528141698,528.5831486374534,530.912109375,37936200
2024-06-26,529.8010709636176,532.2859175813455,529.1579572826417,531.5745849609375,38550600
2024-06-27,531.4381433443106,532.9875518697215,530.6975485510812,532.41259765625,35041500
2024-06-28,533.1824029810238,536.2227551968151,529.0799883321372,530.3175048828125,76144500
2024-07-01,531.6915058832783,531.9351194589271,528.6609672764391,531.408935546875,40297800
2024-07-02,529.8109393569589,534.9852905273438,529.7622285257017,534.9852905273438,40434800
2024-07-03,534.6733620352073,537.7331629819162,534.6344052723863,537.3726196289062,32789900
2024-07-05,537.6745738489498,540.8707524649171,537.041154874647,540.4712524414062,41488400
2024-07-08,541.250918262468,542.0402238948535,540.0328503436032,541.0950317382812,36110500
2024-07-09,542.0500391903859,542.9465206266746,541.3289524171115,541.6212768554688,27289700
2024-07-10,542.8391608326876,547.3216259700862,542.5468364934588,546.9805908203125,38701200
2024-07-11,547.0975967198616,547.9648752769439,541.6309226493873,542.2642822265625,53054200
2024-07-12,543.3848727911708,549.2705544498172,542.917153831161,545.6845703125,53084400
2024-07-15,547.6725298408394,550.4107438001307,545.3338159394242,547.185302734375,40584300
2024-07-16,548.4910822924977,550.722561208659,547.7407334557406,550.4302368164062,36475300
2024-07-17,544.5250561904461,546.1913944708481,542.3909988738491,542.7125854492188,57119000
2024-07-18,544.2424632762184,545.2266716040288,536.3688561297039,538.5418701171875,56270400
2024-07-19,538.3081924469752,539.9258203864284,533.9133926932403,534.9658203125,65509100
2024-07-22,538.8732666357521,541.0852970880696,536.9438660153718,540.4811401367188,43346700
2024-07-23,540.3737749293225,542.5175859227753,539.1460126783072,539.6332397460938,34439600
2024-07-24,534.8389605250121,535.1410389720269,526.4878802289309,527.4038696289062,74515300
2024-07-25,527.5208430163394,533.474804346627,523.7205067049787,524.6559448242188,61158300
2024-07-26,528.4271261891337,533.2116708123141,527.6572691986129,530.5319213867188,53763800
2024-07-29,532.0715719711993,533.0752290029756,528.8558251034021,530.84375,39515800
2024-07-30,532.305359200303,533.3577863863941,524.7630932312389,528.1541748046875,46853600
2024-07-31,534.9559895004857,539.3605426844409,533.5917889444148,536.7392578125,65663400
2024-08-01,538.4542703754322,540.6955035812163,525.6499253938641,529.1384887695312,76428700
2024-08-02,522.063852889589,523.2721666167066,515.0964813658185,519.2866821289062,82789100
2024-08-05,498.5698494257554,510.2048370125756,497.23482195550594,504.1632080078125,146267400
2024-08-06,505.9561368728723,516.2171692769037,504.6406473484446,508.81134033203125,84826300
2024-08-07,514.9698561147811,518.0102083711349,504.8160585530724,505.41046142578125,70698300
2024-08-08,510.52630556896884,517.7177827712244,508.5092375881122,517.0941772460938,63276600
2024-08-09,516.2756927717697,520.8556404311238,515.0576247493872,519.3744506835938,45619600
2024-08-12,520.5632672781688,522.044397411093,517.3865366569688,519.6472778320312,42542100
2024-08-13,522.8239227343687,528.4270341942479,522.5803091926349,528.193115234375,52333100
2024-08-14,528.9824644571885,531.0386081211183,526.3222233938623,529.8594970703125,42446900
2024-08-15,535.4625975238755,539.22397656437,534.8584406614526,538.94140625,60846800
2024-08-16,537.3336536868505,540.8417253762545,537.1777671450008,540.1498413085938,44430700
2024-08-19,540.5590500378348,545.3143920898438,539.7112794996588,545.3143920898438,39121800
2024-08-20,544.8661897055061,546.5130199847447,543.0926755989435,544.4276733398438,33732300
2024-08-21,545.4702606482219,547.7504502285475,540.5589732888145,546.2985229492188,41514600
2024-08-22,548.1890532625708,548.7932102196837,540.8026724138992,542.010986328125,56121500
2024-08-23,545.236522806086,548.705578242637,543.053694894881,547.7700805664062,50639400
2024-08-26,548.7931322733509,549.504464836925,544.7686315002069,546.4641723632812,35788600
2024-08-27,545.1975327145173,547.7018878891921,544.0574376152856,547.2146606445312,32693900
2024-08-28,546.8734758569603,547.3022380940843,540.8610504788411,544.0377807617188,41066000
2024-08-29,545.9965609867917,549.2804676679931,542.9465138533585,544.0866088867188,38715200
2024-08-30,546.4447596496766,549.7871307787254,542.9074857644326,549.2803955078125,62700100
2024-09-03,546.1524958910724,546.4838365970718,535.4725124240279,537.9768676757812,60600100
2024-09-04,536.144708671945,540.2666308743978,535.4236220855641,536.8755493164062,47224900
2024-09-05,536.8170931187602,539.652728695669,533.1238736044508,535.5697631835938,44264300
2024-09-06,535.8913798019039,537.5089477091443,525.659610039857,526.5560913085938,68493800
2024-09-09,530.7366093479087,533.7184374137535,528.8169032647078,532.4515991210938,40445800
2024-09-10,534.3517437427556,535.1216007015946,529.4989803786028,534.770751953125,36394600
2024-09-11,534.6830473314077,541.1728863269274,526.1663268863584,540.2568969726562,75248600
2024-09-12,540.8318274541291,545.1096956062142,538.6197974189213,544.8076171875,51819600
2024-09-13,545.4117823691347,548.646977454259,545.1584147606665,547.6530151367188,39310500
2024-09-16,547.3899785889079,548.7249762940762,545.5970158864217,548.4619140625,36656100
2024-09-17,550.6640241107275,552.1062567166426,546.4641290442629,548.6859130859375,49321000
2024-09-18,549.3389057758787,554.1624668793891,546.5032696834501,547.0587158203125,59044900
2024-09-19,556.4231220387844,558.2453466994866,553.5679782684008,556.3938598632812,75315500
2024-09-20,555.0314034219361,556.4682163688195,552.4215869805491,555.43212890625,77503100
2024-09-23,556.4976160471946,557.4652754060183,555.2855361955778,556.8201293945312,44116900
2024-09-24,557.6116975399481,558.4718522050518,554.7966567556792,558.4132080078125,46805700
2024-09-25,558.2569861308538,558.9900686130115,556.0772469828556,557.1817626953125,38428600
2024-09-26,561.4238456875147,561.7464186568862,557.0449191197562,559.3907470703125,48336000
2024-09-27,560.4562017753216,561.2674367221593,557.5531642883332,558.5794677734375,42100900
2024-09-30,557.5531235786384,561.4238200592039,555.2659399397932,560.8178100585938,63557400
2024-10-01,560.465907913519,561.1109941219235,553.232804974523,555.793701171875,72668800
2024-10-02,554.904357347643,557.0449605610858,552.5193933091881,556.0283813476562,38097800
2024-10-03,554.5620734708386,556.9470368946191,552.7342597435006,555.01171875,40846500
2024-10-04,559.4396258955153,560.4268531332793,555.2854920412735,560.055419921875,42939100
2024-10-07,558.4131769833147,559.0583227754943,553.8485348530173,554.9921264648438,49964700
2024-10-08,557.553120131347,560.8373745453375,556.683241044493,560.2410888671875,37398700
2024-10-09,560.231378146855,564.6787929089692,559.6351520491386,564.1216430664062,37912200
2024-10-10,562.7824731556751,564.5516429072721,561.5313172618801,563.1343383789062,44138100
2024-10-11,563.0560063990889,567.2394909129982,562.9191500663796,566.5064086914062,42268000
2024-10-14,568.1095385598273,572.0682314590191,567.6306009114653,571.1396484375,36217200
2024-10-15,571.4035256005812,571.7065305951428,565.4899467305453,566.7020263671875,54203600
2024-10-16,566.7019840754366,569.6831735720418,565.9004735816125,569.1651000976562,30725400
2024-10-17,572.6937458614649,572.8990304200946,569.0283336899422,569.2140502929688,34393700
2024-10-18,570.8952139016382,572.1854459872815,569.4388331888846,571.4035034179688,37416800
2024-10-21,570.6800967240326,571.6575397669159,567.5034068346621,570.465087890625,36439000
2024-10-22,567.9433552717076,571.3155462187071,567.288485036852,570.1621704101562,34183800
2024-10-23,568.1486509721636,568.5885123492586,561.4629131521561,564.952392578125,49314600
2024-10-24,566.897492764615,566.9757049256177,563.5644376745634,566.1741943359375,34979900
2024-10-25,568.3930757936422,571.2765455255891,565.0404523577657,565.978759765625,47268200
2024-10-28,569.4388580651755,569.5659304498093,567.4253275234959,567.7283325195312,30174700
2024-10-29,566.7703001757486,569.7612733719943,565.382347818899,568.6470336914062,42899700
2024-10-30,568.1779762445088,570.1622147162088,566.2230897069062,566.9268798828125,41435800
2024-10-31,562.5771834276276,562.6456116079135,555.6177928931281,555.8132934570312,60182500
2024-11-01,558.4328924373011,562.5674583510357,557.7486702212007,558.1591796875,45667500
2024-11-04,558.2960015952809,559.5862337823984,555.0802349340614,556.9569091796875,38217000
2024-11-05,557.8658847297456,563.7305435334926,557.6508758763042,563.6914672851562,39478300
2024-11-06,575.9094240417821,578.5778243249285,572.1853686206846,577.7078857421875,68182000
2024-11-07,579.7020264980958,583.1915058614667,579.6238143381844,582.1749267578125,47233200
2024-11-08,582.722322897382,586.1140819812399,582.722322897382,584.69677734375,46444900
2024-11-11,586.2802708315078,586.6321361059588,583.5336575099662,585.2539672851562,37586800
2024-11-12,585.1757310882224,585.7719571662951,580.9629529710414,583.4359130859375,43006100
2024-11-13,583.8952319310844,585.7132619411553,581.5396200997641,583.7192993164062,47388600
2024-11-14,583.846361756873,584.3252993650702,579.2817188550297,579.9658813476562,38904100
2024-11-15,576.4178358264271,576.8870491794336,570.6900323906797,572.5374145507812,75988800
2024-11-18,572.9967218779136,576.1929802203847,572.1366267509276,574.8832397460938,37001700
2024-11-19,571.5208063697094,577.7079785622685,570.8561521859538,576.9846801757812,49412000
2024-11-20,577.0630094223009,577.4637349458769,571.4427101629503,577.1802978515625,50032600
2024-11-21,580.0149394425506,581.6961134603662,574.1991392606221,580.27880859375,46750300
2024-11-22,580.2689646034843,582.7028485393122,579.7705186323628,582.0772705078125,38226400
2024-11-25,585.9967993093868,587.3065398623395,581.7742372889147,584.0516967773438,42441400
2024-11-26,585.2929516850081,587.7659115133398,584.5794372696156,587.1012573242188,45621300
2024-11-27,586.9155026434518,587.2966601103464,583.8072407585437,585.322265625,34000200
2024-11-29,586.1335489255529,589.7403166328984,585.8598958585202,588.9583740234375,30177400
2024-12-02,589.3689531396692,590.6885373789082,588.8802314936704,590.0140991210938,31746000
2024-12-03,589.7794898104154,590.5320805361104,588.7531863419945,590.2877197265625,26906600
2024-12-04,591.9688854405287,594.1974247464545,591.3042312735546,593.9530639648438,42787600
2024-12-05,593.9531512779432,594.7546619184587,592.6238427485821,592.9757080078125,28762200
2024-12-06,593.738143242676,595.3313805479372,593.3276337729875,594.0997924804688,31241500
2024-12-09,593.982457801793,594.1486064406603,590.4539021843977,591.0403442382812,34742700
2024-12-10,591.7147337183083,592.135027098725,588.5478275712469,589.2026977539062,37234500
2024-12-11,592.1155929499696,594.7057817338718,591.841880207483,593.7576904296875,28677700
2024-12-12,592.897428037337,593.4643020580946,590.6981811523438,590.6981811523438,31543800
2024-12-13,592.7215354493896,593.4350498406591,589.2124883774769,590.5809326171875,35904700
2024-12-16,592.3306854487994,594.0705632929197,591.5585266593175,593.1028442382812,43695200
2024-12-17,590.5613981975558,591.5192734247074,589.2907339933267,590.6591186523438,55773500
2024-12-18,590.3561794711514,592.7313595079198,572.6742637557415,573.0554809570312,108248700
2024-12-19,578.0208781053541,579.6238994978684,572.6351557670356,572.8795166015625,85919500
2024-12-20,570.561095027684,584.2717241370053,569.7176190978377,579.7603759765625,125716700
2024-12-23,579.5053432293004,583.8303494697157,576.337534899556,583.2321166992188,57635800
2024-12-24,584.5756905048978,589.7539893082886,583.997031715741,589.7147216796875,33160100
2024-12-26,587.9493923534018,590.8719573339298,586.5567683514358,589.7539672851562,41219100
2024-12-27,586.0271828680434,586.2626090728168,579.3778441686201,583.5459594726562,64969300
2024-12-30,576.5631199685903,580.338917958557,573.150128529516,576.88671875,56578800
2024-12-31,578.5442507029012,579.2602265875062,573.1600354308964,574.7880859375,57052700
2025-01-02,578.0342139844852,579.740679758371,569.3154835989945,573.375732421875,50204000
2025-01-03,576.2100381173573,581.1823013188991,575.1311959956543,580.5448608398438,37888500
2025-01-06,584.7816606701658,588.145567536734,582.1630605707853,583.88916015625,47679400
2025-01-07,585.9094391002772,586.2330977215739,575.4744864171694,577.288818359375,60393100
2025-01-08,577.357566647636,579.2013495963691,573.9250009242365,578.13232421875,47304700
2025-01-10,574.5917674597674,574.6604259424307,567.4029789022777,569.3056030273438,73105000
2025-01-13,564.6767004472727,570.5414650673235,564.2647494580999,570.1884155273438,47910100
2025-01-14,573.1010128011978,573.7286961683375,567.2067990118115,570.9728393554688,48420600
2025-01-15,578.956079102548,582.4965105633459,577.847846118657,581.35888671875,56900200
2025-01-16,582.7220679112103,582.8985926554029,579.5445027973688,580.2408447265625,43319700
2025-01-17,585.4583566167607,587.8120797540519,584.1343312340456,586.06640625,58070600
2025-01-21,589.0968809186732,591.4408471810177,587.1354148968001,591.4310302734375,42532900
2025-01-22,594.2456150117687,596.1090313180756,593.69640702557,594.755615234375,48196000
2025-01-23,594.1280457618639,598.001953125,593.8534716457165,598.001953125,41152100
2025-01-24,598.0607394613536,599.0120815203885,595.1087237951253,596.2561645507812,34604700
2025-01-27,583.3497595871564,588.1357411390088,583.1830517473746,587.8218994140625,70361100
2025-01-28,589.0477377122166,593.7062185767892,585.7426729191386,592.8726196289062,44433300
2025-01-29,592.0881396439286,592.490273723341,587.6748408337293,590.2149658203125,37177400
2025-01-30,592.3234809305729,594.9125703683252,589.1458559611356,593.3826293945312,39281300
2025-01-31,595.7952259985301,598.2078504382997,589.4694869358445,590.2246704101562,66566900
2025-02-03,581.2509121761593,588.7240915852041,579.1129217803689,586.252685546875,65857200
2025-02-04,586.3115788306599,590.695426254437,585.7721876960313,590.1854858398438,33457800
2025-02-05,589.0674493379312,592.7255640609287,587.0471418694162,592.5784301757812,30653100
2025-02-06,594.3143418590737,594.7655005585997,591.0190935628144,594.6380004882812,35771500
2025-02-07,595.1970270806008,596.4131263461926,588.4887874469584,589.1949462890625,50788500
2025-02-10,592.3921407355843,593.8337894109928,591.1269569453736,593.1962890625,26048700
2025-02-11,590.9406891686515,594.1869131800177,590.8230059910161,593.6475219726562,30056700
2025-02-12,587.6551628450902,592.9020598913557,586.9784547529548,591.7349853515625,45076100
2025-02-13,592.8335121773658,598.1883363356536,591.5782049635822,597.9823608398438,40921300
2025-02-14,598.1881861265014,599.2179436285784,597.3349533511362,597.9528198242188,26910400
2025-02-18,599.1100803238464,599.7083129882812,596.658248231066,599.7083129882812,26749000
2025-02-19,598.3255406648384,601.4148133650798,597.8155404050764,601.12060546875,31011100
2025-02-20,599.7574359511714,599.8947529370754,595.3245635051746,598.6198120117188,36554000
2025-02-21,598.4039822903428,598.5412992676794,587.9199448031515,588.3809204101562,76519800
2025-02-24,590.4209369132893,591.4114868830001,584.9974543500997,585.70361328125,50737200
2025-02-25,585.6446767168586,586.3704094872951,578.200887648266,582.7907104492188,58266500
2025-02-26,584.4481329600031,588.0278318848362,580.4565429896904,583.0848999023438,43321600
2025-02-27,585.350344974499,586.4978454436941,573.3854527582961,573.7777099609375,74196700
2025-02-28,574.2779596736045,583.2614467800305,571.2180777869312,582.7318725585938,88744100
2025-03-03,584.6933298193593,585.8310134980443,568.727029424783,572.5224609375,74249200
2025-03-04,568.5407303426414,574.1112864169365,561.2244408531591,565.74560546875,109648200
2025-03-05,565.5789075488999,573.611113090913,562.0384758390375,571.826171875,71230500
2025-03-06,564.3921877543482,568.9918277562862,559.1354734261878,561.6755981445312,80094900
2025-03-07,559.9004915315724,566.2654391000913,554.7320094861279,564.82373046875,81158800
2025-03-10,556.6541826711317,558.56656383442,544.885388513382,549.7792358398438,99326600
2025-03-11,548.6220367842027,553.1530182295099,541.3842228164132,545.2090454101562,88102100
2025-03-12,551.3386407379146,552.2605321303586,543.022044250635,548.1022338867188,69588200
2025-03-13,547.7295658893665,548.337615563181,539.0893105175023,540.7957763671875,74079400
2025-03-14,545.3953255555126,552.966614210826,540.8643446212099,551.9662475585938,62660300
2025-03-17,551.9466761244148,558.7333912461695,551.5151512314662,556.2227172851562,49008700
2025-03-18,553.9179548314441,554.1337472059147,548.2885573100283,550.2108154296875,66041400
2025-03-19,551.9859243939003,559.9494708906026,550.8090329217521,556.2030639648438,66556000
2025-03-20,552.4763086964069,559.5768056668136,551.7603329396793,554.5946655273438,62958200
2025-03-21,550.1543252489805,555.6727731535583,548.9247213465745,554.777587890625,83763000
2025-03-24,561.4863807824129,565.7654388953832,560.8961948547495,564.712890625,58766800
2025-03-25,565.9129505962637,567.0048245728844,564.3292350043083,566.0703735351562,38355700
2025-03-26,565.8047238585734,566.926137079624,557.9352585138073,559.3124389648438,51848300
2025-03-27,557.925492752828,561.5848258877031,555.7220517439531,557.8271484375,42164200
2025-03-28,556.3023301483869,557.0302460332103,546.0129833491962,546.5933227539062,71662700
2025-03-31,540.8585640195936,551.5610423029548,537.9468400615768,550.2625732421875,95328200
2025-04-01,548.354126889779,553.7545372147966,544.6456225877856,551.816650390625,54609600
2025-04-02,545.993387136237,558.1615443859063,545.7573127576624,555.3088989257812,76014500
2025-04-03,536.2155597389653,539.02887941269,527.9428100585938,527.9428100585938,125986000
2025-04-04,515.1253171649706,517.2894320138223,496.81898890573984,497.035400390625,217965100
2025-04-07,481.20799599577117,514.6335325434056,473.93856260259804,496.150146484375,256611400
2025-04-08,513.344881818952,516.413968489066,481.1784603514281,488.3790283203125,165816600
2025-04-09,485.3885871028413,539.668212890625,485.00493628771113,539.668212890625,241867300
2025-04-10,523.4866909882965,524.7950065034121,501.0095530572283,516.0205688476562,162331200
2025-04-11,514.4762531561482,527.6772672784797,511.5842216231333,525.2279052734375,97866300
2025-04-14,535.1728543881914,535.3991423599505,525.1491197771261,530.3233032226562,68034000
2025-04-15,530.8642755383438,534.3661851955569,528.0509561027874,528.837890625,56892900
2025-04-16,523.0046778330362,529.1133721339063,511.80051174858437,517.0828857421875,83484800
2025-04-17,519.0305887702018,522.5029590498531,515.3614098145464,517.8206176757812,79868100
2025-04-21,512.656330465215,513.1875578394483,500.1635713405903,505.4951477050781,69368100
2025-04-22,511.6529994400941,520.6635112296127,510.71848838241135,518.64697265625,75948100
2025-04-23,531.6119173418257,536.5303334599773,525.1688042348989,526.6836547851562,90590700
2025-04-24,527.9623626642604,538.4976302405015,526.7131259585628,537.7697143554688,64150400
2025-04-25,537.7303874976484,542.0585570888795,534.8186639244827,541.6552734375,61119600
2025-04-28,542.393043710064,544.5177728075638,536.1269871108482,541.86181640625,47613800
2025-04-29,539.9535089190233,546.3868353532918,539.5993973829874,545.2752685546875,47775100
2025-04-30,538.6354556420874,547.4394329210733,532.6841838633078,545.49169921875,93101500
2025-05-01,551.2265048528457,554.8661444027258,548.7574506167018,549.3574829101562,63186100
2025-05-02,555.5154232826195,559.1058911654948,553.2037916578166,557.5123291015625,60717300
2025-05-05,553.390643044351,557.4040871519024,552.5348434974896,554.3153076171875,38659200
2025-05-06,548.8263293740373,554.157875203981,547.872185543118,549.68212890625,48264700
2025-05-07,551.0101522781708,554.6202527049248,546.9671688153295,551.9938354492188,55588000
2025-05-08,556.0170826268422,561.0043636579312,552.5348657113146,555.8400268554688,65130800
2025-05-09,557.2368724786456,558.2402486138279,553.5775995797053,555.1318359375,37603400
2025-05-12,571.9822603015932,573.487324465949,567.6245507869492,573.4774780273438,78993600
2025-05-13,573.890562385163,579.4680890959,573.3299158219985,577.2646484375,67947200
2025-05-14,578.2187618347115,579.3696542531599,575.9857819804191,578.0023803710938,66283500
2025-05-15,576.0055507079343,581.3272505737436,575.553034807254,580.8256225585938,71268100
2025-05-16,581.6027001482121,584.7996705930015,579.664873035907,584.5045776367188,76052100
2025-05-19,578.5041197159628,585.8227258062999,578.5041197159628,585.1439819335938,68168500
2025-05-20,583.4127701733858,584.3570677411167,579.9796649330231,583.1766357421875,60614500
2025-05-21,578.8384555269332,582.9109177576073,572.3264785482603,573.3494873046875,95197700
2025-05-22,573.1528300863163,577.0482371941405,571.9232260794693,573.5758666992188,70860400
2025-05-23,566.5817726606184,572.3166619439528,566.207968279521,569.6607055664062,76029000
2025-05-27,576.5072061511252,581.6616963869777,568.9918522772189,581.5043334960938,72588500
2025-05-28,581.9075989404909,583.0978771602481,577.412159762467,578.1400756835938,68445500
2025-05-29,583.3830758060808,583.5208058445248,576.507140791797,580.4221801757812,69973300
2025-05-30,579.3204944032111,581.4846092815853,573.7233350319688,579.7730102539062,90601200
2025-06-02,578.1695145934785,583.1174087339087,575.5135585549617,583.0387573242188,61630500
2025-06-03,582.6748967264019,587.3375451970118,582.1928415555221,586.3637084960938,63606200
2025-06-04,587.2196435839252,588.1934805096547,585.7735978159724,586.2064208984375,57314200
2025-06-05,587.8785767379185,589.2262178754949,581.405924678812,583.373291015625,92278700
2025-06-06,588.8918048716712,591.0264408134955,587.1211869788787,589.364013671875,66588700
2025-06-09,589.9344673159251,591.4395314497265,588.7245561772476,589.8951416015625,53016400
2025-06-10,590.4262447121249,593.623214804717,589.3147380391201,593.2396240234375,66247000
2025-06-11,594.3315085062023,595.1873080200999,589.4918043518763,591.5476684570312,73658200
2025-06-12,590.2197163908625,593.898681640625,589.7377212700143,593.898681640625,64129000
2025-06-13,588.7343136581344,592.0296279060182,585.7635715930306,587.2587890625,89506000
2025-06-16,590.6034857060379,594.587391119647,590.4263698749754,592.8462524414062,79984100
2025-06-17,590.4164759991057,591.9313264126861,587.0227571759267,587.7802124023438,82209400
2025-06-18,588.6753335186196,591.4099413940326,586.7374465360585,587.691650390625,76605000
2025-06-20,590.3564623402502,591.421997724495,584.9104595060545,586.3114624023438,94051400
2025-06-23,587.0612559769497,592.4875080391681,583.9535295622766,592.102783203125,87426000
2025-06-24,596.2266992885851,599.699459496435,595.3189919942236,598.6438598632812,67735300
2025-06-25,599.7586945360007,600.4493204937829,597.4204779573378,598.9793090820312,62114800
2025-06-26,600.8241399898848,604.0996298621668,600.2124582889446,603.66552734375,78548400
2025-06-27,604.6620460106875,608.1249909093486,602.6395460052738,606.664794921875,86258400
2025-06-30,609.1016996773074,610.9169938229498,606.7930496988761,609.5653686523438,92502500
2025-07-01,608.0953617899536,610.5322734636828,607.2666588703396,609.3681030273438,70030100
2025-07-02,608.9636353224103,612.1700572103479,608.3420779544849,612.130615234375,66510400
2025-07-03,614.1037538406599,617.8824153010514,614.0840027457131,616.9550170898438,51065800
2025-07-07,615.0014790783108,615.6625385416997,609.5851029977032,612.357421875,74814500
2025-07-08,613.0185013919862,613.7683204406269,611.2130826065427,612.0220947265625,59024600
2025-07-09,614.4193967168262,616.3432013077288,612.5842913923066,615.6920776367188,66113300
2025-07-10,615.8302548644143,618.4644365752275,614.6562088976586,617.4285278320312,57529000
2025-07-11,614.38979053738,616.48135905139,613.1960537313187,615.2579956054688,63670200
2025-07-14,614.8042291186631,616.7774117864018,613.4624793566222,616.43212890625,51898500
2025-07-15,619.1057169315715,619.4411242116038,613.7189074073614,613.7978515625,74317300
2025-07-16,615.3764310442137,616.3531467698953,609.7627242916457,615.8499755859375,88987500
2025-07-17,616.0276278697462,619.9739930445255,615.8105464724214,619.6187744140625,68885700
2025-07-18,620.8618249379944,621.0295285799061,618.0599396747441,619.1649169921875,65621600
2025-07-21,620.3389892578125,623.0718060276608,619.9147622533486,620.3389892578125,63375000
2025-07-22,620.6645066309135,621.2860639110608,617.7935527028395,620.427734375,60046300
2025-07-23,623.0817490356008,625.7061157226562,621.2861455699198,625.7061157226562,70511000
2025-07-24,626.0907872079496,627.6200518287297,625.488980993582,625.9132080078125,71307100
2025-07-25,626.5742531786653,629.0308557161836,626.3276053702117,628.5572509765625,56865400
2025-07-28,628.9321516432593,629.4846403177779,627.0181622678288,628.3994140625,54917100
2025-07-29,629.7904764849706,630.1061928990167,625.8342963044605,626.741943359375,60556300
2025-07-30,627.393143596463,629.129553977157,623.0718687407492,625.9527587890625,80418900
2025-07-31,630.8856625012866,631.2703873241156,622.3121821287813,623.6046142578125,103385200
2025-08-01,617.9020886786027,617.9415908673775,610.9860743719428,613.3834838867188,140103600
2025-08-04,617.2805351933534,622.7561046288977,617.191775701563,622.706787109375,73218000
2025-08-05,623.3184070376644,624.1274190145356,618.6320990296246,619.5496215820312,68051400
2025-08-06,620.6151401423151,624.9462896680084,619.7074931606843,624.295166015625,64357500
2025-08-07,627.7087670325432,628.4388348760696,620.6743670535704,623.7722778320312,74205800
2025-08-08,625.5580704635792,629.099959687417,625.2423540250035,628.63623046875,64051600
2025-08-11,628.912516593768,630.3825280073482,626.1500127592028,627.3931274414062,58742300
2025-08-12,629.7312404986845,634.2300937128912,628.251353780633,634.072265625,64730800
2025-08-13,636.2625497647373,637.5254154950222,634.0624705008762,636.2428588867188,60092800
2025-08-14,634.1709312549185,636.9630011917295,633.7270133914775,636.302001953125,59327500
2025-08-15,637.3280514224831,637.4267466743545,633.9046087993034,634.812255859375,68592500
2025-08-18,634.2399697526556,635.3646981112688,633.5690949992928,634.674072265625,43804900
2025-08-19,634.4965717210093,635.4732874420525,629.9187737835771,631.23095703125,69750700
2025-08-20,630.8264521540534,631.0829152899969,624.4629267215348,629.5537109375,88890300
2025-08-21,627.7482676486437,629.4155489420286,625.3113561107211,627.0280151367188,54805800
2025-08-22,629.2084140029245,637.8312114652382,628.70524285572,636.6571655273438,84083200
2025-08-25,635.404241216521,636.6374803454853,633.736899505491,633.8552856445312,51274300
2025-08-26,633.5889446007113,636.8545593934813,632.9673872646679,636.5092163085938,51581600
2025-08-27,635.9270971923372,638.6895405097797,635.7790844255956,637.95947265625,48341100
2025-08-28,638.5612839961418,640.7712386679527,636.6867968305069,640.21875,61519500
2025-08-29,638.7881685836082,639.1532627231435,634.5162720889837,636.400634765625,74522200
2025-09-02,628.9519373540064,631.9018356294255,626.4065150056712,631.684814453125,81983500
2025-09-03,634.05255551225,635.5719445130327,631.8722274787872,635.1082153320312,70820900
2025-09-04,635.7791465574808,640.4457643382553,634.8813749728572,640.4161376953125,65219200
2025-09-05,642.7444163544111,643.4646688785257,634.7037341963564,638.561279296875,85178900
2025-09-08,639.9228600617976,641.1265327903665,638.5514836687598,640.1300659179688,63133100
2025-09-09,640.2680535026645,642.1327252974712,638.5415189260096,641.60986328125,66133900
2025-09-10,644.8557277247635,645.7732503039375,641.9058297062181,643.4646606445312,78034500
2025-09-11,645.4082598463015,649.502637640468,644.8262047273438,648.81201171875,69934400
2025-09-12,648.7824254618777,650.272187984056,648.0918597139254,648.594970703125,72780100
2025-09-15,650.7951046545995,652.1762963553084,650.4991393056443,652.0480346679688,63772400
2025-09-16,652.6004677140577,652.9063688014267,650.3708221309846,651.1502075195312,61169000
2025-09-17,651.1601963123729,652.8472290592617,645.5267377683379,650.34130859375,101952200
2025-09-18,653.0148488941834,655.9746224265324,651.4165760040546,653.3798828125,90459200
2025-09-19,655.2605944120114,657.4568701129051,653.321492861841,656.615966796875,97945600
2025-09-22,655.1320445581616,660.1676828141602,655.1023357778903,659.7225341796875,69452200
2025-09-23,659.6037107504653,660.2171487108257,654.9143129749383,656.1312255859375,81708900
2025-09-24,657.4172768788721,657.5161853625601,652.6289106713185,654.0436401367188,68082200
2025-09-25,650.91749472694,652.3717757310584,647.4251431178142,651.0263061523438,89622100
2025-09-26,652.4707616041429,655.3002210405111,650.8581544995363,654.756103515625,69179200
2025-09-29,657.2689261670223,658.1791500054463,654.7956099654933,656.59619140625,73499000
2025-09-30,655.8542079251938,659.5345338964465,654.5482897020846,659.0695190429688,86288000
2025-10-01,656.0916952927918,662.2255322042525,655.9828838603935,661.3153686523438,72545400
2025-10-02,663.2938778298502,663.4125921637317,659.6630669539827,662.0769653320312,56896000
2025-10-03,662.8389040732001,665.5001949823258,661.0284195287326,662.0672607421875,70494400
2025-10-06,664.451431246289,665.3319462864663,662.314512664693,664.4415283203125,54623300
2025-10-07,665.3616291701808,665.8068381763353,660.5436138980969,661.9781494140625,72020100
2025-10-08,663.0960778489103,666.0245059882836,662.2749199573431,665.925537109375,60702200
2025-10-09,666.3410972158545,666.7466945063586,662.0671995495462,663.996337890625,66501900
2025-10-10,664.9560020556908,666.7565834688588,645.8719162752307,646.0499877929688,159422600
2025-10-13,653.5985074660624,658.0306703959724,652.72789540716,655.9629516601562,79560500
2025-10-14,650.1556317834018,658.7232324647772,646.1983260713891,655.16162109375,88779600
2025-10-15,659.7026642450096,663.0762408380068,651.8968641380318,658.0702514648438,81702600
2025-10-16,659.7027763115389,661.5726180936518,650.0963932050812,653.5887451171875,110563300
2025-10-17,652.46076337718,658.6539563270334,651.1152939599514,657.298583984375,96500900
2025-10-20,660.197387427611,665.0352086527322,660.1479331778372,664.1348876953125,60493400
2025-10-21,664.2733620876278,665.8068060270512,662.8289237149189,664.1249389648438,56249000
2025-10-22,664.8274246920023,664.8274246920023,656.2202718491607,660.6722412109375,80564000
2025-10-23,660.9887422368442,665.5297769315139,660.672150546298,664.5899047851562,65604500
2025-10-24,669.2398161192735,671.2283116328227,668.4384640813665,670.0213623046875,74356500
2025-10-27,675.442806418656,678.2228112394536,674.8393317954225,677.926025390625,63339800
2025-10-28,679.7166595750679,681.5567921017911,677.5203840529186,679.7265625,61738100
2025-10-29,681.368983551386,682.338564675443,675.5814471238866,680.05322265625,85657100
2025-10-30,676.600418646911,678.6186229721906,672.5738525390625,672.5738525390625,76335800
2025-10-31,677.7281416384325,677.7677533403644,671.9900605416568,674.7799682617188,87164100
2025-11-03,678.3514739521635,678.4800912258883,672.6826525168186,676.04638671875,57315000
2025-11-04,668.8935461650569,672.7024895383894,667.3799079726423,668.0328369140625,78427000
2025-11-05,667.7755543304748,673.5927987432043,666.9742023136038,670.3478393554688,74402400
2025-11-06,669.2496813312496,670.150002278421,661.5824008089137,663.1554565429688,85035300
2025-11-07,660.7809522833221,663.9171603670279,654.1525138805237,663.8082885742188,100592400
2025-11-10,670.011442763763,674.8987178962867,667.8250699305912,674.1666259765625,75842900
2025-11-11,672.6925881240425,676.2739453424548,671.4855783543771,675.7100219726562,58953400
2025-11-12,677.4809224347684,677.6491514285055,673.6819422079296,676.0859985351562,62312500
2025-11-13,673.2367288900627,673.5928719621189,663.3632690735044,664.8670043945312,103457800
2025-11-14,658.2780414721369,668.4482860302248,656.1905771441307,664.7581176757812,96846700
2025-11-17,662.5519561070769,666.5191649555097,655.1022987242936,658.56494140625,90456100
2025-11-18,655.0330664835586,658.0208519047019,648.8596786437042,653.03466796875,114467500
2025-11-19,653.7272650457925,660.2172451791961,651.7189030472904,655.5574951171875,94703000
2025-11-20,665.7276649913678,668.3494043558474,644.9320631333248,645.5652465820312,165293500
2025-11-21,648.0582892153691,657.4568906385811,643.9031059831046,651.995849609375,123956200
2025-11-24,655.6167748873626,662.9081062970187,654.5285399004904,661.59228515625,80437900
2025-11-25,661.4933747936815,668.9924864834618,657.3876457131933,667.815185546875,81077100
2025-11-26,670.3973686817876,674.4239350690651,669.4970476879164,672.4254760742188,71879600
2025-11-28,673.5928002628821,676.3728052050843,673.2366572287348,676.0958251953125,49212000
2025-12-01,671.5647168500374,675.7000943604489,671.4954567492206,673.0091552734375,61201200
2025-12-02,674.6415287588202,676.5212733146432,672.0792068673397,674.2557373046875,62953800
2025-12-03,673.3059439079583,677.5995871066391,672.4353317565424,676.5905151367188,57238500
2025-12-04,677.9854656605314,678.0547257643626,674.0677712084201,677.085205078125,61970300
2025-12-05,678.1535936302283,681.0424704296607,677.2731389541586,678.3712768554688,79241000
2025-12-08,679.2618026085656,679.3112568636993,674.2953635655399,676.3333740234375,55231500
2025-12-09,675.8584445640498,678.0745263345831,675.3044241214166,675.7495727539062,58310100
2025-12-10,675.2747265375898,681.616283144729,674.0380683519487,680.2312622070312,85671300
2025-12-11,677.82719343181,681.8933109790751,674.8888622374254,681.8141479492188,86173700
2025-12-12,680.8248329648462,681.5272765513724,671.9208940415416,674.4832763671875,113160300
2025-12-15,678.4207075198718,678.4405133715769,671.999988545765,673.4641723632812,90811000
2025-12-16,671.9802275249427,673.8105178026394,667.7755898483048,671.6240844726562,122030600
2025-12-17,672.6331360665856,673.1772535061897,664.0358872930294,664.2337646484375,110625200
2025-12-18,670.3675775068244,673.4740770479272,667.6964444022054,669.2496337890625,108650100
2025-12-19,671.3463691548195,675.8114935895343,671.2272434527378,675.3153686523438,103599500
2025-12-22,678.639344063116,680.0483218496023,675.3153313921905,679.5224609375,69556700
2025-12-23,678.6195066727895,682.8663651395233,678.5699062922599,682.6282348632812,64840000
2025-12-24,682.6183200290311,685.4760045408373,682.4694583215327,685.0294799804688,39445600
2025-12-26,685.287420330769,686.2994739503212,683.9280429419551,684.9599609375,41613300
2025-12-29,682.2114479341877,683.8586166189733,680.7528697076866,682.51904296875,62559500
2025-12-30,682.1221392108215,683.2235219572843,681.2588867271484,681.685546875,47160700
2025-12-31,681.8145855439083,682.0328514439952,676.4266760541103,676.635009765625,74144800
2026-01-02,680.3956585252009,681.5466416904673,674.5512924418268,677.8753051757812,89377200
2026-01-05,681.2192280630002,684.0868448237256,681.0604947255163,682.3900756835938,71927200
2026-01-06,682.5984906991714,686.9544824498945,682.4496895461597,686.4484252929688,69273800
2026-01-07,686.8254142672773,688.5817158514149,683.9776620917838,684.2356567382812,75588300
2026-01-08,683.4815439165204,685.2675815209567,682.1618346683338,684.1661987304688,64019200
2026-01-09,685.2775150455628,689.9212370510019,683.8387406584166,688.6908569335938,80125500
2026-01-12,685.3271398200249,690.6952455853734,685.2775394384523,689.7723999023438,63976000
2026-01-13,690.0998903120652,690.6952766040527,685.9919610896558,688.3932495117188,78309700
2026-01-14,685.6445758579941,686.3589666067269,680.7229953056234,685.009521484375,94676700
2026-01-15,689.1870202593807,690.0602050162862,685.8927433241695,686.8750610351562,77862000
2026-01-16,688.2839991969948,688.869453251486,684.7515921796883,686.2994995117188,79289200
2026-01-20,676.2083446056304,679.4629532027941,671.3264922720098,672.3286743164062,111623300
2026-01-21,674.3826370735425,683.402154325963,672.8743979165272,680.0880737304688,127844500
2026-01-22,684.5035112839386,685.7736201181282,681.5962265907631,683.6402587890625,77112200
2026-01-23,682.8167804315336,685.6050001770944,681.8344021762991,683.8883666992188,63059600
2026-01-26,685.138576123168,688.7503800429489,684.5729864520383,687.3612060546875,60473800
2026-01-27,688.8000086063018,691.1318321418594,688.1947507195304,690.099853515625,55506100
2026-01-28,691.6477064811113,692.4316225777728,688.5618241580821,690.0303344726562,61172200
2026-01-29,690.9928952881424,691.657685737667,679.5224893166136,688.6610717773438,97486200
2026-01-30,686.4285189892349,688.8298072906449,681.7947290319643,686.6071166992188,101835100
2026-02-02,684.2356737126761,691.5286859406688,684.0768798206813,690.0204467773438,79286500
2026-02-03,690.8142565672537,691.5584439188771,678.7286612443456,684.18603515625,107904600
2026-02-04,684.9996810996682,686.0911923060062,676.4762885369656,680.8719482421875,105204600
2026-02-05,675.6625626456348,678.3912495205631,670.5524520913757,672.3682861328125,113610800
2026-02-06,676.1786564838608,686.944543957853,675.5733380016845,685.2676391601562,89127600
2026-02-09,684.0769172088077,690.4769412520913,683.0053309088385,688.5718383789062,73885200
2026-02-10,689.5640655604284,691.1417089533321,686.2995246985826,686.7559814453125,65185700
2026-02-11,690.9928885783248,691.7370759669038,683.8387453470867,686.5972290039062,76353900
2026-02-12,688.859502308346,689.9608850687785,675.0970022106213,675.9900512695312,118829000
2026-02-13,676.4068370573647,680.961290747747,672.2691719299015,676.4663696289062,96267500
2026-02-17,674.8688419019007,679.6316291710169,670.5426469985775,677.5578002929688,81354700
2026-02-18,678.7188252184603,683.8090722697287,677.5380453641048,680.97119140625,73570300
2026-02-19,678.5401770095443,680.8620077880265,676.2678860499572,679.1751708984375,58649400
2026-02-20,677.0319102464942,684.7119142291095,676.4464562003476,684.0867919921875,100034000
2026-02-23,682.4992209190492,684.6523861034582,675.0970153480879,677.1013793945312,90558100
2026-02-24,676.6151751251432,683.0151380016027,674.7298762460771,682.0228881835938,73798700
2026-02-25,684.8310015582731,688.3038760705598,684.7516046120257,687.7780151367188,56369500
2026-02-26,687.9070203801248,687.9268241953206,679.046175727848,683.9578247070312,71671000
2026-02-27,677.795973699009,681.5367144347911,676.35719931042,680.6734619140625,83308900
2026-03-02,673.4400139353526,683.2831159083878,672.765291276125,681.0604858398438,87477200
2026-03-03,669.8281362739899,677.3196100252792,664.4699632194659,675.0573120117188,105003100
2026-03-04,676.3472549970834,681.7649608594664,674.3528231531807,679.8201293945312,79182200
2026-03-05,676.7937758642711,680.2170498641997,670.3738880206191,676.0297241210938,106606500
2026-03-06,668.1909311447467,670.8700177972564,664.5692556037578,667.1689453125,100687000
2026-03-09,661.2253729422058,674.650481531912,657.2563736570586,673.0133056640625,102667700
2026-03-10,672.4674947413112,678.0637980596332,669.5304741395607,671.9317016601562,81505300
2026-03-11,672.3286912573745,674.8093159596237,668.1215614523004,671.08837890625,68441700
2026-03-12,665.9583993556241,666.4446526664856,660.7094193200438,660.89794921875,108882200
2026-03-13,664.0831110227487,667.1293254881115,656.2343803863124,657.1571655273438,97200200
2026-03-16,663.1999840519829,666.8613885560293,661.9497395049242,663.844970703125,82023100
2026-03-17,667.1788836379297,669.2129836950214,664.5097291491037,665.5912475585938,87128000
2026-03-18,663.1801174312507,664.5295627375546,656.0657027257738,656.3038330078125,82062600
2026-03-19,651.8783782687178,657.8418097710767,650.0923405870744,654.6864624023438,111272500
2026-03-20,653.2009461223761,653.3800315656541,641.4703334037762,645.3009643554688,163617500
2026-03-23,654.7531040433624,659.2801583045331,650.6439158314106,652.07666015625,134802700
2026-03-24,648.0371459178807,653.7183875512989,646.604401549905,649.8877563476562,96457500
2026-03-25,655.3501116680137,657.5589538580906,650.9424473291369,653.5094604492188,90653800
2026-03-26,648.7734634761676,651.5493793651953,641.5699644768796,641.838623046875,96494400
2026-03-27,639.2616275919053,639.420794428861,629.9189411370072,630.89404296875,103649400
2026-03-30,636.8836547011163,637.1423539459004,626.108284608157,628.78466796875,99275900
2026-03-31,635.7195686416,648.2560368761451,634.7643854444117,647.0621337890625,152534100
2026-04-01,650.6041659517412,655.2008748639518,649.7086779392242,651.9373779296875,97841500
2026-04-02,643.1618697673937,654.8825248659317,641.858474913505,652.5244750976562,68358700
2026-04-06,652.554231190157,656.3947609217337,652.2159789115307,655.6087646484375,39105800
2026-04-07,653.3402849463747,656.285326673986,647.7784337275787,655.8972778320312,69980400
2026-04-08,672.980811715349,673.6673363432215,668.0756676404139,672.6027221679688,93606100
2026-04-09,671.4386399182858,677.7267318686964,670.3740257373166,676.4830322265625,57134400
2026-04-10,677.885949822129,678.5923930707559,675.0304203424645,676.0353393554688,42253500
2026-04-13,673.9955829678383,682.840788741459,673.1698101905051,682.6417846679688,54185800
2026-04-14,684.2238203737314,691.0791070995066,684.193942434314,690.959716796875,63480500
2026-04-15,691.7557051691649,696.7504224001667,690.7010502942645,696.412109375,58240400
2026-04-16,697.5264615426626,699.2378238459212,695.0092450197437,698.1234130859375,49972400
2026-04-17,702.5808909886877,708.7993894133457,702.2028014262665,706.5607299804688,70661900
2026-04-20,705.20752199003,706.3317705126415,702.5808139687996,705.1477661132812,43546800
2026-04-21,706.7000123508461,707.6949720613851,699.098505587723,700.53125,58941400
2026-04-22,705.5756906371417,707.8640857857167,704.6503246823615,707.6253051757812,42518500
2026-04-23,705.9239069650033,708.7694771316526,698.7403270820959,704.8792114257812,56174000
2026-04-24,707.1675680011435,710.8687887329964,705.4363479344694,710.3414916992188,45182000
2026-04-27,709.5754490929214,712.0230720129201,708.7098389427747,711.5653686523438,33135900
2026-04-28,708.2322548988411,709.2869098023077,705.6752010599358,708.1029052734375,43117400
2026-04-29,707.4163145996059,708.6102783309316,704.7995658491443,707.993408203125,41859200
2026-04-30,711.0280636665188,716.1620290590424,706.8691393587039,715.0377197265625,67240900
2026-05-01,717.6146516977453,721.216400793299,716.8385540170647,717.0177001953125,43049800
2026-05-04,716.4406056700121,718.4802608161392,711.3861936216806,714.3909912109375,51950600
2026-05-05,718.1320898558575,721.3855668152729,717.8534719876392,720.1220092773438,36933200
2026-05-06,724.489821452625,730.8874657022126,724.1515691652952,730.1312866210938,53288900
2026-05-07,731.3451201928577,732.4196936796947,726.0718458933673,727.8926391601562,51724600
2026-05-08,731.2257166531052,734.359863963193,730.8675457398152,733.9021606445312,47227100
2026-05-11,732.7380586745534,737.0561496205491,732.7380586745534,735.5736694335938,44024000
2026-05-12,733.1758744234386,735.1160580011854,728.1413807257971,734.4593505859375,54185300
2026-05-13,734.7478704606156,740.1604537310201,731.7629913201908,738.5685424804688,44200200
2026-05-14,739.9018102364839,745.7521781705404,739.8122371427646,744.3989868164062,45307600
2026-05-15,738.0511867146383,739.712813256131,734.2405345152865,735.4443969726562,60410800
2026-05-18,736.1010471042457,737.682999009625,729.6935042484962,734.927001953125,47843900
2026-05-19,731.0764945153984,733.9320239063612,727.8428755921286,730.03173828125,54255900
2026-05-20,732.0018002736176,738.1307251173267,730.1909663879147,737.5138549804688,45768000
2026-05-21,734.9170485709385,741.1156280791548,733.3151780259534,738.9764404296875,43332200
2026-05-22,742.4787264390759,745.1651298094138,740.7275876279662,741.8817749023438,41762000
2026-05-26,746.2297301040182,748.3390397979183,744.5979816306177,746.8068237304688,41123600
2026-05-27,747.0952952420212,747.5927750592914,744.4486686067338,746.6774291992188,42106300
2026-05-28,746.4685193943138,751.3438462445121,745.4536410614309,750.7965698242188,41562600
2026-05-29,752.0900813404212,754.2590862562773,750.8861582097875,752.6671142578125,55075700
2026-06-01,751.5527103892452,756.4479556154175,750.886104424133,754.7166748046875,43634900
2026-06-02,753.2144012702464,756.5674107365072,752.9357833937803,755.7415771484375,31581900
2026-06-03,754.3287420712209,754.9754294579049,749.7718095132926,750.4384155273438,51402500
2026-06-04,748.3091480570178,754.4878695071194,747.6823186029123,753.2740478515625,49923000
2026-06-05,748.5181345185488,749.0255736853693,731.82274221843,733.83251953125,93989400
2026-06-08,739.6132273185567,741.5832888174093,734.4693026781229,735.4940795898438,49319100
2026-06-09,739.881935268434,743.1354731343894,718.9480036644643,733.3350830078125,87683500
2026-06-10,729.69352181897,734.6583610930755,721.6741489247238,721.7736206054688,60341300
2026-06-11,725.0868662900759,736.2702039965386,720.7587550057447,734.04150390625,86330500
2026-06-12,736.9766163198905,740.6877965432628,731.3252525489901,738.0113525390625,57079500
2026-06-15,748.0604304424444,752.8661028247,747.9709180763429,751.0254516601562,60176400
2026-06-16,750.7468576807364,751.6323864215939,746.100412710964,746.5481567382812,67093100
2026-06-17,747.5032315039188,748.3589429763433,735.4940609532621,737.225341796875,85945200
2026-06-18,745.907751654771,746.3765582049119,742.0173878962117,744.8902587890625,80875700
2026-06-22,745.8479411927095,748.321778689857,741.2892538871644,742.546142578125,46628100
2026-06-23,731.9922892059834,737.7978798883457,730.4860198600484,731.7628784179688,66846800
2026-06-24,733.3489180103626,738.1171068570358,729.0296875445486,731.4237060546875,57439500
2026-06-25,737.0796452204372,737.5385276888334,727.7927091295785,732.4810791015625,53934400
2026-06-26,727.144386135875,734.7056273477464,714.8050317832251,727.1842651367188,71034000
2026-06-29,734.7055914816465,739.7231001504891,730.27658724538,739.1644897460938,58035200
2026-06-30,739.4537599262709,746.1671307285668,739.0547872797607,744.9202270507812,55626000
2026-07-01,743.1545925484338,747.5835968507926,740.541087308444,743.9127197265625,47100900
2026-07-02,745.5486859530862,749.4489739445169,738.1969465958291,742.9351806640625,57447800
2026-07-06,746.885320136641,750.5462122974698,745.5585975722108,749.4190673828125,50673300
2026-07-07,748.3616416292718,749.0998597580657,743.364102770238,745.85791015625,43721500
2026-07-08,741.3191472958572,744.3017921335774,737.6782249675691,743.5536499023438,43767400
2026-07-09,745.4987759890873,750.1073272936331,743.7431866839036,749.8480224609375,41441700
2026-07-10,750.187115173852,753.5487626123848,746.2468873823584,753.0799560546875,42191300
2026-07-13,750.6060836597362,752.0425191788765,746.1471851864706,747.3142700195312,44013600
2026-07-14,749.0499474324819,751.4739818301254,746.8055207475287,749.9677124023438,35143100
2026-07-15,752.3717122204262,753.7084197839658,748.3417413555546,752.9403076171875,43844800
2026-07-16,750.8953984161742,752.7009125511715,746.0274814662645,748.8604125976562,46409800
2026-07-17,740.241827732839,745.438883195828,738.9649691671198,741.4487915039062,62651000
2026-07-20,745.2094908804986,746.8753371556621,739.6732506975046,740.2518310546875,50422300
2026-07-21,744.4413918284653,747.1845799829406,742.3366329839115,746.426513671875,34324300
2026-07-22,744.7705725456777,748.1621748950539,744.5211918106933,745.55859375,32836200
2026-07-23,737.5385562389782,740.7206569606348,733.3888874570794,736.3515014648438,55437300
2026-07-24,736.6806667930385,741.8777222786117,735.4636571620507,737.099609375,44782000
2026-07-27,743.0648074406847,743.6833276942111,734.0472217265344,737.25927734375,41461200
2026-07-28,737.3589950224286,740.9500533043114,734.156924420905,739.0248413085938,47322200
2026-07-29,738.1370526174048,740.8403618199718,727.2939826612791,727.6531372070312,70697200
2026-07-30,734.2267392747757,740.6109103701467,732.7703947650456,739.852783203125,66811300
2026-07-31,742.835410914187,747.0449895804718,735.8527500027326,745.1796264648438,62445900
2026-08-03,747.5836183167282,756.7009928898597,746.9451890027125,755.793212890625,59927500
2026-08-04,758.7458651152236,771.494176400126,758.6361522059436,769.4193725585938,69154800
2026-08-05,773.928165423025,774.9256883846499,767.6039039413469,767.8831787109375,44689100
2026-08-06,768.3021872511085,769.9081846177485,765.5589990885744,766.65625,38416900
2026-08-07,769.1101628301597,772.0029428489042,767.703621378493,771.3446044921875,43586300
2026-08-10,770.6861849056471,773.1301282404592,769.7086319253093,771.1151733398438,39249500
2026-08-11,772.6115040483734,772.6912620504304,767.2946895097219,768.6513061523438,36740600
2026-08-12,772.7910096110111,772.9805414027246,769.369513273419,770.5764770507812,33179100
2026-08-13,772.9506321027081,777.4394855444215,772.1925048911166,775.9531860351562,35634500
2026-08-14,776.6114939657781,776.8708596736758,773.509212209858,774.4169921875,31367900
2026-08-17,774.2573577843602,774.8559080861019,770.5964655970525,770.7560424804688,34356600
2026-08-18,766.7959149360092,767.5939211307613,765.0202948350139,765.5490112304688,43920900
2026-08-19,768.4517358705159,770.5564946026684,766.1973243479778,767.1549682617188,40306000
2026-08-20,764.0627220124634,766.2472997692572,760.1523881029335,760.7109985351562,45520300
2026-08-21,764.1524418077088,765.9479709365374,762.2770937955632,763.8232421875,39188700
2026-08-24,762.8856098637509,763.3244615010249,760.1922857963137,761.5787963867188,32430900
2026-08-25,764.262137078792,764.8806573052586,761.159855395616,764.0127563476562,27422300
2026-08-26,762.8356805789958,765.449185749943,762.0376744224566,764.182373046875,28751600
2026-08-27,766.5964060257239,770.4468300957561,765.2596984507333,769.18994140625,34557100
2026-08-28,769.8483393622295,773.3795487683207,766.4068729286823,767.4442749023438,36744300
2026-08-31,765.4292990280279,766.097622354185,762.8257178677422,765.1499633789062,38810800
2026-09-01,760.1224772031874,762.7758614763637,757.5987149009983,759.89306640625,41126300
2026-09-02,760.5614001563074,764.5315220914426,759.8431519587122,763.2646484375,29566200
2026-09-03,765.99791709853,772.112737807933,765.5490195828438,771.2548217773438,43531600
2026-09-04,770.0977256925568,770.9555808433835,767.0951717806925,768.2822265625,34054200
2026-09-08,767.1649647963771,767.7934091111229,763.2447069992287,764.0626831054688,44746100
2026-09-09,762.1873669257697,762.5763546117217,759.055130192088,760.5115356445312,32812400
2026-09-10,756.1523365872063,758.2271404471661,754.7657651010062,755.9528198242188,42740400
2026-09-11,762.8257171109622,764.4816392943262,761.7084962835214,762.3967895507812,45512700
2026-09-14,757.119891309806,761.6287143614769,756.0525344863368,758.9952392578125,43992400
2026-09-15,758.2371341657202,758.4665449596201,754.2769973083872,755.513916015625,46195000
2026-09-16,757.6187023523285,759.7833101686804,747.7432005092232,752.1821899414062,59217700
2026-09-17,761.2596848801362,761.6786274833105,758.0775841455181,760.7109985351562,49652800
2026-09-18,761.3099975585938,762.0,757.969970703125,761.6900024414062,65395100
2026-09-21,766.25,774.8900146484375,766.030029296875,773.5,50484700
2026-09-22,774.030029296875,775.1400146484375,772.5700073242188,773.3800048828125,34802300
2026-09-23,772.7899780273438,773.0499877929688,766.5,767.8099975585938,54931700
2026-09-24,764.0700073242188,768.9500122070312,763.25,767.1799926757812,43983700
2026-09-25,768.780029296875,772.280029296875,766.2899780273438,771.3499755859375,36666700
2026-09-28,768.3499755859375,769.5399780273438,763.719970703125,765.6099853515625,42694500
2026-09-29,766.8300170898438,766.97998046875,762.3499755859375,764.2000122070312,36910500
2026-09-30,766.4500122070312,769.4099731445312,762.1799926757812,762.6300048828125,62110000
2026-10-01,764.3599853515625,765.6500244140625,758.7899780273438,763.989990234375,47708100
2026-10-02,770.5800170898438,772.6500244140625,767.1500244140625,769.6400146484375,46306400
